INFO: Header : Author::Felipe Quenan
INFO: Header : Authorization::Unknown
INFO: Header : Description::Unknown
INFO: Header : File Name::Celda.stp
INFO: Header : Implementation Level::2;1
INFO: Header : Organization::Unknown
INFO: Header : Originating System::Autodesk Inventor 2026
INFO: Header : Preprocessor Version::ST-DEVELOPER v20.1
INFO: Header : Schema::AUTOMOTIVE_DESIGN { 1 0 10303 214 3 1 1 }
INFO: Header : Time Stamp::2026-07-08T13:10:31-05:00
INFO: Begin CAD File Read 'D:/Universidad/11vo semestre/APM/Gemelo digital/Modelos descargados/Celda_linea_2_1/Celda_1_2.stp'

INFO:       Summary of STEP Entities
INFO: 
INFO: Entity Type                                                   Count
INFO: -----------                                                   ------
INFO: advanced_brep_shape_representation .......................:   415
INFO: advanced_face ............................................:   50920
INFO: application_context ......................................:   1
INFO: application_protocol_definition ..........................:   1
INFO: applied_date_and_time_assignment .........................:   445
INFO: applied_group_assignment .................................:   9
INFO: axis2_placement_3d .......................................:   102961
INFO: brep_with_voids ..........................................:   9
INFO: b_spline_curve_with_knots ................................:   9874
INFO: b_spline_curve_with_knots_and_rational_b_spline_curve ....:   3327
INFO: b_spline_surface_with_knots ..............................:   750
INFO: b_spline_surface_with_knots_and_rational_b_spline_surface :   2510
INFO: calendar_date ............................................:   445
INFO: cartesian_point ..........................................:   665258
INFO: circle ...................................................:   32852
INFO: closed_shell .............................................:   1686
INFO: colour_rgb ...............................................:   481
INFO: conical_surface ..........................................:   2737
INFO: context_dependent_shape_representation ...................:   544
INFO: conversion_based_unit_and_length_unit ....................:   1
INFO: conversion_based_unit_and_mass_unit ......................:   1
INFO: coordinated_universal_time_offset ........................:   445
INFO: cylindrical_surface ......................................:   21334
INFO: date_and_time ............................................:   445
INFO: date_time_role ...........................................:   445
INFO: derived_unit .............................................:   416
INFO: derived_unit_element .....................................:   832
INFO: descriptive_representation_item ..........................:   416
INFO: dimensional_exponents ....................................:   2
INFO: direction ................................................:   271152
INFO: edge_curve ...............................................:   132693
INFO: edge_loop ................................................:   57595
INFO: ellipse ..................................................:   21459
INFO: face_bound ...............................................:   6675
INFO: face_outer_bound .........................................:   50920
INFO: fill_area_style ..........................................:   481
INFO: fill_area_style_colour ...................................:   481
INFO: geometrically_bounded_wireframe_shape_representation .....:   1
INFO: geometric_curve_set ......................................:   61
INFO: geometric_representation_context_and_global_uncertainty_a :   447
INFO: group ....................................................:   9
INFO: item_defined_transformation ..............................:   544
INFO: length_measure_with_unit .................................:   1
INFO: length_unit_and_si_unit ..................................:   2
INFO: line .....................................................:   65230
INFO: local_time ...............................................:   445
INFO: manifold_solid_brep ......................................:   1651
INFO: mass_measure_with_unit ...................................:   1
INFO: mass_unit_and_si_unit ....................................:   1
INFO: measure_representation_item ..............................:   416
INFO: mechanical_design_geometric_presentation_representation ..:   1
INFO: next_assembly_usage_occurrence ...........................:   544
INFO: open_shell ...............................................:   525
INFO: oriented_closed_shell ....................................:   26
INFO: oriented_edge ............................................:   260367
INFO: plane ....................................................:   20643
INFO: plane_angle_unit_and_si_unit .............................:   1
INFO: polyline .................................................:   28
INFO: presentation_style_assignment ............................:   481
INFO: product ..................................................:   446
INFO: product_context ..........................................:   1
INFO: product_definition .......................................:   446
INFO: product_definition_context ...............................:   1
INFO: product_definition_formation .............................:   446
INFO: product_definition_shape .................................:   990
INFO: product_related_product_category .........................:   446
INFO: property_definition ......................................:   832
INFO: property_definition_representation .......................:   832
INFO: representation ...........................................:   832
INFO: representation_relationship_with_transformation_and_shape :   544
INFO: shape_definition_representation ..........................:   446
INFO: shape_representation .....................................:   446
INFO: shape_representation_relationship ........................:   416
INFO: shell_based_surface_model ................................:   525
INFO: si_unit_and_solid_angle_unit .............................:   1
INFO: spherical_surface ........................................:   758
INFO: styled_item ..............................................:   4891
INFO: surface_side_style .......................................:   481
INFO: surface_style_fill_area ..................................:   481
INFO: surface_style_rendering_with_properties ..................:   478
INFO: surface_style_transparent ................................:   478
INFO: surface_style_usage ......................................:   481
INFO: toroidal_surface .........................................:   2188
INFO: uncertainty_measure_with_unit ............................:   447
INFO: vector ...................................................:   65230
INFO: vertex_point .............................................:   78549
INFO:                                                              -------
INFO: Total                                                         1954555
WARNING: PSF_INVALID_COLORS
WARNING: PSF_INVALID_COLORS
WARNING: PSF_INVALID_COLORS
WARNING: PSF_INVALID_COLORS
WARNING: PSF_INVALID_COLORS
WARNING: PSF_INVALID_COLORS
WARNING: PSF_INVALID_COLORS
WARNING: PSF_INVALID_COLORS
WARNING: PSF_INVALID_COLORS
WARNING: PSF_INVALID_COLORS
WARNING: PSF_INVALID_COLORS
WARNING: PSF_INVALID_COLORS
WARNING: PSF_INVALID_COLORS
WARNING: PSF_INVALID_COLORS
WARNING: PSF_INVALID_COLORS
WARNING: PSF_INVALID_COLORS
WARNING: PSF_INVALID_COLORS
WARNING: PSF_INVALID_COLORS
WARNING: PSF_INVALID_COLORS
WARNING: PSF_INVALID_COLORS
WARNING: PSF_INVALID_COLORS
WARNING: PSF_INVALID_COLORS
WARNING: PSF_INVALID_COLORS
WARNING: PSF_INVALID_COLORS
WARNING: PSF_INVALID_COLORS
WARNING: PSF_INVALID_COLORS
WARNING: PSF_INVALID_COLORS
WARNING: PSF_INVALID_COLORS
STEP to UG
! INFO-     NX STEP AP214 - V2412.7002
! INFO-      
! INFO-     Start of Translation: 12-JUL-2026  12:39:18 AM
! INFO-      
! STATUS-   Converting Part: D:\Universidad\11vo semestre\APM\Gemelo digital\Modelos descargados\Celda_linea_2_1\Celda_1_2.stp
! SUMMARY-   
! SUMMARY-    STEP Header Information
! SUMMARY-   
! SUMMARY-  Description      Unknown
! SUMMARY-  Imp_Level        2;1
! SUMMARY-  File_Name        Celda.stp
! SUMMARY-  Date             2026-07-08T13:10:31-05:00
! SUMMARY-  Author           Felipe Quenan
! SUMMARY-  Organization     Unknown
! SUMMARY-  Pre_Version      ST-DEVELOPER v20.1
! SUMMARY-  Orig_System      Autodesk Inventor 2026
! SUMMARY-  Authorization    Unknown
! SUMMARY-  Schema_ID        automotive_design
! SUMMARY-   
! SUMMARY-    Summary of STEP Entities
! SUMMARY-   
! SUMMARY-  Entity Type                                                   Count
! SUMMARY-  -----------                                                   ------
! SUMMARY-  advanced_face ..............................................:  50920
! SUMMARY-  application_context ........................................:      1
! SUMMARY-  axis2_placement_3d .........................................: 102961
! SUMMARY-  b_spline_curve_with_knots ..................................:   9874
! SUMMARY-  b_spline_curve_with_knots_and_rational_b_spline_curve ......:   3327
! SUMMARY-  b_spline_surface_with_knots ................................:    750
! SUMMARY-  b_spline_surface_with_knots_and_rational_b_spline_surface ..:   2510
! SUMMARY-  brep_with_voids ............................................:      9
! SUMMARY-  cartesian_point ............................................: 665258
! SUMMARY-  circle .....................................................:  32852
! SUMMARY-  closed_shell ...............................................:   1686
! SUMMARY-  conical_surface ............................................:   2737
! SUMMARY-  context_dependent_shape_representation .....................:    544
! SUMMARY-  conversion_based_unit_and_length_unit ......................:      1
! SUMMARY-  cylindrical_surface ........................................:  21334
! SUMMARY-  dimensional_exponents ......................................:      1
! SUMMARY-  direction ..................................................: 271152
! SUMMARY-  edge_curve .................................................: 132693
! SUMMARY-  edge_loop ..................................................:  57595
! SUMMARY-  ellipse ....................................................:  21459
! SUMMARY-  face_bound .................................................:   6675
! SUMMARY-  face_outer_bound ...........................................:  50920
! SUMMARY-  geometric_representation_context_and_global_uncertainty_a ..:    447
! SUMMARY-  item_defined_transformation ................................:    544
! SUMMARY-  length_measure_with_unit ...................................:      1
! SUMMARY-  length_unit_and_si_unit ....................................:      1
! SUMMARY-  line .......................................................:  65230
! SUMMARY-  manifold_solid_brep ........................................:   1651
! SUMMARY-  next_assembly_usage_occurrence .............................:    544
! SUMMARY-  open_shell .................................................:    525
! SUMMARY-  oriented_closed_shell ......................................:     26
! SUMMARY-  oriented_edge ..............................................: 260367
! SUMMARY-  plane ......................................................:  20643
! SUMMARY-  plane_angle_unit_and_si_unit ...............................:      1
! SUMMARY-  polyline ...................................................:     28
! SUMMARY-  product ....................................................:    446
! SUMMARY-  product_context ............................................:      1
! SUMMARY-  product_definition .........................................:    446
! SUMMARY-  product_definition_context .................................:      1
! SUMMARY-  product_definition_formation ...............................:    446
! SUMMARY-  product_definition_shape ...................................:    990
! SUMMARY-  product_related_product_category ...........................:    446
! SUMMARY-  representation_relationship_with_transformation_and_shape ..:    544
! SUMMARY-  shape_representation .......................................:    446
! SUMMARY-  shell_based_surface_model ..................................:    525
! SUMMARY-  si_unit_and_solid_angle_unit ...............................:      1
! SUMMARY-  spherical_surface ..........................................:    758
! SUMMARY-  toroidal_surface ...........................................:   2188
! SUMMARY-  uncertainty_measure_with_unit ..............................:    447
! SUMMARY-  vector .....................................................:  65230
! SUMMARY-  vertex_point ...............................................:  78549
! SUMMARY-                                                               -------
! SUMMARY-  Total                                                        1936731
! STATUS-    
! STATUS-   Converting to Output Form (Phase 2 of 3): 12-JUL-2026 12:39:26 AM
! STATUS-    
! STATUS-    
! STATUS-   Generating UG geometry and placing them in parts
! STATUS-    
! STATUS-   Creating the UG part (Phase 3 of 3): 12-JUL-2026  12:41:54 AM
! INFO-     Filing Part ..: D:\Universidad\11vo semestre\APM\Gemelo digital\Modelos descargados\Celda_linea_2_1\45-2c36_1920_000_e94827
! SUMMARY-   
! SUMMARY-  Summary of Unigraphics Part Entities
! SUMMARY-   
! SUMMARY-  Entities Processed             Count
! SUMMARY-  ------------------             -----
! SUMMARY-  Solid/Sheet .................:     1
! SUMMARY-                                 -----
! SUMMARY-  Total                              1
! STATUS-   Creating the UG part (Phase 3 of 3): 12-JUL-2026  12:41:59 AM
! INFO-     Filing Part ..: D:\Universidad\11vo semestre\APM\Gemelo digital\Modelos descargados\Celda_linea_2_1\3ADR059102M0201_CP620
! SUMMARY-   
! SUMMARY-  Summary of Unigraphics Part Entities
! SUMMARY-   
! SUMMARY-  Entities Processed             Count
! SUMMARY-  ------------------             -----
! SUMMARY-  Solid/Sheet .................:   438
! SUMMARY-                                 -----
! SUMMARY-  Total                            438
! STATUS-   Creating the UG part (Phase 3 of 3): 12-JUL-2026  12:42:04 AM
! INFO-     Filing Part ..: D:\Universidad\11vo semestre\APM\Gemelo digital\Modelos descargados\Celda_linea_2_1\nsys3dc5520_14
! SUMMARY-   
! SUMMARY-  Summary of Unigraphics Part Entities
! SUMMARY-   
! SUMMARY-  Entities Processed             Count
! SUMMARY-  ------------------             -----
! SUMMARY-  Solid/Sheet .................:     1
! SUMMARY-                                 -----
! SUMMARY-  Total                              1
! STATUS-   Creating the UG part (Phase 3 of 3): 12-JUL-2026  12:42:04 AM
! INFO-     Filing Part ..: D:\Universidad\11vo semestre\APM\Gemelo digital\Modelos descargados\Celda_linea_2_1\nsys3dc5520_13
! SUMMARY-   
! SUMMARY-  Summary of Unigraphics Part Entities
! SUMMARY-   
! SUMMARY-  Entities Processed             Count
! SUMMARY-  ------------------             -----
! SUMMARY-  Solid/Sheet .................:     1
! SUMMARY-                                 -----
! SUMMARY-  Total                              1
! STATUS-   Creating the UG part (Phase 3 of 3): 12-JUL-2026  12:42:04 AM
! INFO-     Filing Part ..: D:\Universidad\11vo semestre\APM\Gemelo digital\Modelos descargados\Celda_linea_2_1\nsys3dc5520_12
! SUMMARY-   
! SUMMARY-  Summary of Unigraphics Part Entities
! SUMMARY-   
! SUMMARY-  Entities Processed             Count
! SUMMARY-  ------------------             -----
! SUMMARY-  Solid/Sheet .................:     1
! SUMMARY-                                 -----
! SUMMARY-  Total                              1
! STATUS-   Creating the UG part (Phase 3 of 3): 12-JUL-2026  12:42:04 AM
! INFO-     Filing Part ..: D:\Universidad\11vo semestre\APM\Gemelo digital\Modelos descargados\Celda_linea_2_1\nsys3dc5520_11
! SUMMARY-   
! SUMMARY-  Summary of Unigraphics Part Entities
! SUMMARY-   
! SUMMARY-  Entities Processed             Count
! SUMMARY-  ------------------             -----
! SUMMARY-  Solid/Sheet .................:     1
! SUMMARY-                                 -----
! SUMMARY-  Total                              1
! STATUS-   Creating the UG part (Phase 3 of 3): 12-JUL-2026  12:42:05 AM
! INFO-     Filing Part ..: D:\Universidad\11vo semestre\APM\Gemelo digital\Modelos descargados\Celda_linea_2_1\nsys3dc5520_10
! SUMMARY-   
! SUMMARY-  Summary of Unigraphics Part Entities
! SUMMARY-   
! SUMMARY-  Entities Processed             Count
! SUMMARY-  ------------------             -----
! SUMMARY-  Solid/Sheet .................:     1
! SUMMARY-                                 -----
! SUMMARY-  Total                              1
! STATUS-   Creating the UG part (Phase 3 of 3): 12-JUL-2026  12:42:05 AM
! INFO-     Filing Part ..: D:\Universidad\11vo semestre\APM\Gemelo digital\Modelos descargados\Celda_linea_2_1\nsys3dc5520_09
! SUMMARY-   
! SUMMARY-  Summary of Unigraphics Part Entities
! SUMMARY-   
! SUMMARY-  Entities Processed             Count
! SUMMARY-  ------------------             -----
! SUMMARY-  Solid/Sheet .................:     1
! SUMMARY-                                 -----
! SUMMARY-  Total                              1
! STATUS-   Creating the UG part (Phase 3 of 3): 12-JUL-2026  12:42:05 AM
! INFO-     Filing Part ..: D:\Universidad\11vo semestre\APM\Gemelo digital\Modelos descargados\Celda_linea_2_1\nsys3dc5520_08
! SUMMARY-   
! SUMMARY-  Summary of Unigraphics Part Entities
! SUMMARY-   
! SUMMARY-  Entities Processed             Count
! SUMMARY-  ------------------             -----
! SUMMARY-  Solid/Sheet .................:     1
! SUMMARY-                                 -----
! SUMMARY-  Total                              1
! STATUS-   Creating the UG part (Phase 3 of 3): 12-JUL-2026  12:42:05 AM
! INFO-     Filing Part ..: D:\Universidad\11vo semestre\APM\Gemelo digital\Modelos descargados\Celda_linea_2_1\nsys3dc5520_07
! SUMMARY-   
! SUMMARY-  Summary of Unigraphics Part Entities
! SUMMARY-   
! SUMMARY-  Entities Processed             Count
! SUMMARY-  ------------------             -----
! SUMMARY-  Solid/Sheet .................:     1
! SUMMARY-                                 -----
! SUMMARY-  Total                              1
! STATUS-   Creating the UG part (Phase 3 of 3): 12-JUL-2026  12:42:05 AM
! INFO-     Filing Part ..: D:\Universidad\11vo semestre\APM\Gemelo digital\Modelos descargados\Celda_linea_2_1\nsys3dc5520_06
! SUMMARY-   
! SUMMARY-  Summary of Unigraphics Part Entities
! SUMMARY-   
! SUMMARY-  Entities Processed             Count
! SUMMARY-  ------------------             -----
! SUMMARY-  Solid/Sheet .................:     1
! SUMMARY-                                 -----
! SUMMARY-  Total                              1
! STATUS-   Creating the UG part (Phase 3 of 3): 12-JUL-2026  12:42:05 AM
! INFO-     Filing Part ..: D:\Universidad\11vo semestre\APM\Gemelo digital\Modelos descargados\Celda_linea_2_1\nsys3dc5520_05
! SUMMARY-   
! SUMMARY-  Summary of Unigraphics Part Entities
! SUMMARY-   
! SUMMARY-  Entities Processed             Count
! SUMMARY-  ------------------             -----
! SUMMARY-  Solid/Sheet .................:     1
! SUMMARY-                                 -----
! SUMMARY-  Total                              1
! STATUS-   Creating the UG part (Phase 3 of 3): 12-JUL-2026  12:42:06 AM
! INFO-     Filing Part ..: D:\Universidad\11vo semestre\APM\Gemelo digital\Modelos descargados\Celda_linea_2_1\nsys3dc5520_04
! SUMMARY-   
! SUMMARY-  Summary of Unigraphics Part Entities
! SUMMARY-   
! SUMMARY-  Entities Processed             Count
! SUMMARY-  ------------------             -----
! SUMMARY-  Solid/Sheet .................:     1
! SUMMARY-                                 -----
! SUMMARY-  Total                              1
! STATUS-   Creating the UG part (Phase 3 of 3): 12-JUL-2026  12:42:06 AM
! INFO-     Filing Part ..: D:\Universidad\11vo semestre\APM\Gemelo digital\Modelos descargados\Celda_linea_2_1\nsys3dc5520_03
! SUMMARY-   
! SUMMARY-  Summary of Unigraphics Part Entities
! SUMMARY-   
! SUMMARY-  Entities Processed             Count
! SUMMARY-  ------------------             -----
! SUMMARY-  Solid/Sheet .................:     1
! SUMMARY-                                 -----
! SUMMARY-  Total                              1
! STATUS-   Creating the UG part (Phase 3 of 3): 12-JUL-2026  12:42:06 AM
! INFO-     Filing Part ..: D:\Universidad\11vo semestre\APM\Gemelo digital\Modelos descargados\Celda_linea_2_1\nsys3dc5520_02
! SUMMARY-   
! SUMMARY-  Summary of Unigraphics Part Entities
! SUMMARY-   
! SUMMARY-  Entities Processed             Count
! SUMMARY-  ------------------             -----
! SUMMARY-  Solid/Sheet .................:     1
! SUMMARY-                                 -----
! SUMMARY-  Total                              1
! STATUS-   Creating the UG part (Phase 3 of 3): 12-JUL-2026  12:42:07 AM
! INFO-     Filing Part ..: D:\Universidad\11vo semestre\APM\Gemelo digital\Modelos descargados\Celda_linea_2_1\nsys3dc5520_01
! SUMMARY-   
! SUMMARY-  Summary of Unigraphics Part Entities
! SUMMARY-   
! SUMMARY-  Entities Processed             Count
! SUMMARY-  ------------------             -----
! SUMMARY-  Solid/Sheet .................:     1
! SUMMARY-                                 -----
! SUMMARY-  Total                              1
! STATUS-   Creating the UG part (Phase 3 of 3): 12-JUL-2026  12:42:07 AM
! INFO-     Filing Part ..: D:\Universidad\11vo semestre\APM\Gemelo digital\Modelos descargados\Celda_linea_2_1\Control-Module_IRC5_rev0_1
! SUMMARY-   
! SUMMARY-  Summary of Unigraphics Part Entities
! SUMMARY-   
! SUMMARY-  Entities Processed             Count
! SUMMARY-  ------------------             -----
! SUMMARY-  Solid/Sheet .................:     1
! SUMMARY-                                 -----
! SUMMARY-  Total                              1
! STATUS-   Creating the UG part (Phase 3 of 3): 12-JUL-2026  12:42:09 AM
! INFO-     Filing Part ..: D:\Universidad\11vo semestre\APM\Gemelo digital\Modelos descargados\Celda_linea_2_1\354494_02
! SUMMARY-   
! SUMMARY-  Summary of Unigraphics Part Entities
! SUMMARY-   
! SUMMARY-  Entities Processed             Count
! SUMMARY-  ------------------             -----
! SUMMARY-  Solid/Sheet .................:     1
! SUMMARY-                                 -----
! SUMMARY-  Total                              1
! STATUS-   Creating the UG part (Phase 3 of 3): 12-JUL-2026  12:42:10 AM
! INFO-     Filing Part ..: D:\Universidad\11vo semestre\APM\Gemelo digital\Modelos descargados\Celda_linea_2_1\354494_01
! SUMMARY-   
! SUMMARY-  Summary of Unigraphics Part Entities
! SUMMARY-   
! SUMMARY-  Entities Processed             Count
! SUMMARY-  ------------------             -----
! SUMMARY-  Solid/Sheet .................:     1
! SUMMARY-                                 -----
! SUMMARY-  Total                              1
! STATUS-   Creating the UG part (Phase 3 of 3): 12-JUL-2026  12:42:13 AM
! INFO-     Filing Part ..: D:\Universidad\11vo semestre\APM\Gemelo digital\Modelos descargados\Celda_linea_2_1\TORRE - SB2-3101
! SUMMARY-   
! SUMMARY-  Summary of Unigraphics Part Entities
! SUMMARY-   
! SUMMARY-  Entities Processed             Count
! SUMMARY-  ------------------             -----
! SUMMARY-  Solid/Sheet .................:    12
! SUMMARY-                                 -----
! SUMMARY-  Total                             12
! STATUS-   Creating the UG part (Phase 3 of 3): 12-JUL-2026  12:42:13 AM
! INFO-     Filing Part ..: D:\Universidad\11vo semestre\APM\Gemelo digital\Modelos descargados\Celda_linea_2_1\1L PET Bottle
! SUMMARY-   
! SUMMARY-  Summary of Unigraphics Part Entities
! SUMMARY-   
! SUMMARY-  Entities Processed             Count
! SUMMARY-  ------------------             -----
! SUMMARY-  Solid/Sheet .................:     2
! SUMMARY-                                 -----
! SUMMARY-  Total                              2
! STATUS-   Creating the UG part (Phase 3 of 3): 12-JUL-2026  12:42:17 AM
! INFO-     Filing Part ..: D:\Universidad\11vo semestre\APM\Gemelo digital\Modelos descargados\Celda_linea_2_1\pallet_1200x1000
! SUMMARY-   
! SUMMARY-  Summary of Unigraphics Part Entities
! SUMMARY-   
! SUMMARY-  Entities Processed             Count
! SUMMARY-  ------------------             -----
! SUMMARY-  Solid/Sheet .................:     1
! SUMMARY-                                 -----
! SUMMARY-  Total                              1
! STATUS-   Creating the UG part (Phase 3 of 3): 12-JUL-2026  12:42:18 AM
! INFO-     Filing Part ..: D:\Universidad\11vo semestre\APM\Gemelo digital\Modelos descargados\Celda_linea_2_1\COCACOLA GLASS
! SUMMARY-   
! SUMMARY-  Summary of Unigraphics Part Entities
! SUMMARY-   
! SUMMARY-  Entities Processed             Count
! SUMMARY-  ------------------             -----
! SUMMARY-  Solid/Sheet .................:     3
! SUMMARY-                                 -----
! SUMMARY-  Total                              3
! STATUS-   Creating the UG part (Phase 3 of 3): 12-JUL-2026  12:42:19 AM
! INFO-     Filing Part ..: D:\Universidad\11vo semestre\APM\Gemelo digital\Modelos descargados\Celda_linea_2_1\Canasta 30 Botellas 350ml
! SUMMARY-   
! SUMMARY-  Summary of Unigraphics Part Entities
! SUMMARY-   
! SUMMARY-  Entities Processed             Count
! SUMMARY-  ------------------             -----
! SUMMARY-  Solid/Sheet .................:     1
! SUMMARY-                                 -----
! SUMMARY-  Total                              1
! STATUS-   Creating the UG part (Phase 3 of 3): 12-JUL-2026  12:42:20 AM
! INFO-     Filing Part ..: D:\Universidad\11vo semestre\APM\Gemelo digital\Modelos descargados\Celda_linea_2_1\1330009_66
! SUMMARY-   
! SUMMARY-  Summary of Unigraphics Part Entities
! SUMMARY-   
! SUMMARY-  Entities Processed             Count
! SUMMARY-  ------------------             -----
! SUMMARY-  Solid/Sheet .................:     1
! SUMMARY-                                 -----
! SUMMARY-  Total                              1
! STATUS-   Creating the UG part (Phase 3 of 3): 12-JUL-2026  12:42:20 AM
! INFO-     Filing Part ..: D:\Universidad\11vo semestre\APM\Gemelo digital\Modelos descargados\Celda_linea_2_1\1330009_65
! SUMMARY-   
! SUMMARY-  Summary of Unigraphics Part Entities
! SUMMARY-   
! SUMMARY-  Entities Processed             Count
! SUMMARY-  ------------------             -----
! SUMMARY-  Solid/Sheet .................:     1
! SUMMARY-                                 -----
! SUMMARY-  Total                              1
! STATUS-   Creating the UG part (Phase 3 of 3): 12-JUL-2026  12:42:21 AM
! INFO-     Filing Part ..: D:\Universidad\11vo semestre\APM\Gemelo digital\Modelos descargados\Celda_linea_2_1\1330009_64
! SUMMARY-   
! SUMMARY-  Summary of Unigraphics Part Entities
! SUMMARY-   
! SUMMARY-  Entities Processed             Count
! SUMMARY-  ------------------             -----
! SUMMARY-  Solid/Sheet .................:     1
! SUMMARY-                                 -----
! SUMMARY-  Total                              1
! STATUS-   Creating the UG part (Phase 3 of 3): 12-JUL-2026  12:42:21 AM
! INFO-     Filing Part ..: D:\Universidad\11vo semestre\APM\Gemelo digital\Modelos descargados\Celda_linea_2_1\1330009_63
! SUMMARY-   
! SUMMARY-  Summary of Unigraphics Part Entities
! SUMMARY-   
! SUMMARY-  Entities Processed             Count
! SUMMARY-  ------------------             -----
! SUMMARY-  Solid/Sheet .................:     1
! SUMMARY-                                 -----
! SUMMARY-  Total                              1
! STATUS-   Creating the UG part (Phase 3 of 3): 12-JUL-2026  12:42:21 AM
! INFO-     Filing Part ..: D:\Universidad\11vo semestre\APM\Gemelo digital\Modelos descargados\Celda_linea_2_1\1330009_62
! SUMMARY-   
! SUMMARY-  Summary of Unigraphics Part Entities
! SUMMARY-   
! SUMMARY-  Entities Processed             Count
! SUMMARY-  ------------------             -----
! SUMMARY-  Solid/Sheet .................:     1
! SUMMARY-                                 -----
! SUMMARY-  Total                              1
! STATUS-   Creating the UG part (Phase 3 of 3): 12-JUL-2026  12:42:21 AM
! INFO-     Filing Part ..: D:\Universidad\11vo semestre\APM\Gemelo digital\Modelos descargados\Celda_linea_2_1\1330009_61
! SUMMARY-   
! SUMMARY-  Summary of Unigraphics Part Entities
! SUMMARY-   
! SUMMARY-  Entities Processed             Count
! SUMMARY-  ------------------             -----
! SUMMARY-  Solid/Sheet .................:     1
! SUMMARY-                                 -----
! SUMMARY-  Total                              1
! STATUS-   Creating the UG part (Phase 3 of 3): 12-JUL-2026  12:42:21 AM
! INFO-     Filing Part ..: D:\Universidad\11vo semestre\APM\Gemelo digital\Modelos descargados\Celda_linea_2_1\1330009_60
! SUMMARY-   
! SUMMARY-  Summary of Unigraphics Part Entities
! SUMMARY-   
! SUMMARY-  Entities Processed             Count
! SUMMARY-  ------------------             -----
! SUMMARY-  Solid/Sheet .................:     1
! SUMMARY-                                 -----
! SUMMARY-  Total                              1
! STATUS-   Creating the UG part (Phase 3 of 3): 12-JUL-2026  12:42:21 AM
! INFO-     Filing Part ..: D:\Universidad\11vo semestre\APM\Gemelo digital\Modelos descargados\Celda_linea_2_1\1330009_59
! SUMMARY-   
! SUMMARY-  Summary of Unigraphics Part Entities
! SUMMARY-   
! SUMMARY-  Entities Processed             Count
! SUMMARY-  ------------------             -----
! SUMMARY-  Solid/Sheet .................:     1
! SUMMARY-                                 -----
! SUMMARY-  Total                              1
! STATUS-   Creating the UG part (Phase 3 of 3): 12-JUL-2026  12:42:21 AM
! INFO-     Filing Part ..: D:\Universidad\11vo semestre\APM\Gemelo digital\Modelos descargados\Celda_linea_2_1\1330009_50
! SUMMARY-   
! SUMMARY-  Summary of Unigraphics Part Entities
! SUMMARY-   
! SUMMARY-  Entities Processed             Count
! SUMMARY-  ------------------             -----
! SUMMARY-  Solid/Sheet .................:     1
! SUMMARY-                                 -----
! SUMMARY-  Total                              1
! STATUS-   Creating the UG part (Phase 3 of 3): 12-JUL-2026  12:42:21 AM
! INFO-     Filing Part ..: D:\Universidad\11vo semestre\APM\Gemelo digital\Modelos descargados\Celda_linea_2_1\1330009_49
! SUMMARY-   
! SUMMARY-  Summary of Unigraphics Part Entities
! SUMMARY-   
! SUMMARY-  Entities Processed             Count
! SUMMARY-  ------------------             -----
! SUMMARY-  Solid/Sheet .................:     1
! SUMMARY-                                 -----
! SUMMARY-  Total                              1
! STATUS-   Creating the UG part (Phase 3 of 3): 12-JUL-2026  12:42:21 AM
! INFO-     Filing Part ..: D:\Universidad\11vo semestre\APM\Gemelo digital\Modelos descargados\Celda_linea_2_1\1330009_48
! SUMMARY-   
! SUMMARY-  Summary of Unigraphics Part Entities
! SUMMARY-   
! SUMMARY-  Entities Processed             Count
! SUMMARY-  ------------------             -----
! SUMMARY-  Solid/Sheet .................:     1
! SUMMARY-                                 -----
! SUMMARY-  Total                              1
! STATUS-   Creating the UG part (Phase 3 of 3): 12-JUL-2026  12:42:22 AM
! INFO-     Filing Part ..: D:\Universidad\11vo semestre\APM\Gemelo digital\Modelos descargados\Celda_linea_2_1\1330009_47
! SUMMARY-   
! SUMMARY-  Summary of Unigraphics Part Entities
! SUMMARY-   
! SUMMARY-  Entities Processed             Count
! SUMMARY-  ------------------             -----
! SUMMARY-  Solid/Sheet .................:     1
! SUMMARY-                                 -----
! SUMMARY-  Total                              1
! STATUS-   Creating the UG part (Phase 3 of 3): 12-JUL-2026  12:42:22 AM
! INFO-     Filing Part ..: D:\Universidad\11vo semestre\APM\Gemelo digital\Modelos descargados\Celda_linea_2_1\1330009_46
! SUMMARY-   
! SUMMARY-  Summary of Unigraphics Part Entities
! SUMMARY-   
! SUMMARY-  Entities Processed             Count
! SUMMARY-  ------------------             -----
! SUMMARY-  Solid/Sheet .................:     1
! SUMMARY-                                 -----
! SUMMARY-  Total                              1
! STATUS-   Creating the UG part (Phase 3 of 3): 12-JUL-2026  12:42:22 AM
! INFO-     Filing Part ..: D:\Universidad\11vo semestre\APM\Gemelo digital\Modelos descargados\Celda_linea_2_1\1330009_45
! SUMMARY-   
! SUMMARY-  Summary of Unigraphics Part Entities
! SUMMARY-   
! SUMMARY-  Entities Processed             Count
! SUMMARY-  ------------------             -----
! SUMMARY-  Solid/Sheet .................:     1
! SUMMARY-                                 -----
! SUMMARY-  Total                              1
! STATUS-   Creating the UG part (Phase 3 of 3): 12-JUL-2026  12:42:22 AM
! INFO-     Filing Part ..: D:\Universidad\11vo semestre\APM\Gemelo digital\Modelos descargados\Celda_linea_2_1\1330009_44
! SUMMARY-   
! SUMMARY-  Summary of Unigraphics Part Entities
! SUMMARY-   
! SUMMARY-  Entities Processed             Count
! SUMMARY-  ------------------             -----
! SUMMARY-  Solid/Sheet .................:     1
! SUMMARY-                                 -----
! SUMMARY-  Total                              1
! STATUS-   Creating the UG part (Phase 3 of 3): 12-JUL-2026  12:42:22 AM
! INFO-     Filing Part ..: D:\Universidad\11vo semestre\APM\Gemelo digital\Modelos descargados\Celda_linea_2_1\1330009_43
! SUMMARY-   
! SUMMARY-  Summary of Unigraphics Part Entities
! SUMMARY-   
! SUMMARY-  Entities Processed             Count
! SUMMARY-  ------------------             -----
! SUMMARY-  Solid/Sheet .................:     1
! SUMMARY-                                 -----
! SUMMARY-  Total                              1
! STATUS-   Creating the UG part (Phase 3 of 3): 12-JUL-2026  12:42:22 AM
! INFO-     Filing Part ..: D:\Universidad\11vo semestre\APM\Gemelo digital\Modelos descargados\Celda_linea_2_1\1330009_34
! SUMMARY-   
! SUMMARY-  Summary of Unigraphics Part Entities
! SUMMARY-   
! SUMMARY-  Entities Processed             Count
! SUMMARY-  ------------------             -----
! SUMMARY-  Solid/Sheet .................:     1
! SUMMARY-                                 -----
! SUMMARY-  Total                              1
! STATUS-   Creating the UG part (Phase 3 of 3): 12-JUL-2026  12:42:22 AM
! INFO-     Filing Part ..: D:\Universidad\11vo semestre\APM\Gemelo digital\Modelos descargados\Celda_linea_2_1\1330009_33
! SUMMARY-   
! SUMMARY-  Summary of Unigraphics Part Entities
! SUMMARY-   
! SUMMARY-  Entities Processed             Count
! SUMMARY-  ------------------             -----
! SUMMARY-  Solid/Sheet .................:     1
! SUMMARY-                                 -----
! SUMMARY-  Total                              1
! STATUS-   Creating the UG part (Phase 3 of 3): 12-JUL-2026  12:42:22 AM
! INFO-     Filing Part ..: D:\Universidad\11vo semestre\APM\Gemelo digital\Modelos descargados\Celda_linea_2_1\1330009_32
! SUMMARY-   
! SUMMARY-  Summary of Unigraphics Part Entities
! SUMMARY-   
! SUMMARY-  Entities Processed             Count
! SUMMARY-  ------------------             -----
! SUMMARY-  Solid/Sheet .................:     1
! SUMMARY-                                 -----
! SUMMARY-  Total                              1
! STATUS-   Creating the UG part (Phase 3 of 3): 12-JUL-2026  12:42:22 AM
! INFO-     Filing Part ..: D:\Universidad\11vo semestre\APM\Gemelo digital\Modelos descargados\Celda_linea_2_1\1330009_31
! SUMMARY-   
! SUMMARY-  Summary of Unigraphics Part Entities
! SUMMARY-   
! SUMMARY-  Entities Processed             Count
! SUMMARY-  ------------------             -----
! SUMMARY-  Solid/Sheet .................:     1
! SUMMARY-                                 -----
! SUMMARY-  Total                              1
! STATUS-   Creating the UG part (Phase 3 of 3): 12-JUL-2026  12:42:22 AM
! INFO-     Filing Part ..: D:\Universidad\11vo semestre\APM\Gemelo digital\Modelos descargados\Celda_linea_2_1\1330009_30
! SUMMARY-   
! SUMMARY-  Summary of Unigraphics Part Entities
! SUMMARY-   
! SUMMARY-  Entities Processed             Count
! SUMMARY-  ------------------             -----
! SUMMARY-  Solid/Sheet .................:     1
! SUMMARY-                                 -----
! SUMMARY-  Total                              1
! STATUS-   Creating the UG part (Phase 3 of 3): 12-JUL-2026  12:42:23 AM
! INFO-     Filing Part ..: D:\Universidad\11vo semestre\APM\Gemelo digital\Modelos descargados\Celda_linea_2_1\1330009_29
! SUMMARY-   
! SUMMARY-  Summary of Unigraphics Part Entities
! SUMMARY-   
! SUMMARY-  Entities Processed             Count
! SUMMARY-  ------------------             -----
! SUMMARY-  Solid/Sheet .................:     1
! SUMMARY-                                 -----
! SUMMARY-  Total                              1
! STATUS-   Creating the UG part (Phase 3 of 3): 12-JUL-2026  12:42:23 AM
! INFO-     Filing Part ..: D:\Universidad\11vo semestre\APM\Gemelo digital\Modelos descargados\Celda_linea_2_1\1330009_28
! SUMMARY-   
! SUMMARY-  Summary of Unigraphics Part Entities
! SUMMARY-   
! SUMMARY-  Entities Processed             Count
! SUMMARY-  ------------------             -----
! SUMMARY-  Solid/Sheet .................:     1
! SUMMARY-                                 -----
! SUMMARY-  Total                              1
! STATUS-   Creating the UG part (Phase 3 of 3): 12-JUL-2026  12:42:23 AM
! INFO-     Filing Part ..: D:\Universidad\11vo semestre\APM\Gemelo digital\Modelos descargados\Celda_linea_2_1\1330009_27
! SUMMARY-   
! SUMMARY-  Summary of Unigraphics Part Entities
! SUMMARY-   
! SUMMARY-  Entities Processed             Count
! SUMMARY-  ------------------             -----
! SUMMARY-  Solid/Sheet .................:     1
! SUMMARY-                                 -----
! SUMMARY-  Total                              1
! STATUS-   Creating the UG part (Phase 3 of 3): 12-JUL-2026  12:42:23 AM
! INFO-     Filing Part ..: D:\Universidad\11vo semestre\APM\Gemelo digital\Modelos descargados\Celda_linea_2_1\1330009_18
! SUMMARY-   
! SUMMARY-  Summary of Unigraphics Part Entities
! SUMMARY-   
! SUMMARY-  Entities Processed             Count
! SUMMARY-  ------------------             -----
! SUMMARY-  Solid/Sheet .................:     1
! SUMMARY-                                 -----
! SUMMARY-  Total                              1
! STATUS-   Creating the UG part (Phase 3 of 3): 12-JUL-2026  12:42:23 AM
! INFO-     Filing Part ..: D:\Universidad\11vo semestre\APM\Gemelo digital\Modelos descargados\Celda_linea_2_1\1330009_17
! SUMMARY-   
! SUMMARY-  Summary of Unigraphics Part Entities
! SUMMARY-   
! SUMMARY-  Entities Processed             Count
! SUMMARY-  ------------------             -----
! SUMMARY-  Solid/Sheet .................:     1
! SUMMARY-                                 -----
! SUMMARY-  Total                              1
! STATUS-   Creating the UG part (Phase 3 of 3): 12-JUL-2026  12:42:23 AM
! INFO-     Filing Part ..: D:\Universidad\11vo semestre\APM\Gemelo digital\Modelos descargados\Celda_linea_2_1\1330009_16
! SUMMARY-   
! SUMMARY-  Summary of Unigraphics Part Entities
! SUMMARY-   
! SUMMARY-  Entities Processed             Count
! SUMMARY-  ------------------             -----
! SUMMARY-  Solid/Sheet .................:     1
! SUMMARY-                                 -----
! SUMMARY-  Total                              1
! STATUS-   Creating the UG part (Phase 3 of 3): 12-JUL-2026  12:42:23 AM
! INFO-     Filing Part ..: D:\Universidad\11vo semestre\APM\Gemelo digital\Modelos descargados\Celda_linea_2_1\1330009_15
! SUMMARY-   
! SUMMARY-  Summary of Unigraphics Part Entities
! SUMMARY-   
! SUMMARY-  Entities Processed             Count
! SUMMARY-  ------------------             -----
! SUMMARY-  Solid/Sheet .................:     1
! SUMMARY-                                 -----
! SUMMARY-  Total                              1
! STATUS-   Creating the UG part (Phase 3 of 3): 12-JUL-2026  12:42:23 AM
! INFO-     Filing Part ..: D:\Universidad\11vo semestre\APM\Gemelo digital\Modelos descargados\Celda_linea_2_1\1330009_14
! SUMMARY-   
! SUMMARY-  Summary of Unigraphics Part Entities
! SUMMARY-   
! SUMMARY-  Entities Processed             Count
! SUMMARY-  ------------------             -----
! SUMMARY-  Solid/Sheet .................:     1
! SUMMARY-                                 -----
! SUMMARY-  Total                              1
! STATUS-   Creating the UG part (Phase 3 of 3): 12-JUL-2026  12:42:23 AM
! INFO-     Filing Part ..: D:\Universidad\11vo semestre\APM\Gemelo digital\Modelos descargados\Celda_linea_2_1\1330009_13
! SUMMARY-   
! SUMMARY-  Summary of Unigraphics Part Entities
! SUMMARY-   
! SUMMARY-  Entities Processed             Count
! SUMMARY-  ------------------             -----
! SUMMARY-  Solid/Sheet .................:     1
! SUMMARY-                                 -----
! SUMMARY-  Total                              1
! STATUS-   Creating the UG part (Phase 3 of 3): 12-JUL-2026  12:42:23 AM
! INFO-     Filing Part ..: D:\Universidad\11vo semestre\APM\Gemelo digital\Modelos descargados\Celda_linea_2_1\1330009_12
! SUMMARY-   
! SUMMARY-  Summary of Unigraphics Part Entities
! SUMMARY-   
! SUMMARY-  Entities Processed             Count
! SUMMARY-  ------------------             -----
! SUMMARY-  Solid/Sheet .................:     1
! SUMMARY-                                 -----
! SUMMARY-  Total                              1
! STATUS-   Creating the UG part (Phase 3 of 3): 12-JUL-2026  12:42:23 AM
! INFO-     Filing Part ..: D:\Universidad\11vo semestre\APM\Gemelo digital\Modelos descargados\Celda_linea_2_1\1330009_11
! SUMMARY-   
! SUMMARY-  Summary of Unigraphics Part Entities
! SUMMARY-   
! SUMMARY-  Entities Processed             Count
! SUMMARY-  ------------------             -----
! SUMMARY-  Solid/Sheet .................:     1
! SUMMARY-                                 -----
! SUMMARY-  Total                              1
! STATUS-   Creating the UG part (Phase 3 of 3): 12-JUL-2026  12:42:24 AM
! INFO-     Filing Part ..: D:\Universidad\11vo semestre\APM\Gemelo digital\Modelos descargados\Celda_linea_2_1\1330009_10
! SUMMARY-   
! SUMMARY-  Summary of Unigraphics Part Entities
! SUMMARY-   
! SUMMARY-  Entities Processed             Count
! SUMMARY-  ------------------             -----
! SUMMARY-  Solid/Sheet .................:     1
! SUMMARY-                                 -----
! SUMMARY-  Total                              1
! STATUS-   Creating the UG part (Phase 3 of 3): 12-JUL-2026  12:42:24 AM
! INFO-     Filing Part ..: D:\Universidad\11vo semestre\APM\Gemelo digital\Modelos descargados\Celda_linea_2_1\1330009_58
! SUMMARY-   
! SUMMARY-  Summary of Unigraphics Part Entities
! SUMMARY-   
! SUMMARY-  Entities Processed             Count
! SUMMARY-  ------------------             -----
! SUMMARY-  Solid/Sheet .................:     1
! SUMMARY-                                 -----
! SUMMARY-  Total                              1
! STATUS-   Creating the UG part (Phase 3 of 3): 12-JUL-2026  12:42:24 AM
! INFO-     Filing Part ..: D:\Universidad\11vo semestre\APM\Gemelo digital\Modelos descargados\Celda_linea_2_1\1330009_57
! SUMMARY-   
! SUMMARY-  Summary of Unigraphics Part Entities
! SUMMARY-   
! SUMMARY-  Entities Processed             Count
! SUMMARY-  ------------------             -----
! SUMMARY-  Solid/Sheet .................:     1
! SUMMARY-                                 -----
! SUMMARY-  Total                              1
! STATUS-   Creating the UG part (Phase 3 of 3): 12-JUL-2026  12:42:24 AM
! INFO-     Filing Part ..: D:\Universidad\11vo semestre\APM\Gemelo digital\Modelos descargados\Celda_linea_2_1\1330009_56
! SUMMARY-   
! SUMMARY-  Summary of Unigraphics Part Entities
! SUMMARY-   
! SUMMARY-  Entities Processed             Count
! SUMMARY-  ------------------             -----
! SUMMARY-  Solid/Sheet .................:     1
! SUMMARY-                                 -----
! SUMMARY-  Total                              1
! STATUS-   Creating the UG part (Phase 3 of 3): 12-JUL-2026  12:42:24 AM
! INFO-     Filing Part ..: D:\Universidad\11vo semestre\APM\Gemelo digital\Modelos descargados\Celda_linea_2_1\1330009_55
! SUMMARY-   
! SUMMARY-  Summary of Unigraphics Part Entities
! SUMMARY-   
! SUMMARY-  Entities Processed             Count
! SUMMARY-  ------------------             -----
! SUMMARY-  Solid/Sheet .................:     1
! SUMMARY-                                 -----
! SUMMARY-  Total                              1
! STATUS-   Creating the UG part (Phase 3 of 3): 12-JUL-2026  12:42:24 AM
! INFO-     Filing Part ..: D:\Universidad\11vo semestre\APM\Gemelo digital\Modelos descargados\Celda_linea_2_1\1330009_54
! SUMMARY-   
! SUMMARY-  Summary of Unigraphics Part Entities
! SUMMARY-   
! SUMMARY-  Entities Processed             Count
! SUMMARY-  ------------------             -----
! SUMMARY-  Solid/Sheet .................:     1
! SUMMARY-                                 -----
! SUMMARY-  Total                              1
! STATUS-   Creating the UG part (Phase 3 of 3): 12-JUL-2026  12:42:24 AM
! INFO-     Filing Part ..: D:\Universidad\11vo semestre\APM\Gemelo digital\Modelos descargados\Celda_linea_2_1\1330009_53
! SUMMARY-   
! SUMMARY-  Summary of Unigraphics Part Entities
! SUMMARY-   
! SUMMARY-  Entities Processed             Count
! SUMMARY-  ------------------             -----
! SUMMARY-  Solid/Sheet .................:     1
! SUMMARY-                                 -----
! SUMMARY-  Total                              1
! STATUS-   Creating the UG part (Phase 3 of 3): 12-JUL-2026  12:42:24 AM
! INFO-     Filing Part ..: D:\Universidad\11vo semestre\APM\Gemelo digital\Modelos descargados\Celda_linea_2_1\1330009_52
! SUMMARY-   
! SUMMARY-  Summary of Unigraphics Part Entities
! SUMMARY-   
! SUMMARY-  Entities Processed             Count
! SUMMARY-  ------------------             -----
! SUMMARY-  Solid/Sheet .................:     1
! SUMMARY-                                 -----
! SUMMARY-  Total                              1
! STATUS-   Creating the UG part (Phase 3 of 3): 12-JUL-2026  12:42:24 AM
! INFO-     Filing Part ..: D:\Universidad\11vo semestre\APM\Gemelo digital\Modelos descargados\Celda_linea_2_1\1330009_51
! SUMMARY-   
! SUMMARY-  Summary of Unigraphics Part Entities
! SUMMARY-   
! SUMMARY-  Entities Processed             Count
! SUMMARY-  ------------------             -----
! SUMMARY-  Solid/Sheet .................:     1
! SUMMARY-                                 -----
! SUMMARY-  Total                              1
! STATUS-   Creating the UG part (Phase 3 of 3): 12-JUL-2026  12:42:24 AM
! INFO-     Filing Part ..: D:\Universidad\11vo semestre\APM\Gemelo digital\Modelos descargados\Celda_linea_2_1\1330009_42
! SUMMARY-   
! SUMMARY-  Summary of Unigraphics Part Entities
! SUMMARY-   
! SUMMARY-  Entities Processed             Count
! SUMMARY-  ------------------             -----
! SUMMARY-  Solid/Sheet .................:     1
! SUMMARY-                                 -----
! SUMMARY-  Total                              1
! STATUS-   Creating the UG part (Phase 3 of 3): 12-JUL-2026  12:42:25 AM
! INFO-     Filing Part ..: D:\Universidad\11vo semestre\APM\Gemelo digital\Modelos descargados\Celda_linea_2_1\1330009_41
! SUMMARY-   
! SUMMARY-  Summary of Unigraphics Part Entities
! SUMMARY-   
! SUMMARY-  Entities Processed             Count
! SUMMARY-  ------------------             -----
! SUMMARY-  Solid/Sheet .................:     1
! SUMMARY-                                 -----
! SUMMARY-  Total                              1
! STATUS-   Creating the UG part (Phase 3 of 3): 12-JUL-2026  12:42:25 AM
! INFO-     Filing Part ..: D:\Universidad\11vo semestre\APM\Gemelo digital\Modelos descargados\Celda_linea_2_1\1330009_40
! SUMMARY-   
! SUMMARY-  Summary of Unigraphics Part Entities
! SUMMARY-   
! SUMMARY-  Entities Processed             Count
! SUMMARY-  ------------------             -----
! SUMMARY-  Solid/Sheet .................:     1
! SUMMARY-                                 -----
! SUMMARY-  Total                              1
! STATUS-   Creating the UG part (Phase 3 of 3): 12-JUL-2026  12:42:25 AM
! INFO-     Filing Part ..: D:\Universidad\11vo semestre\APM\Gemelo digital\Modelos descargados\Celda_linea_2_1\1330009_39
! SUMMARY-   
! SUMMARY-  Summary of Unigraphics Part Entities
! SUMMARY-   
! SUMMARY-  Entities Processed             Count
! SUMMARY-  ------------------             -----
! SUMMARY-  Solid/Sheet .................:     1
! SUMMARY-                                 -----
! SUMMARY-  Total                              1
! STATUS-   Creating the UG part (Phase 3 of 3): 12-JUL-2026  12:42:25 AM
! INFO-     Filing Part ..: D:\Universidad\11vo semestre\APM\Gemelo digital\Modelos descargados\Celda_linea_2_1\1330009_38
! SUMMARY-   
! SUMMARY-  Summary of Unigraphics Part Entities
! SUMMARY-   
! SUMMARY-  Entities Processed             Count
! SUMMARY-  ------------------             -----
! SUMMARY-  Solid/Sheet .................:     1
! SUMMARY-                                 -----
! SUMMARY-  Total                              1
! STATUS-   Creating the UG part (Phase 3 of 3): 12-JUL-2026  12:42:25 AM
! INFO-     Filing Part ..: D:\Universidad\11vo semestre\APM\Gemelo digital\Modelos descargados\Celda_linea_2_1\1330009_37
! SUMMARY-   
! SUMMARY-  Summary of Unigraphics Part Entities
! SUMMARY-   
! SUMMARY-  Entities Processed             Count
! SUMMARY-  ------------------             -----
! SUMMARY-  Solid/Sheet .................:     1
! SUMMARY-                                 -----
! SUMMARY-  Total                              1
! STATUS-   Creating the UG part (Phase 3 of 3): 12-JUL-2026  12:42:25 AM
! INFO-     Filing Part ..: D:\Universidad\11vo semestre\APM\Gemelo digital\Modelos descargados\Celda_linea_2_1\1330009_36
! SUMMARY-   
! SUMMARY-  Summary of Unigraphics Part Entities
! SUMMARY-   
! SUMMARY-  Entities Processed             Count
! SUMMARY-  ------------------             -----
! SUMMARY-  Solid/Sheet .................:     1
! SUMMARY-                                 -----
! SUMMARY-  Total                              1
! STATUS-   Creating the UG part (Phase 3 of 3): 12-JUL-2026  12:42:25 AM
! INFO-     Filing Part ..: D:\Universidad\11vo semestre\APM\Gemelo digital\Modelos descargados\Celda_linea_2_1\1330009_35
! SUMMARY-   
! SUMMARY-  Summary of Unigraphics Part Entities
! SUMMARY-   
! SUMMARY-  Entities Processed             Count
! SUMMARY-  ------------------             -----
! SUMMARY-  Solid/Sheet .................:     1
! SUMMARY-                                 -----
! SUMMARY-  Total                              1
! STATUS-   Creating the UG part (Phase 3 of 3): 12-JUL-2026  12:42:25 AM
! INFO-     Filing Part ..: D:\Universidad\11vo semestre\APM\Gemelo digital\Modelos descargados\Celda_linea_2_1\1330009_26
! SUMMARY-   
! SUMMARY-  Summary of Unigraphics Part Entities
! SUMMARY-   
! SUMMARY-  Entities Processed             Count
! SUMMARY-  ------------------             -----
! SUMMARY-  Solid/Sheet .................:     1
! SUMMARY-                                 -----
! SUMMARY-  Total                              1
! STATUS-   Creating the UG part (Phase 3 of 3): 12-JUL-2026  12:42:25 AM
! INFO-     Filing Part ..: D:\Universidad\11vo semestre\APM\Gemelo digital\Modelos descargados\Celda_linea_2_1\1330009_25
! SUMMARY-   
! SUMMARY-  Summary of Unigraphics Part Entities
! SUMMARY-   
! SUMMARY-  Entities Processed             Count
! SUMMARY-  ------------------             -----
! SUMMARY-  Solid/Sheet .................:     1
! SUMMARY-                                 -----
! SUMMARY-  Total                              1
! STATUS-   Creating the UG part (Phase 3 of 3): 12-JUL-2026  12:42:25 AM
! INFO-     Filing Part ..: D:\Universidad\11vo semestre\APM\Gemelo digital\Modelos descargados\Celda_linea_2_1\1330009_24
! SUMMARY-   
! SUMMARY-  Summary of Unigraphics Part Entities
! SUMMARY-   
! SUMMARY-  Entities Processed             Count
! SUMMARY-  ------------------             -----
! SUMMARY-  Solid/Sheet .................:     1
! SUMMARY-                                 -----
! SUMMARY-  Total                              1
! STATUS-   Creating the UG part (Phase 3 of 3): 12-JUL-2026  12:42:26 AM
! INFO-     Filing Part ..: D:\Universidad\11vo semestre\APM\Gemelo digital\Modelos descargados\Celda_linea_2_1\1330009_23
! SUMMARY-   
! SUMMARY-  Summary of Unigraphics Part Entities
! SUMMARY-   
! SUMMARY-  Entities Processed             Count
! SUMMARY-  ------------------             -----
! SUMMARY-  Solid/Sheet .................:     1
! SUMMARY-                                 -----
! SUMMARY-  Total                              1
! STATUS-   Creating the UG part (Phase 3 of 3): 12-JUL-2026  12:42:26 AM
! INFO-     Filing Part ..: D:\Universidad\11vo semestre\APM\Gemelo digital\Modelos descargados\Celda_linea_2_1\1330009_22
! SUMMARY-   
! SUMMARY-  Summary of Unigraphics Part Entities
! SUMMARY-   
! SUMMARY-  Entities Processed             Count
! SUMMARY-  ------------------             -----
! SUMMARY-  Solid/Sheet .................:     1
! SUMMARY-                                 -----
! SUMMARY-  Total                              1
! STATUS-   Creating the UG part (Phase 3 of 3): 12-JUL-2026  12:42:26 AM
! INFO-     Filing Part ..: D:\Universidad\11vo semestre\APM\Gemelo digital\Modelos descargados\Celda_linea_2_1\1330009_21
! SUMMARY-   
! SUMMARY-  Summary of Unigraphics Part Entities
! SUMMARY-   
! SUMMARY-  Entities Processed             Count
! SUMMARY-  ------------------             -----
! SUMMARY-  Solid/Sheet .................:     1
! SUMMARY-                                 -----
! SUMMARY-  Total                              1
! STATUS-   Creating the UG part (Phase 3 of 3): 12-JUL-2026  12:42:26 AM
! INFO-     Filing Part ..: D:\Universidad\11vo semestre\APM\Gemelo digital\Modelos descargados\Celda_linea_2_1\1330009_20
! SUMMARY-   
! SUMMARY-  Summary of Unigraphics Part Entities
! SUMMARY-   
! SUMMARY-  Entities Processed             Count
! SUMMARY-  ------------------             -----
! SUMMARY-  Solid/Sheet .................:     1
! SUMMARY-                                 -----
! SUMMARY-  Total                              1
! STATUS-   Creating the UG part (Phase 3 of 3): 12-JUL-2026  12:42:26 AM
! INFO-     Filing Part ..: D:\Universidad\11vo semestre\APM\Gemelo digital\Modelos descargados\Celda_linea_2_1\1330009_19
! SUMMARY-   
! SUMMARY-  Summary of Unigraphics Part Entities
! SUMMARY-   
! SUMMARY-  Entities Processed             Count
! SUMMARY-  ------------------             -----
! SUMMARY-  Solid/Sheet .................:     1
! SUMMARY-                                 -----
! SUMMARY-  Total                              1
! STATUS-   Creating the UG part (Phase 3 of 3): 12-JUL-2026  12:42:26 AM
! INFO-     Filing Part ..: D:\Universidad\11vo semestre\APM\Gemelo digital\Modelos descargados\Celda_linea_2_1\1330009_09
! SUMMARY-   
! SUMMARY-  Summary of Unigraphics Part Entities
! SUMMARY-   
! SUMMARY-  Entities Processed             Count
! SUMMARY-  ------------------             -----
! SUMMARY-  Solid/Sheet .................:     1
! SUMMARY-                                 -----
! SUMMARY-  Total                              1
! STATUS-   Creating the UG part (Phase 3 of 3): 12-JUL-2026  12:42:26 AM
! INFO-     Filing Part ..: D:\Universidad\11vo semestre\APM\Gemelo digital\Modelos descargados\Celda_linea_2_1\1330009_08
! SUMMARY-   
! SUMMARY-  Summary of Unigraphics Part Entities
! SUMMARY-   
! SUMMARY-  Entities Processed             Count
! SUMMARY-  ------------------             -----
! SUMMARY-  Solid/Sheet .................:     1
! SUMMARY-                                 -----
! SUMMARY-  Total                              1
! STATUS-   Creating the UG part (Phase 3 of 3): 12-JUL-2026  12:42:26 AM
! INFO-     Filing Part ..: D:\Universidad\11vo semestre\APM\Gemelo digital\Modelos descargados\Celda_linea_2_1\1330009_07
! SUMMARY-   
! SUMMARY-  Summary of Unigraphics Part Entities
! SUMMARY-   
! SUMMARY-  Entities Processed             Count
! SUMMARY-  ------------------             -----
! SUMMARY-  Solid/Sheet .................:     1
! SUMMARY-                                 -----
! SUMMARY-  Total                              1
! STATUS-   Creating the UG part (Phase 3 of 3): 12-JUL-2026  12:42:26 AM
! INFO-     Filing Part ..: D:\Universidad\11vo semestre\APM\Gemelo digital\Modelos descargados\Celda_linea_2_1\1330009_06
! SUMMARY-   
! SUMMARY-  Summary of Unigraphics Part Entities
! SUMMARY-   
! SUMMARY-  Entities Processed             Count
! SUMMARY-  ------------------             -----
! SUMMARY-  Solid/Sheet .................:     1
! SUMMARY-                                 -----
! SUMMARY-  Total                              1
! STATUS-   Creating the UG part (Phase 3 of 3): 12-JUL-2026  12:42:26 AM
! INFO-     Filing Part ..: D:\Universidad\11vo semestre\APM\Gemelo digital\Modelos descargados\Celda_linea_2_1\1330009_05
! SUMMARY-   
! SUMMARY-  Summary of Unigraphics Part Entities
! SUMMARY-   
! SUMMARY-  Entities Processed             Count
! SUMMARY-  ------------------             -----
! SUMMARY-  Solid/Sheet .................:     1
! SUMMARY-                                 -----
! SUMMARY-  Total                              1
! STATUS-   Creating the UG part (Phase 3 of 3): 12-JUL-2026  12:42:26 AM
! INFO-     Filing Part ..: D:\Universidad\11vo semestre\APM\Gemelo digital\Modelos descargados\Celda_linea_2_1\1330009_04
! SUMMARY-   
! SUMMARY-  Summary of Unigraphics Part Entities
! SUMMARY-   
! SUMMARY-  Entities Processed             Count
! SUMMARY-  ------------------             -----
! SUMMARY-  Solid/Sheet .................:     1
! SUMMARY-                                 -----
! SUMMARY-  Total                              1
! STATUS-   Creating the UG part (Phase 3 of 3): 12-JUL-2026  12:42:27 AM
! INFO-     Filing Part ..: D:\Universidad\11vo semestre\APM\Gemelo digital\Modelos descargados\Celda_linea_2_1\1330009_03
! SUMMARY-   
! SUMMARY-  Summary of Unigraphics Part Entities
! SUMMARY-   
! SUMMARY-  Entities Processed             Count
! SUMMARY-  ------------------             -----
! SUMMARY-  Solid/Sheet .................:     1
! SUMMARY-                                 -----
! SUMMARY-  Total                              1
! STATUS-   Creating the UG part (Phase 3 of 3): 12-JUL-2026  12:42:27 AM
! INFO-     Filing Part ..: D:\Universidad\11vo semestre\APM\Gemelo digital\Modelos descargados\Celda_linea_2_1\1330009_02
! SUMMARY-   
! SUMMARY-  Summary of Unigraphics Part Entities
! SUMMARY-   
! SUMMARY-  Entities Processed             Count
! SUMMARY-  ------------------             -----
! SUMMARY-  Solid/Sheet .................:     1
! SUMMARY-                                 -----
! SUMMARY-  Total                              1
! STATUS-   Creating the UG part (Phase 3 of 3): 12-JUL-2026  12:42:27 AM
! INFO-     Filing Part ..: D:\Universidad\11vo semestre\APM\Gemelo digital\Modelos descargados\Celda_linea_2_1\1330009_01
! SUMMARY-   
! SUMMARY-  Summary of Unigraphics Part Entities
! SUMMARY-   
! SUMMARY-  Entities Processed             Count
! SUMMARY-  ------------------             -----
! SUMMARY-  Solid/Sheet .................:     1
! SUMMARY-                                 -----
! SUMMARY-  Total                              1
! STATUS-   Creating the UG part (Phase 3 of 3): 12-JUL-2026  12:42:27 AM
! INFO-     Filing Part ..: D:\Universidad\11vo semestre\APM\Gemelo digital\Modelos descargados\Celda_linea_2_1\u601002029600021_38
! SUMMARY-   
! SUMMARY-  Summary of Unigraphics Part Entities
! SUMMARY-   
! SUMMARY-  Entities Processed             Count
! SUMMARY-  ------------------             -----
! SUMMARY-  Solid/Sheet .................:     1
! SUMMARY-                                 -----
! SUMMARY-  Total                              1
! STATUS-   Creating the UG part (Phase 3 of 3): 12-JUL-2026  12:42:28 AM
! INFO-     Filing Part ..: D:\Universidad\11vo semestre\APM\Gemelo digital\Modelos descargados\Celda_linea_2_1\u601002029600021_37
! SUMMARY-   
! SUMMARY-  Summary of Unigraphics Part Entities
! SUMMARY-   
! SUMMARY-  Entities Processed             Count
! SUMMARY-  ------------------             -----
! SUMMARY-  Solid/Sheet .................:     1
! SUMMARY-                                 -----
! SUMMARY-  Total                              1
! STATUS-   Creating the UG part (Phase 3 of 3): 12-JUL-2026  12:42:28 AM
! INFO-     Filing Part ..: D:\Universidad\11vo semestre\APM\Gemelo digital\Modelos descargados\Celda_linea_2_1\u601002029600021_36
! SUMMARY-   
! SUMMARY-  Summary of Unigraphics Part Entities
! SUMMARY-   
! SUMMARY-  Entities Processed             Count
! SUMMARY-  ------------------             -----
! SUMMARY-  Solid/Sheet .................:     1
! SUMMARY-                                 -----
! SUMMARY-  Total                              1
! STATUS-   Creating the UG part (Phase 3 of 3): 12-JUL-2026  12:42:28 AM
! INFO-     Filing Part ..: D:\Universidad\11vo semestre\APM\Gemelo digital\Modelos descargados\Celda_linea_2_1\u601002029600021_35
! SUMMARY-   
! SUMMARY-  Summary of Unigraphics Part Entities
! SUMMARY-   
! SUMMARY-  Entities Processed             Count
! SUMMARY-  ------------------             -----
! SUMMARY-  Solid/Sheet .................:     1
! SUMMARY-                                 -----
! SUMMARY-  Total                              1
! STATUS-   Creating the UG part (Phase 3 of 3): 12-JUL-2026  12:42:28 AM
! INFO-     Filing Part ..: D:\Universidad\11vo semestre\APM\Gemelo digital\Modelos descargados\Celda_linea_2_1\u601002029600021_34
! SUMMARY-   
! SUMMARY-  Summary of Unigraphics Part Entities
! SUMMARY-   
! SUMMARY-  Entities Processed             Count
! SUMMARY-  ------------------             -----
! SUMMARY-  Solid/Sheet .................:     1
! SUMMARY-                                 -----
! SUMMARY-  Total                              1
! STATUS-   Creating the UG part (Phase 3 of 3): 12-JUL-2026  12:42:28 AM
! INFO-     Filing Part ..: D:\Universidad\11vo semestre\APM\Gemelo digital\Modelos descargados\Celda_linea_2_1\u601002029600021_33
! SUMMARY-   
! SUMMARY-  Summary of Unigraphics Part Entities
! SUMMARY-   
! SUMMARY-  Entities Processed             Count
! SUMMARY-  ------------------             -----
! SUMMARY-  Solid/Sheet .................:     1
! SUMMARY-                                 -----
! SUMMARY-  Total                              1
! STATUS-   Creating the UG part (Phase 3 of 3): 12-JUL-2026  12:42:28 AM
! INFO-     Filing Part ..: D:\Universidad\11vo semestre\APM\Gemelo digital\Modelos descargados\Celda_linea_2_1\u601002029600021_32
! SUMMARY-   
! SUMMARY-  Summary of Unigraphics Part Entities
! SUMMARY-   
! SUMMARY-  Entities Processed             Count
! SUMMARY-  ------------------             -----
! SUMMARY-  Solid/Sheet .................:     1
! SUMMARY-                                 -----
! SUMMARY-  Total                              1
! STATUS-   Creating the UG part (Phase 3 of 3): 12-JUL-2026  12:42:29 AM
! INFO-     Filing Part ..: D:\Universidad\11vo semestre\APM\Gemelo digital\Modelos descargados\Celda_linea_2_1\u601002029600021_31
! SUMMARY-   
! SUMMARY-  Summary of Unigraphics Part Entities
! SUMMARY-   
! SUMMARY-  Entities Processed             Count
! SUMMARY-  ------------------             -----
! SUMMARY-  Solid/Sheet .................:     1
! SUMMARY-                                 -----
! SUMMARY-  Total                              1
! STATUS-   Creating the UG part (Phase 3 of 3): 12-JUL-2026  12:42:29 AM
! INFO-     Filing Part ..: D:\Universidad\11vo semestre\APM\Gemelo digital\Modelos descargados\Celda_linea_2_1\u601002029600021_30
! SUMMARY-   
! SUMMARY-  Summary of Unigraphics Part Entities
! SUMMARY-   
! SUMMARY-  Entities Processed             Count
! SUMMARY-  ------------------             -----
! SUMMARY-  Solid/Sheet .................:     1
! SUMMARY-                                 -----
! SUMMARY-  Total                              1
! STATUS-   Creating the UG part (Phase 3 of 3): 12-JUL-2026  12:42:30 AM
! INFO-     Filing Part ..: D:\Universidad\11vo semestre\APM\Gemelo digital\Modelos descargados\Celda_linea_2_1\u601002029600021_29
! SUMMARY-   
! SUMMARY-  Summary of Unigraphics Part Entities
! SUMMARY-   
! SUMMARY-  Entities Processed             Count
! SUMMARY-  ------------------             -----
! SUMMARY-  Solid/Sheet .................:     1
! SUMMARY-                                 -----
! SUMMARY-  Total                              1
! STATUS-   Creating the UG part (Phase 3 of 3): 12-JUL-2026  12:42:30 AM
! INFO-     Filing Part ..: D:\Universidad\11vo semestre\APM\Gemelo digital\Modelos descargados\Celda_linea_2_1\u601002029600021_28
! SUMMARY-   
! SUMMARY-  Summary of Unigraphics Part Entities
! SUMMARY-   
! SUMMARY-  Entities Processed             Count
! SUMMARY-  ------------------             -----
! SUMMARY-  Solid/Sheet .................:     1
! SUMMARY-                                 -----
! SUMMARY-  Total                              1
! STATUS-   Creating the UG part (Phase 3 of 3): 12-JUL-2026  12:42:30 AM
! INFO-     Filing Part ..: D:\Universidad\11vo semestre\APM\Gemelo digital\Modelos descargados\Celda_linea_2_1\u601002029600021_27
! SUMMARY-   
! SUMMARY-  Summary of Unigraphics Part Entities
! SUMMARY-   
! SUMMARY-  Entities Processed             Count
! SUMMARY-  ------------------             -----
! SUMMARY-  Solid/Sheet .................:     1
! SUMMARY-                                 -----
! SUMMARY-  Total                              1
! STATUS-   Creating the UG part (Phase 3 of 3): 12-JUL-2026  12:42:30 AM
! INFO-     Filing Part ..: D:\Universidad\11vo semestre\APM\Gemelo digital\Modelos descargados\Celda_linea_2_1\u601002029600021_26
! SUMMARY-   
! SUMMARY-  Summary of Unigraphics Part Entities
! SUMMARY-   
! SUMMARY-  Entities Processed             Count
! SUMMARY-  ------------------             -----
! SUMMARY-  Solid/Sheet .................:     1
! SUMMARY-                                 -----
! SUMMARY-  Total                              1
! STATUS-   Creating the UG part (Phase 3 of 3): 12-JUL-2026  12:42:30 AM
! INFO-     Filing Part ..: D:\Universidad\11vo semestre\APM\Gemelo digital\Modelos descargados\Celda_linea_2_1\u601002029600021_25
! SUMMARY-   
! SUMMARY-  Summary of Unigraphics Part Entities
! SUMMARY-   
! SUMMARY-  Entities Processed             Count
! SUMMARY-  ------------------             -----
! SUMMARY-  Solid/Sheet .................:     1
! SUMMARY-                                 -----
! SUMMARY-  Total                              1
! STATUS-   Creating the UG part (Phase 3 of 3): 12-JUL-2026  12:42:30 AM
! INFO-     Filing Part ..: D:\Universidad\11vo semestre\APM\Gemelo digital\Modelos descargados\Celda_linea_2_1\u601002029600021_24
! SUMMARY-   
! SUMMARY-  Summary of Unigraphics Part Entities
! SUMMARY-   
! SUMMARY-  Entities Processed             Count
! SUMMARY-  ------------------             -----
! SUMMARY-  Solid/Sheet .................:     1
! SUMMARY-                                 -----
! SUMMARY-  Total                              1
! STATUS-   Creating the UG part (Phase 3 of 3): 12-JUL-2026  12:42:30 AM
! INFO-     Filing Part ..: D:\Universidad\11vo semestre\APM\Gemelo digital\Modelos descargados\Celda_linea_2_1\u601002029600021_23
! SUMMARY-   
! SUMMARY-  Summary of Unigraphics Part Entities
! SUMMARY-   
! SUMMARY-  Entities Processed             Count
! SUMMARY-  ------------------             -----
! SUMMARY-  Solid/Sheet .................:     1
! SUMMARY-                                 -----
! SUMMARY-  Total                              1
! STATUS-   Creating the UG part (Phase 3 of 3): 12-JUL-2026  12:42:30 AM
! INFO-     Filing Part ..: D:\Universidad\11vo semestre\APM\Gemelo digital\Modelos descargados\Celda_linea_2_1\u601002029600021_22
! SUMMARY-   
! SUMMARY-  Summary of Unigraphics Part Entities
! SUMMARY-   
! SUMMARY-  Entities Processed             Count
! SUMMARY-  ------------------             -----
! SUMMARY-  Solid/Sheet .................:     1
! SUMMARY-                                 -----
! SUMMARY-  Total                              1
! STATUS-   Creating the UG part (Phase 3 of 3): 12-JUL-2026  12:42:30 AM
! INFO-     Filing Part ..: D:\Universidad\11vo semestre\APM\Gemelo digital\Modelos descargados\Celda_linea_2_1\u601002029600021_21
! SUMMARY-   
! SUMMARY-  Summary of Unigraphics Part Entities
! SUMMARY-   
! SUMMARY-  Entities Processed             Count
! SUMMARY-  ------------------             -----
! SUMMARY-  Solid/Sheet .................:     1
! SUMMARY-                                 -----
! SUMMARY-  Total                              1
! STATUS-   Creating the UG part (Phase 3 of 3): 12-JUL-2026  12:42:30 AM
! INFO-     Filing Part ..: D:\Universidad\11vo semestre\APM\Gemelo digital\Modelos descargados\Celda_linea_2_1\u601002029600021_20
! SUMMARY-   
! SUMMARY-  Summary of Unigraphics Part Entities
! SUMMARY-   
! SUMMARY-  Entities Processed             Count
! SUMMARY-  ------------------             -----
! SUMMARY-  Solid/Sheet .................:     1
! SUMMARY-                                 -----
! SUMMARY-  Total                              1
! STATUS-   Creating the UG part (Phase 3 of 3): 12-JUL-2026  12:42:30 AM
! INFO-     Filing Part ..: D:\Universidad\11vo semestre\APM\Gemelo digital\Modelos descargados\Celda_linea_2_1\u601002029600021_19
! SUMMARY-   
! SUMMARY-  Summary of Unigraphics Part Entities
! SUMMARY-   
! SUMMARY-  Entities Processed             Count
! SUMMARY-  ------------------             -----
! SUMMARY-  Solid/Sheet .................:     1
! SUMMARY-                                 -----
! SUMMARY-  Total                              1
! STATUS-   Creating the UG part (Phase 3 of 3): 12-JUL-2026  12:42:31 AM
! INFO-     Filing Part ..: D:\Universidad\11vo semestre\APM\Gemelo digital\Modelos descargados\Celda_linea_2_1\u601002029600021_18
! SUMMARY-   
! SUMMARY-  Summary of Unigraphics Part Entities
! SUMMARY-   
! SUMMARY-  Entities Processed             Count
! SUMMARY-  ------------------             -----
! SUMMARY-  Solid/Sheet .................:     1
! SUMMARY-                                 -----
! SUMMARY-  Total                              1
! STATUS-   Creating the UG part (Phase 3 of 3): 12-JUL-2026  12:42:31 AM
! INFO-     Filing Part ..: D:\Universidad\11vo semestre\APM\Gemelo digital\Modelos descargados\Celda_linea_2_1\u601002029600021_17
! SUMMARY-   
! SUMMARY-  Summary of Unigraphics Part Entities
! SUMMARY-   
! SUMMARY-  Entities Processed             Count
! SUMMARY-  ------------------             -----
! SUMMARY-  Solid/Sheet .................:     1
! SUMMARY-                                 -----
! SUMMARY-  Total                              1
! STATUS-   Creating the UG part (Phase 3 of 3): 12-JUL-2026  12:42:31 AM
! INFO-     Filing Part ..: D:\Universidad\11vo semestre\APM\Gemelo digital\Modelos descargados\Celda_linea_2_1\u601002029600021_16
! SUMMARY-   
! SUMMARY-  Summary of Unigraphics Part Entities
! SUMMARY-   
! SUMMARY-  Entities Processed             Count
! SUMMARY-  ------------------             -----
! SUMMARY-  Solid/Sheet .................:     1
! SUMMARY-                                 -----
! SUMMARY-  Total                              1
! STATUS-   Creating the UG part (Phase 3 of 3): 12-JUL-2026  12:42:31 AM
! INFO-     Filing Part ..: D:\Universidad\11vo semestre\APM\Gemelo digital\Modelos descargados\Celda_linea_2_1\u601002029600021_15
! SUMMARY-   
! SUMMARY-  Summary of Unigraphics Part Entities
! SUMMARY-   
! SUMMARY-  Entities Processed             Count
! SUMMARY-  ------------------             -----
! SUMMARY-  Solid/Sheet .................:     1
! SUMMARY-                                 -----
! SUMMARY-  Total                              1
! STATUS-   Creating the UG part (Phase 3 of 3): 12-JUL-2026  12:42:31 AM
! INFO-     Filing Part ..: D:\Universidad\11vo semestre\APM\Gemelo digital\Modelos descargados\Celda_linea_2_1\u601002029600021_14
! SUMMARY-   
! SUMMARY-  Summary of Unigraphics Part Entities
! SUMMARY-   
! SUMMARY-  Entities Processed             Count
! SUMMARY-  ------------------             -----
! SUMMARY-  Solid/Sheet .................:     1
! SUMMARY-                                 -----
! SUMMARY-  Total                              1
! STATUS-   Creating the UG part (Phase 3 of 3): 12-JUL-2026  12:42:31 AM
! INFO-     Filing Part ..: D:\Universidad\11vo semestre\APM\Gemelo digital\Modelos descargados\Celda_linea_2_1\u601002029600021_13
! SUMMARY-   
! SUMMARY-  Summary of Unigraphics Part Entities
! SUMMARY-   
! SUMMARY-  Entities Processed             Count
! SUMMARY-  ------------------             -----
! SUMMARY-  Solid/Sheet .................:     1
! SUMMARY-                                 -----
! SUMMARY-  Total                              1
! STATUS-   Creating the UG part (Phase 3 of 3): 12-JUL-2026  12:42:31 AM
! INFO-     Filing Part ..: D:\Universidad\11vo semestre\APM\Gemelo digital\Modelos descargados\Celda_linea_2_1\u601002029600021_12
! SUMMARY-   
! SUMMARY-  Summary of Unigraphics Part Entities
! SUMMARY-   
! SUMMARY-  Entities Processed             Count
! SUMMARY-  ------------------             -----
! SUMMARY-  Solid/Sheet .................:     1
! SUMMARY-                                 -----
! SUMMARY-  Total                              1
! STATUS-   Creating the UG part (Phase 3 of 3): 12-JUL-2026  12:42:31 AM
! INFO-     Filing Part ..: D:\Universidad\11vo semestre\APM\Gemelo digital\Modelos descargados\Celda_linea_2_1\u601002029600021_11
! SUMMARY-   
! SUMMARY-  Summary of Unigraphics Part Entities
! SUMMARY-   
! SUMMARY-  Entities Processed             Count
! SUMMARY-  ------------------             -----
! SUMMARY-  Solid/Sheet .................:     1
! SUMMARY-                                 -----
! SUMMARY-  Total                              1
! STATUS-   Creating the UG part (Phase 3 of 3): 12-JUL-2026  12:42:31 AM
! INFO-     Filing Part ..: D:\Universidad\11vo semestre\APM\Gemelo digital\Modelos descargados\Celda_linea_2_1\u601002029600021_10
! SUMMARY-   
! SUMMARY-  Summary of Unigraphics Part Entities
! SUMMARY-   
! SUMMARY-  Entities Processed             Count
! SUMMARY-  ------------------             -----
! SUMMARY-  Solid/Sheet .................:     1
! SUMMARY-                                 -----
! SUMMARY-  Total                              1
! STATUS-   Creating the UG part (Phase 3 of 3): 12-JUL-2026  12:42:31 AM
! INFO-     Filing Part ..: D:\Universidad\11vo semestre\APM\Gemelo digital\Modelos descargados\Celda_linea_2_1\u601002029600021_09
! SUMMARY-   
! SUMMARY-  Summary of Unigraphics Part Entities
! SUMMARY-   
! SUMMARY-  Entities Processed             Count
! SUMMARY-  ------------------             -----
! SUMMARY-  Solid/Sheet .................:     1
! SUMMARY-                                 -----
! SUMMARY-  Total                              1
! STATUS-   Creating the UG part (Phase 3 of 3): 12-JUL-2026  12:42:32 AM
! INFO-     Filing Part ..: D:\Universidad\11vo semestre\APM\Gemelo digital\Modelos descargados\Celda_linea_2_1\u601002029600021_08
! SUMMARY-   
! SUMMARY-  Summary of Unigraphics Part Entities
! SUMMARY-   
! SUMMARY-  Entities Processed             Count
! SUMMARY-  ------------------             -----
! SUMMARY-  Solid/Sheet .................:     1
! SUMMARY-                                 -----
! SUMMARY-  Total                              1
! STATUS-   Creating the UG part (Phase 3 of 3): 12-JUL-2026  12:42:32 AM
! INFO-     Filing Part ..: D:\Universidad\11vo semestre\APM\Gemelo digital\Modelos descargados\Celda_linea_2_1\u601002029600021_07
! SUMMARY-   
! SUMMARY-  Summary of Unigraphics Part Entities
! SUMMARY-   
! SUMMARY-  Entities Processed             Count
! SUMMARY-  ------------------             -----
! SUMMARY-  Solid/Sheet .................:     1
! SUMMARY-                                 -----
! SUMMARY-  Total                              1
! STATUS-   Creating the UG part (Phase 3 of 3): 12-JUL-2026  12:42:32 AM
! INFO-     Filing Part ..: D:\Universidad\11vo semestre\APM\Gemelo digital\Modelos descargados\Celda_linea_2_1\u601002029600021_06
! SUMMARY-   
! SUMMARY-  Summary of Unigraphics Part Entities
! SUMMARY-   
! SUMMARY-  Entities Processed             Count
! SUMMARY-  ------------------             -----
! SUMMARY-  Solid/Sheet .................:     1
! SUMMARY-                                 -----
! SUMMARY-  Total                              1
! STATUS-   Creating the UG part (Phase 3 of 3): 12-JUL-2026  12:42:32 AM
! INFO-     Filing Part ..: D:\Universidad\11vo semestre\APM\Gemelo digital\Modelos descargados\Celda_linea_2_1\u601002029600021_05
! SUMMARY-   
! SUMMARY-  Summary of Unigraphics Part Entities
! SUMMARY-   
! SUMMARY-  Entities Processed             Count
! SUMMARY-  ------------------             -----
! SUMMARY-  Solid/Sheet .................:     1
! SUMMARY-                                 -----
! SUMMARY-  Total                              1
! STATUS-   Creating the UG part (Phase 3 of 3): 12-JUL-2026  12:42:32 AM
! INFO-     Filing Part ..: D:\Universidad\11vo semestre\APM\Gemelo digital\Modelos descargados\Celda_linea_2_1\u601002029600021_04
! SUMMARY-   
! SUMMARY-  Summary of Unigraphics Part Entities
! SUMMARY-   
! SUMMARY-  Entities Processed             Count
! SUMMARY-  ------------------             -----
! SUMMARY-  Solid/Sheet .................:     1
! SUMMARY-                                 -----
! SUMMARY-  Total                              1
! STATUS-   Creating the UG part (Phase 3 of 3): 12-JUL-2026  12:42:32 AM
! INFO-     Filing Part ..: D:\Universidad\11vo semestre\APM\Gemelo digital\Modelos descargados\Celda_linea_2_1\u601002029600021_03
! SUMMARY-   
! SUMMARY-  Summary of Unigraphics Part Entities
! SUMMARY-   
! SUMMARY-  Entities Processed             Count
! SUMMARY-  ------------------             -----
! SUMMARY-  Solid/Sheet .................:     1
! SUMMARY-                                 -----
! SUMMARY-  Total                              1
! STATUS-   Creating the UG part (Phase 3 of 3): 12-JUL-2026  12:42:32 AM
! INFO-     Filing Part ..: D:\Universidad\11vo semestre\APM\Gemelo digital\Modelos descargados\Celda_linea_2_1\u601002029600021_02
! SUMMARY-   
! SUMMARY-  Summary of Unigraphics Part Entities
! SUMMARY-   
! SUMMARY-  Entities Processed             Count
! SUMMARY-  ------------------             -----
! SUMMARY-  Solid/Sheet .................:     1
! SUMMARY-                                 -----
! SUMMARY-  Total                              1
! STATUS-   Creating the UG part (Phase 3 of 3): 12-JUL-2026  12:42:32 AM
! INFO-     Filing Part ..: D:\Universidad\11vo semestre\APM\Gemelo digital\Modelos descargados\Celda_linea_2_1\u601002029600021_01
! SUMMARY-   
! SUMMARY-  Summary of Unigraphics Part Entities
! SUMMARY-   
! SUMMARY-  Entities Processed             Count
! SUMMARY-  ------------------             -----
! SUMMARY-  Solid/Sheet .................:     1
! SUMMARY-                                 -----
! SUMMARY-  Total                              1
! STATUS-   Creating the UG part (Phase 3 of 3): 12-JUL-2026  12:42:33 AM
! INFO-     Filing Part ..: D:\Universidad\11vo semestre\APM\Gemelo digital\Modelos descargados\Celda_linea_2_1\u601003029600021_38
! SUMMARY-   
! SUMMARY-  Summary of Unigraphics Part Entities
! SUMMARY-   
! SUMMARY-  Entities Processed             Count
! SUMMARY-  ------------------             -----
! SUMMARY-  Solid/Sheet .................:     1
! SUMMARY-                                 -----
! SUMMARY-  Total                              1
! STATUS-   Creating the UG part (Phase 3 of 3): 12-JUL-2026  12:42:34 AM
! INFO-     Filing Part ..: D:\Universidad\11vo semestre\APM\Gemelo digital\Modelos descargados\Celda_linea_2_1\u601003029600021_37
! SUMMARY-   
! SUMMARY-  Summary of Unigraphics Part Entities
! SUMMARY-   
! SUMMARY-  Entities Processed             Count
! SUMMARY-  ------------------             -----
! SUMMARY-  Solid/Sheet .................:     1
! SUMMARY-                                 -----
! SUMMARY-  Total                              1
! STATUS-   Creating the UG part (Phase 3 of 3): 12-JUL-2026  12:42:34 AM
! INFO-     Filing Part ..: D:\Universidad\11vo semestre\APM\Gemelo digital\Modelos descargados\Celda_linea_2_1\u601003029600021_36
! SUMMARY-   
! SUMMARY-  Summary of Unigraphics Part Entities
! SUMMARY-   
! SUMMARY-  Entities Processed             Count
! SUMMARY-  ------------------             -----
! SUMMARY-  Solid/Sheet .................:     1
! SUMMARY-                                 -----
! SUMMARY-  Total                              1
! STATUS-   Creating the UG part (Phase 3 of 3): 12-JUL-2026  12:42:34 AM
! INFO-     Filing Part ..: D:\Universidad\11vo semestre\APM\Gemelo digital\Modelos descargados\Celda_linea_2_1\u601003029600021_35
! SUMMARY-   
! SUMMARY-  Summary of Unigraphics Part Entities
! SUMMARY-   
! SUMMARY-  Entities Processed             Count
! SUMMARY-  ------------------             -----
! SUMMARY-  Solid/Sheet .................:     1
! SUMMARY-                                 -----
! SUMMARY-  Total                              1
! STATUS-   Creating the UG part (Phase 3 of 3): 12-JUL-2026  12:42:34 AM
! INFO-     Filing Part ..: D:\Universidad\11vo semestre\APM\Gemelo digital\Modelos descargados\Celda_linea_2_1\u601003029600021_34
! SUMMARY-   
! SUMMARY-  Summary of Unigraphics Part Entities
! SUMMARY-   
! SUMMARY-  Entities Processed             Count
! SUMMARY-  ------------------             -----
! SUMMARY-  Solid/Sheet .................:     1
! SUMMARY-                                 -----
! SUMMARY-  Total                              1
! STATUS-   Creating the UG part (Phase 3 of 3): 12-JUL-2026  12:42:34 AM
! INFO-     Filing Part ..: D:\Universidad\11vo semestre\APM\Gemelo digital\Modelos descargados\Celda_linea_2_1\u601003029600021_33
! SUMMARY-   
! SUMMARY-  Summary of Unigraphics Part Entities
! SUMMARY-   
! SUMMARY-  Entities Processed             Count
! SUMMARY-  ------------------             -----
! SUMMARY-  Solid/Sheet .................:     1
! SUMMARY-                                 -----
! SUMMARY-  Total                              1
! STATUS-   Creating the UG part (Phase 3 of 3): 12-JUL-2026  12:42:34 AM
! INFO-     Filing Part ..: D:\Universidad\11vo semestre\APM\Gemelo digital\Modelos descargados\Celda_linea_2_1\u601003029600021_32
! SUMMARY-   
! SUMMARY-  Summary of Unigraphics Part Entities
! SUMMARY-   
! SUMMARY-  Entities Processed             Count
! SUMMARY-  ------------------             -----
! SUMMARY-  Solid/Sheet .................:     1
! SUMMARY-                                 -----
! SUMMARY-  Total                              1
! STATUS-   Creating the UG part (Phase 3 of 3): 12-JUL-2026  12:42:34 AM
! INFO-     Filing Part ..: D:\Universidad\11vo semestre\APM\Gemelo digital\Modelos descargados\Celda_linea_2_1\u601003029600021_31
! SUMMARY-   
! SUMMARY-  Summary of Unigraphics Part Entities
! SUMMARY-   
! SUMMARY-  Entities Processed             Count
! SUMMARY-  ------------------             -----
! SUMMARY-  Solid/Sheet .................:     1
! SUMMARY-                                 -----
! SUMMARY-  Total                              1
! STATUS-   Creating the UG part (Phase 3 of 3): 12-JUL-2026  12:42:34 AM
! INFO-     Filing Part ..: D:\Universidad\11vo semestre\APM\Gemelo digital\Modelos descargados\Celda_linea_2_1\u601003029600021_30
! SUMMARY-   
! SUMMARY-  Summary of Unigraphics Part Entities
! SUMMARY-   
! SUMMARY-  Entities Processed             Count
! SUMMARY-  ------------------             -----
! SUMMARY-  Solid/Sheet .................:     1
! SUMMARY-                                 -----
! SUMMARY-  Total                              1
! STATUS-   Creating the UG part (Phase 3 of 3): 12-JUL-2026  12:42:34 AM
! INFO-     Filing Part ..: D:\Universidad\11vo semestre\APM\Gemelo digital\Modelos descargados\Celda_linea_2_1\u601003029600021_29
! SUMMARY-   
! SUMMARY-  Summary of Unigraphics Part Entities
! SUMMARY-   
! SUMMARY-  Entities Processed             Count
! SUMMARY-  ------------------             -----
! SUMMARY-  Solid/Sheet .................:     1
! SUMMARY-                                 -----
! SUMMARY-  Total                              1
! STATUS-   Creating the UG part (Phase 3 of 3): 12-JUL-2026  12:42:34 AM
! INFO-     Filing Part ..: D:\Universidad\11vo semestre\APM\Gemelo digital\Modelos descargados\Celda_linea_2_1\u601003029600021_28
! SUMMARY-   
! SUMMARY-  Summary of Unigraphics Part Entities
! SUMMARY-   
! SUMMARY-  Entities Processed             Count
! SUMMARY-  ------------------             -----
! SUMMARY-  Solid/Sheet .................:     1
! SUMMARY-                                 -----
! SUMMARY-  Total                              1
! STATUS-   Creating the UG part (Phase 3 of 3): 12-JUL-2026  12:42:35 AM
! INFO-     Filing Part ..: D:\Universidad\11vo semestre\APM\Gemelo digital\Modelos descargados\Celda_linea_2_1\u601003029600021_27
! SUMMARY-   
! SUMMARY-  Summary of Unigraphics Part Entities
! SUMMARY-   
! SUMMARY-  Entities Processed             Count
! SUMMARY-  ------------------             -----
! SUMMARY-  Solid/Sheet .................:     1
! SUMMARY-                                 -----
! SUMMARY-  Total                              1
! STATUS-   Creating the UG part (Phase 3 of 3): 12-JUL-2026  12:42:35 AM
! INFO-     Filing Part ..: D:\Universidad\11vo semestre\APM\Gemelo digital\Modelos descargados\Celda_linea_2_1\u601003029600021_26
! SUMMARY-   
! SUMMARY-  Summary of Unigraphics Part Entities
! SUMMARY-   
! SUMMARY-  Entities Processed             Count
! SUMMARY-  ------------------             -----
! SUMMARY-  Solid/Sheet .................:     1
! SUMMARY-                                 -----
! SUMMARY-  Total                              1
! STATUS-   Creating the UG part (Phase 3 of 3): 12-JUL-2026  12:42:35 AM
! INFO-     Filing Part ..: D:\Universidad\11vo semestre\APM\Gemelo digital\Modelos descargados\Celda_linea_2_1\u601003029600021_25
! SUMMARY-   
! SUMMARY-  Summary of Unigraphics Part Entities
! SUMMARY-   
! SUMMARY-  Entities Processed             Count
! SUMMARY-  ------------------             -----
! SUMMARY-  Solid/Sheet .................:     1
! SUMMARY-                                 -----
! SUMMARY-  Total                              1
! STATUS-   Creating the UG part (Phase 3 of 3): 12-JUL-2026  12:42:35 AM
! INFO-     Filing Part ..: D:\Universidad\11vo semestre\APM\Gemelo digital\Modelos descargados\Celda_linea_2_1\u601003029600021_24
! SUMMARY-   
! SUMMARY-  Summary of Unigraphics Part Entities
! SUMMARY-   
! SUMMARY-  Entities Processed             Count
! SUMMARY-  ------------------             -----
! SUMMARY-  Solid/Sheet .................:     1
! SUMMARY-                                 -----
! SUMMARY-  Total                              1
! STATUS-   Creating the UG part (Phase 3 of 3): 12-JUL-2026  12:42:35 AM
! INFO-     Filing Part ..: D:\Universidad\11vo semestre\APM\Gemelo digital\Modelos descargados\Celda_linea_2_1\u601003029600021_23
! SUMMARY-   
! SUMMARY-  Summary of Unigraphics Part Entities
! SUMMARY-   
! SUMMARY-  Entities Processed             Count
! SUMMARY-  ------------------             -----
! SUMMARY-  Solid/Sheet .................:     1
! SUMMARY-                                 -----
! SUMMARY-  Total                              1
! STATUS-   Creating the UG part (Phase 3 of 3): 12-JUL-2026  12:42:35 AM
! INFO-     Filing Part ..: D:\Universidad\11vo semestre\APM\Gemelo digital\Modelos descargados\Celda_linea_2_1\u601003029600021_22
! SUMMARY-   
! SUMMARY-  Summary of Unigraphics Part Entities
! SUMMARY-   
! SUMMARY-  Entities Processed             Count
! SUMMARY-  ------------------             -----
! SUMMARY-  Solid/Sheet .................:     1
! SUMMARY-                                 -----
! SUMMARY-  Total                              1
! STATUS-   Creating the UG part (Phase 3 of 3): 12-JUL-2026  12:42:35 AM
! INFO-     Filing Part ..: D:\Universidad\11vo semestre\APM\Gemelo digital\Modelos descargados\Celda_linea_2_1\u601003029600021_21
! SUMMARY-   
! SUMMARY-  Summary of Unigraphics Part Entities
! SUMMARY-   
! SUMMARY-  Entities Processed             Count
! SUMMARY-  ------------------             -----
! SUMMARY-  Solid/Sheet .................:     1
! SUMMARY-                                 -----
! SUMMARY-  Total                              1
! STATUS-   Creating the UG part (Phase 3 of 3): 12-JUL-2026  12:42:35 AM
! INFO-     Filing Part ..: D:\Universidad\11vo semestre\APM\Gemelo digital\Modelos descargados\Celda_linea_2_1\u601003029600021_20
! SUMMARY-   
! SUMMARY-  Summary of Unigraphics Part Entities
! SUMMARY-   
! SUMMARY-  Entities Processed             Count
! SUMMARY-  ------------------             -----
! SUMMARY-  Solid/Sheet .................:     1
! SUMMARY-                                 -----
! SUMMARY-  Total                              1
! STATUS-   Creating the UG part (Phase 3 of 3): 12-JUL-2026  12:42:35 AM
! INFO-     Filing Part ..: D:\Universidad\11vo semestre\APM\Gemelo digital\Modelos descargados\Celda_linea_2_1\u601003029600021_19
! SUMMARY-   
! SUMMARY-  Summary of Unigraphics Part Entities
! SUMMARY-   
! SUMMARY-  Entities Processed             Count
! SUMMARY-  ------------------             -----
! SUMMARY-  Solid/Sheet .................:     1
! SUMMARY-                                 -----
! SUMMARY-  Total                              1
! STATUS-   Creating the UG part (Phase 3 of 3): 12-JUL-2026  12:42:35 AM
! INFO-     Filing Part ..: D:\Universidad\11vo semestre\APM\Gemelo digital\Modelos descargados\Celda_linea_2_1\u601003029600021_18
! SUMMARY-   
! SUMMARY-  Summary of Unigraphics Part Entities
! SUMMARY-   
! SUMMARY-  Entities Processed             Count
! SUMMARY-  ------------------             -----
! SUMMARY-  Solid/Sheet .................:     1
! SUMMARY-                                 -----
! SUMMARY-  Total                              1
! STATUS-   Creating the UG part (Phase 3 of 3): 12-JUL-2026  12:42:35 AM
! INFO-     Filing Part ..: D:\Universidad\11vo semestre\APM\Gemelo digital\Modelos descargados\Celda_linea_2_1\u601003029600021_17
! SUMMARY-   
! SUMMARY-  Summary of Unigraphics Part Entities
! SUMMARY-   
! SUMMARY-  Entities Processed             Count
! SUMMARY-  ------------------             -----
! SUMMARY-  Solid/Sheet .................:     1
! SUMMARY-                                 -----
! SUMMARY-  Total                              1
! STATUS-   Creating the UG part (Phase 3 of 3): 12-JUL-2026  12:42:36 AM
! INFO-     Filing Part ..: D:\Universidad\11vo semestre\APM\Gemelo digital\Modelos descargados\Celda_linea_2_1\u601003029600021_16
! SUMMARY-   
! SUMMARY-  Summary of Unigraphics Part Entities
! SUMMARY-   
! SUMMARY-  Entities Processed             Count
! SUMMARY-  ------------------             -----
! SUMMARY-  Solid/Sheet .................:     1
! SUMMARY-                                 -----
! SUMMARY-  Total                              1
! STATUS-   Creating the UG part (Phase 3 of 3): 12-JUL-2026  12:42:36 AM
! INFO-     Filing Part ..: D:\Universidad\11vo semestre\APM\Gemelo digital\Modelos descargados\Celda_linea_2_1\u601003029600021_15
! SUMMARY-   
! SUMMARY-  Summary of Unigraphics Part Entities
! SUMMARY-   
! SUMMARY-  Entities Processed             Count
! SUMMARY-  ------------------             -----
! SUMMARY-  Solid/Sheet .................:     1
! SUMMARY-                                 -----
! SUMMARY-  Total                              1
! STATUS-   Creating the UG part (Phase 3 of 3): 12-JUL-2026  12:42:36 AM
! INFO-     Filing Part ..: D:\Universidad\11vo semestre\APM\Gemelo digital\Modelos descargados\Celda_linea_2_1\u601003029600021_14
! SUMMARY-   
! SUMMARY-  Summary of Unigraphics Part Entities
! SUMMARY-   
! SUMMARY-  Entities Processed             Count
! SUMMARY-  ------------------             -----
! SUMMARY-  Solid/Sheet .................:     1
! SUMMARY-                                 -----
! SUMMARY-  Total                              1
! STATUS-   Creating the UG part (Phase 3 of 3): 12-JUL-2026  12:42:36 AM
! INFO-     Filing Part ..: D:\Universidad\11vo semestre\APM\Gemelo digital\Modelos descargados\Celda_linea_2_1\u601003029600021_13
! SUMMARY-   
! SUMMARY-  Summary of Unigraphics Part Entities
! SUMMARY-   
! SUMMARY-  Entities Processed             Count
! SUMMARY-  ------------------             -----
! SUMMARY-  Solid/Sheet .................:     1
! SUMMARY-                                 -----
! SUMMARY-  Total                              1
! STATUS-   Creating the UG part (Phase 3 of 3): 12-JUL-2026  12:42:36 AM
! INFO-     Filing Part ..: D:\Universidad\11vo semestre\APM\Gemelo digital\Modelos descargados\Celda_linea_2_1\u601003029600021_12
! SUMMARY-   
! SUMMARY-  Summary of Unigraphics Part Entities
! SUMMARY-   
! SUMMARY-  Entities Processed             Count
! SUMMARY-  ------------------             -----
! SUMMARY-  Solid/Sheet .................:     1
! SUMMARY-                                 -----
! SUMMARY-  Total                              1
! STATUS-   Creating the UG part (Phase 3 of 3): 12-JUL-2026  12:42:36 AM
! INFO-     Filing Part ..: D:\Universidad\11vo semestre\APM\Gemelo digital\Modelos descargados\Celda_linea_2_1\u601003029600021_11
! SUMMARY-   
! SUMMARY-  Summary of Unigraphics Part Entities
! SUMMARY-   
! SUMMARY-  Entities Processed             Count
! SUMMARY-  ------------------             -----
! SUMMARY-  Solid/Sheet .................:     1
! SUMMARY-                                 -----
! SUMMARY-  Total                              1
! STATUS-   Creating the UG part (Phase 3 of 3): 12-JUL-2026  12:42:37 AM
! INFO-     Filing Part ..: D:\Universidad\11vo semestre\APM\Gemelo digital\Modelos descargados\Celda_linea_2_1\u601003029600021_10
! SUMMARY-   
! SUMMARY-  Summary of Unigraphics Part Entities
! SUMMARY-   
! SUMMARY-  Entities Processed             Count
! SUMMARY-  ------------------             -----
! SUMMARY-  Solid/Sheet .................:     1
! SUMMARY-                                 -----
! SUMMARY-  Total                              1
! STATUS-   Creating the UG part (Phase 3 of 3): 12-JUL-2026  12:42:37 AM
! INFO-     Filing Part ..: D:\Universidad\11vo semestre\APM\Gemelo digital\Modelos descargados\Celda_linea_2_1\u601003029600021_09
! SUMMARY-   
! SUMMARY-  Summary of Unigraphics Part Entities
! SUMMARY-   
! SUMMARY-  Entities Processed             Count
! SUMMARY-  ------------------             -----
! SUMMARY-  Solid/Sheet .................:     1
! SUMMARY-                                 -----
! SUMMARY-  Total                              1
! STATUS-   Creating the UG part (Phase 3 of 3): 12-JUL-2026  12:42:37 AM
! INFO-     Filing Part ..: D:\Universidad\11vo semestre\APM\Gemelo digital\Modelos descargados\Celda_linea_2_1\u601003029600021_08
! SUMMARY-   
! SUMMARY-  Summary of Unigraphics Part Entities
! SUMMARY-   
! SUMMARY-  Entities Processed             Count
! SUMMARY-  ------------------             -----
! SUMMARY-  Solid/Sheet .................:     1
! SUMMARY-                                 -----
! SUMMARY-  Total                              1
! STATUS-   Creating the UG part (Phase 3 of 3): 12-JUL-2026  12:42:37 AM
! INFO-     Filing Part ..: D:\Universidad\11vo semestre\APM\Gemelo digital\Modelos descargados\Celda_linea_2_1\u601003029600021_07
! SUMMARY-   
! SUMMARY-  Summary of Unigraphics Part Entities
! SUMMARY-   
! SUMMARY-  Entities Processed             Count
! SUMMARY-  ------------------             -----
! SUMMARY-  Solid/Sheet .................:     1
! SUMMARY-                                 -----
! SUMMARY-  Total                              1
! STATUS-   Creating the UG part (Phase 3 of 3): 12-JUL-2026  12:42:38 AM
! INFO-     Filing Part ..: D:\Universidad\11vo semestre\APM\Gemelo digital\Modelos descargados\Celda_linea_2_1\u601003029600021_06
! SUMMARY-   
! SUMMARY-  Summary of Unigraphics Part Entities
! SUMMARY-   
! SUMMARY-  Entities Processed             Count
! SUMMARY-  ------------------             -----
! SUMMARY-  Solid/Sheet .................:     1
! SUMMARY-                                 -----
! SUMMARY-  Total                              1
! STATUS-   Creating the UG part (Phase 3 of 3): 12-JUL-2026  12:42:38 AM
! INFO-     Filing Part ..: D:\Universidad\11vo semestre\APM\Gemelo digital\Modelos descargados\Celda_linea_2_1\u601003029600021_05
! SUMMARY-   
! SUMMARY-  Summary of Unigraphics Part Entities
! SUMMARY-   
! SUMMARY-  Entities Processed             Count
! SUMMARY-  ------------------             -----
! SUMMARY-  Solid/Sheet .................:     1
! SUMMARY-                                 -----
! SUMMARY-  Total                              1
! STATUS-   Creating the UG part (Phase 3 of 3): 12-JUL-2026  12:42:38 AM
! INFO-     Filing Part ..: D:\Universidad\11vo semestre\APM\Gemelo digital\Modelos descargados\Celda_linea_2_1\u601003029600021_04
! SUMMARY-   
! SUMMARY-  Summary of Unigraphics Part Entities
! SUMMARY-   
! SUMMARY-  Entities Processed             Count
! SUMMARY-  ------------------             -----
! SUMMARY-  Solid/Sheet .................:     1
! SUMMARY-                                 -----
! SUMMARY-  Total                              1
! STATUS-   Creating the UG part (Phase 3 of 3): 12-JUL-2026  12:42:38 AM
! INFO-     Filing Part ..: D:\Universidad\11vo semestre\APM\Gemelo digital\Modelos descargados\Celda_linea_2_1\u601003029600021_03
! SUMMARY-   
! SUMMARY-  Summary of Unigraphics Part Entities
! SUMMARY-   
! SUMMARY-  Entities Processed             Count
! SUMMARY-  ------------------             -----
! SUMMARY-  Solid/Sheet .................:     1
! SUMMARY-                                 -----
! SUMMARY-  Total                              1
! STATUS-   Creating the UG part (Phase 3 of 3): 12-JUL-2026  12:42:38 AM
! INFO-     Filing Part ..: D:\Universidad\11vo semestre\APM\Gemelo digital\Modelos descargados\Celda_linea_2_1\u601003029600021_02
! SUMMARY-   
! SUMMARY-  Summary of Unigraphics Part Entities
! SUMMARY-   
! SUMMARY-  Entities Processed             Count
! SUMMARY-  ------------------             -----
! SUMMARY-  Solid/Sheet .................:     1
! SUMMARY-                                 -----
! SUMMARY-  Total                              1
! STATUS-   Creating the UG part (Phase 3 of 3): 12-JUL-2026  12:42:38 AM
! INFO-     Filing Part ..: D:\Universidad\11vo semestre\APM\Gemelo digital\Modelos descargados\Celda_linea_2_1\u601003029600021_01
! SUMMARY-   
! SUMMARY-  Summary of Unigraphics Part Entities
! SUMMARY-   
! SUMMARY-  Entities Processed             Count
! SUMMARY-  ------------------             -----
! SUMMARY-  Solid/Sheet .................:     1
! SUMMARY-                                 -----
! SUMMARY-  Total                              1
! STATUS-   Creating the UG part (Phase 3 of 3): 12-JUL-2026  12:42:38 AM
! INFO-     Filing Part ..: D:\Universidad\11vo semestre\APM\Gemelo digital\Modelos descargados\Celda_linea_2_1\u601008014800021_06
! SUMMARY-   
! SUMMARY-  Summary of Unigraphics Part Entities
! SUMMARY-   
! SUMMARY-  Entities Processed             Count
! SUMMARY-  ------------------             -----
! SUMMARY-  Solid/Sheet .................:     1
! SUMMARY-                                 -----
! SUMMARY-  Total                              1
! STATUS-   Creating the UG part (Phase 3 of 3): 12-JUL-2026  12:42:41 AM
! INFO-     Filing Part ..: D:\Universidad\11vo semestre\APM\Gemelo digital\Modelos descargados\Celda_linea_2_1\u601008014800021_05
! SUMMARY-   
! SUMMARY-  Summary of Unigraphics Part Entities
! SUMMARY-   
! SUMMARY-  Entities Processed             Count
! SUMMARY-  ------------------             -----
! SUMMARY-  Solid/Sheet .................:     1
! SUMMARY-                                 -----
! SUMMARY-  Total                              1
! STATUS-   Creating the UG part (Phase 3 of 3): 12-JUL-2026  12:42:41 AM
! INFO-     Filing Part ..: D:\Universidad\11vo semestre\APM\Gemelo digital\Modelos descargados\Celda_linea_2_1\u601008014800021_04
! SUMMARY-   
! SUMMARY-  Summary of Unigraphics Part Entities
! SUMMARY-   
! SUMMARY-  Entities Processed             Count
! SUMMARY-  ------------------             -----
! SUMMARY-  Solid/Sheet .................:     1
! SUMMARY-                                 -----
! SUMMARY-  Total                              1
! STATUS-   Creating the UG part (Phase 3 of 3): 12-JUL-2026  12:42:41 AM
! INFO-     Filing Part ..: D:\Universidad\11vo semestre\APM\Gemelo digital\Modelos descargados\Celda_linea_2_1\u601008014800021_03
! SUMMARY-   
! SUMMARY-  Summary of Unigraphics Part Entities
! SUMMARY-   
! SUMMARY-  Entities Processed             Count
! SUMMARY-  ------------------             -----
! SUMMARY-  Solid/Sheet .................:     1
! SUMMARY-                                 -----
! SUMMARY-  Total                              1
! STATUS-   Creating the UG part (Phase 3 of 3): 12-JUL-2026  12:42:41 AM
! INFO-     Filing Part ..: D:\Universidad\11vo semestre\APM\Gemelo digital\Modelos descargados\Celda_linea_2_1\u601008014800021_02
! SUMMARY-   
! SUMMARY-  Summary of Unigraphics Part Entities
! SUMMARY-   
! SUMMARY-  Entities Processed             Count
! SUMMARY-  ------------------             -----
! SUMMARY-  Solid/Sheet .................:     1
! SUMMARY-                                 -----
! SUMMARY-  Total                              1
! STATUS-   Creating the UG part (Phase 3 of 3): 12-JUL-2026  12:42:41 AM
! INFO-     Filing Part ..: D:\Universidad\11vo semestre\APM\Gemelo digital\Modelos descargados\Celda_linea_2_1\u601008014800021_01
! SUMMARY-   
! SUMMARY-  Summary of Unigraphics Part Entities
! SUMMARY-   
! SUMMARY-  Entities Processed             Count
! SUMMARY-  ------------------             -----
! SUMMARY-  Solid/Sheet .................:     1
! SUMMARY-                                 -----
! SUMMARY-  Total                              1
! STATUS-   Creating the UG part (Phase 3 of 3): 12-JUL-2026  12:42:41 AM
! INFO-     Filing Part ..: D:\Universidad\11vo semestre\APM\Gemelo digital\Modelos descargados\Celda_linea_2_1\u601010014800021_06
! SUMMARY-   
! SUMMARY-  Summary of Unigraphics Part Entities
! SUMMARY-   
! SUMMARY-  Entities Processed             Count
! SUMMARY-  ------------------             -----
! SUMMARY-  Solid/Sheet .................:     1
! SUMMARY-                                 -----
! SUMMARY-  Total                              1
! STATUS-   Creating the UG part (Phase 3 of 3): 12-JUL-2026  12:42:45 AM
! INFO-     Filing Part ..: D:\Universidad\11vo semestre\APM\Gemelo digital\Modelos descargados\Celda_linea_2_1\u601010014800021_05
! SUMMARY-   
! SUMMARY-  Summary of Unigraphics Part Entities
! SUMMARY-   
! SUMMARY-  Entities Processed             Count
! SUMMARY-  ------------------             -----
! SUMMARY-  Solid/Sheet .................:     1
! SUMMARY-                                 -----
! SUMMARY-  Total                              1
! STATUS-   Creating the UG part (Phase 3 of 3): 12-JUL-2026  12:42:45 AM
! INFO-     Filing Part ..: D:\Universidad\11vo semestre\APM\Gemelo digital\Modelos descargados\Celda_linea_2_1\u601010014800021_04
! SUMMARY-   
! SUMMARY-  Summary of Unigraphics Part Entities
! SUMMARY-   
! SUMMARY-  Entities Processed             Count
! SUMMARY-  ------------------             -----
! SUMMARY-  Solid/Sheet .................:     1
! SUMMARY-                                 -----
! SUMMARY-  Total                              1
! STATUS-   Creating the UG part (Phase 3 of 3): 12-JUL-2026  12:42:45 AM
! INFO-     Filing Part ..: D:\Universidad\11vo semestre\APM\Gemelo digital\Modelos descargados\Celda_linea_2_1\u601010014800021_03
! SUMMARY-   
! SUMMARY-  Summary of Unigraphics Part Entities
! SUMMARY-   
! SUMMARY-  Entities Processed             Count
! SUMMARY-  ------------------             -----
! SUMMARY-  Solid/Sheet .................:     1
! SUMMARY-                                 -----
! SUMMARY-  Total                              1
! STATUS-   Creating the UG part (Phase 3 of 3): 12-JUL-2026  12:42:45 AM
! INFO-     Filing Part ..: D:\Universidad\11vo semestre\APM\Gemelo digital\Modelos descargados\Celda_linea_2_1\u601010014800021_02
! SUMMARY-   
! SUMMARY-  Summary of Unigraphics Part Entities
! SUMMARY-   
! SUMMARY-  Entities Processed             Count
! SUMMARY-  ------------------             -----
! SUMMARY-  Solid/Sheet .................:     1
! SUMMARY-                                 -----
! SUMMARY-  Total                              1
! STATUS-   Creating the UG part (Phase 3 of 3): 12-JUL-2026  12:42:45 AM
! INFO-     Filing Part ..: D:\Universidad\11vo semestre\APM\Gemelo digital\Modelos descargados\Celda_linea_2_1\u601010014800021_01
! SUMMARY-   
! SUMMARY-  Summary of Unigraphics Part Entities
! SUMMARY-   
! SUMMARY-  Entities Processed             Count
! SUMMARY-  ------------------             -----
! SUMMARY-  Solid/Sheet .................:     1
! SUMMARY-                                 -----
! SUMMARY-  Total                              1
! STATUS-   Creating the UG part (Phase 3 of 3): 12-JUL-2026  12:42:46 AM
! INFO-     Filing Part ..: D:\Universidad\11vo semestre\APM\Gemelo digital\Modelos descargados\Celda_linea_2_1\u601007014800021_07
! SUMMARY-   
! SUMMARY-  Summary of Unigraphics Part Entities
! SUMMARY-   
! SUMMARY-  Entities Processed             Count
! SUMMARY-  ------------------             -----
! SUMMARY-  Solid/Sheet .................:     1
! SUMMARY-                                 -----
! SUMMARY-  Total                              1
! STATUS-   Creating the UG part (Phase 3 of 3): 12-JUL-2026  12:42:48 AM
! INFO-     Filing Part ..: D:\Universidad\11vo semestre\APM\Gemelo digital\Modelos descargados\Celda_linea_2_1\u601007014800021_06
! SUMMARY-   
! SUMMARY-  Summary of Unigraphics Part Entities
! SUMMARY-   
! SUMMARY-  Entities Processed             Count
! SUMMARY-  ------------------             -----
! SUMMARY-  Solid/Sheet .................:     1
! SUMMARY-                                 -----
! SUMMARY-  Total                              1
! STATUS-   Creating the UG part (Phase 3 of 3): 12-JUL-2026  12:42:48 AM
! INFO-     Filing Part ..: D:\Universidad\11vo semestre\APM\Gemelo digital\Modelos descargados\Celda_linea_2_1\u601007014800021_05
! SUMMARY-   
! SUMMARY-  Summary of Unigraphics Part Entities
! SUMMARY-   
! SUMMARY-  Entities Processed             Count
! SUMMARY-  ------------------             -----
! SUMMARY-  Solid/Sheet .................:     1
! SUMMARY-                                 -----
! SUMMARY-  Total                              1
! STATUS-   Creating the UG part (Phase 3 of 3): 12-JUL-2026  12:42:48 AM
! INFO-     Filing Part ..: D:\Universidad\11vo semestre\APM\Gemelo digital\Modelos descargados\Celda_linea_2_1\u601007014800021_04
! SUMMARY-   
! SUMMARY-  Summary of Unigraphics Part Entities
! SUMMARY-   
! SUMMARY-  Entities Processed             Count
! SUMMARY-  ------------------             -----
! SUMMARY-  Solid/Sheet .................:     1
! SUMMARY-                                 -----
! SUMMARY-  Total                              1
! STATUS-   Creating the UG part (Phase 3 of 3): 12-JUL-2026  12:42:49 AM
! INFO-     Filing Part ..: D:\Universidad\11vo semestre\APM\Gemelo digital\Modelos descargados\Celda_linea_2_1\u601007014800021_03
! SUMMARY-   
! SUMMARY-  Summary of Unigraphics Part Entities
! SUMMARY-   
! SUMMARY-  Entities Processed             Count
! SUMMARY-  ------------------             -----
! SUMMARY-  Solid/Sheet .................:     1
! SUMMARY-                                 -----
! SUMMARY-  Total                              1
! STATUS-   Creating the UG part (Phase 3 of 3): 12-JUL-2026  12:42:49 AM
! INFO-     Filing Part ..: D:\Universidad\11vo semestre\APM\Gemelo digital\Modelos descargados\Celda_linea_2_1\u601007014800021_02
! SUMMARY-   
! SUMMARY-  Summary of Unigraphics Part Entities
! SUMMARY-   
! SUMMARY-  Entities Processed             Count
! SUMMARY-  ------------------             -----
! SUMMARY-  Solid/Sheet .................:     1
! SUMMARY-                                 -----
! SUMMARY-  Total                              1
! STATUS-   Creating the UG part (Phase 3 of 3): 12-JUL-2026  12:42:49 AM
! INFO-     Filing Part ..: D:\Universidad\11vo semestre\APM\Gemelo digital\Modelos descargados\Celda_linea_2_1\u601007014800021_01
! SUMMARY-   
! SUMMARY-  Summary of Unigraphics Part Entities
! SUMMARY-   
! SUMMARY-  Entities Processed             Count
! SUMMARY-  ------------------             -----
! SUMMARY-                                 -----
! SUMMARY-  Total                              0
! STATUS-   Creating the UG part (Phase 3 of 3): 12-JUL-2026  12:42:49 AM
! INFO-     Filing Part ..: D:\Universidad\11vo semestre\APM\Gemelo digital\Modelos descargados\Celda_linea_2_1\u403000000000001-3120-60-30_122
! SUMMARY-   
! SUMMARY-  Summary of Unigraphics Part Entities
! SUMMARY-   
! SUMMARY-  Entities Processed             Count
! SUMMARY-  ------------------             -----
! SUMMARY-  Solid/Sheet .................:     1
! SUMMARY-                                 -----
! SUMMARY-  Total                              1
! STATUS-   Creating the UG part (Phase 3 of 3): 12-JUL-2026  12:42:49 AM
! INFO-     Filing Part ..: D:\Universidad\11vo semestre\APM\Gemelo digital\Modelos descargados\Celda_linea_2_1\u403000000000001-3120-60-30_121
! SUMMARY-   
! SUMMARY-  Summary of Unigraphics Part Entities
! SUMMARY-   
! SUMMARY-  Entities Processed             Count
! SUMMARY-  ------------------             -----
! SUMMARY-  Solid/Sheet .................:     1
! SUMMARY-                                 -----
! SUMMARY-  Total                              1
! STATUS-   Creating the UG part (Phase 3 of 3): 12-JUL-2026  12:42:50 AM
! INFO-     Filing Part ..: D:\Universidad\11vo semestre\APM\Gemelo digital\Modelos descargados\Celda_linea_2_1\u403000000000001-3120-60-30_120
! SUMMARY-   
! SUMMARY-  Summary of Unigraphics Part Entities
! SUMMARY-   
! SUMMARY-  Entities Processed             Count
! SUMMARY-  ------------------             -----
! SUMMARY-  Solid/Sheet .................:     1
! SUMMARY-                                 -----
! SUMMARY-  Total                              1
! STATUS-   Creating the UG part (Phase 3 of 3): 12-JUL-2026  12:42:50 AM
! INFO-     Filing Part ..: D:\Universidad\11vo semestre\APM\Gemelo digital\Modelos descargados\Celda_linea_2_1\u403000000000001-3120-60-30_119
! SUMMARY-   
! SUMMARY-  Summary of Unigraphics Part Entities
! SUMMARY-   
! SUMMARY-  Entities Processed             Count
! SUMMARY-  ------------------             -----
! SUMMARY-  Solid/Sheet .................:     1
! SUMMARY-                                 -----
! SUMMARY-  Total                              1
! STATUS-   Creating the UG part (Phase 3 of 3): 12-JUL-2026  12:42:50 AM
! INFO-     Filing Part ..: D:\Universidad\11vo semestre\APM\Gemelo digital\Modelos descargados\Celda_linea_2_1\u403000000000001-3120-60-30_118
! SUMMARY-   
! SUMMARY-  Summary of Unigraphics Part Entities
! SUMMARY-   
! SUMMARY-  Entities Processed             Count
! SUMMARY-  ------------------             -----
! SUMMARY-  Solid/Sheet .................:     1
! SUMMARY-                                 -----
! SUMMARY-  Total                              1
! STATUS-   Creating the UG part (Phase 3 of 3): 12-JUL-2026  12:42:50 AM
! INFO-     Filing Part ..: D:\Universidad\11vo semestre\APM\Gemelo digital\Modelos descargados\Celda_linea_2_1\u403000000000001-3120-60-30_117
! SUMMARY-   
! SUMMARY-  Summary of Unigraphics Part Entities
! SUMMARY-   
! SUMMARY-  Entities Processed             Count
! SUMMARY-  ------------------             -----
! SUMMARY-  Solid/Sheet .................:     1
! SUMMARY-                                 -----
! SUMMARY-  Total                              1
! STATUS-   Creating the UG part (Phase 3 of 3): 12-JUL-2026  12:42:50 AM
! INFO-     Filing Part ..: D:\Universidad\11vo semestre\APM\Gemelo digital\Modelos descargados\Celda_linea_2_1\u403000000000001-3120-60-30_116
! SUMMARY-   
! SUMMARY-  Summary of Unigraphics Part Entities
! SUMMARY-   
! SUMMARY-  Entities Processed             Count
! SUMMARY-  ------------------             -----
! SUMMARY-  Solid/Sheet .................:     1
! SUMMARY-                                 -----
! SUMMARY-  Total                              1
! STATUS-   Creating the UG part (Phase 3 of 3): 12-JUL-2026  12:42:50 AM
! INFO-     Filing Part ..: D:\Universidad\11vo semestre\APM\Gemelo digital\Modelos descargados\Celda_linea_2_1\u403000000000001-3120-60-30_115
! SUMMARY-   
! SUMMARY-  Summary of Unigraphics Part Entities
! SUMMARY-   
! SUMMARY-  Entities Processed             Count
! SUMMARY-  ------------------             -----
! SUMMARY-  Solid/Sheet .................:     1
! SUMMARY-                                 -----
! SUMMARY-  Total                              1
! STATUS-   Creating the UG part (Phase 3 of 3): 12-JUL-2026  12:42:50 AM
! INFO-     Filing Part ..: D:\Universidad\11vo semestre\APM\Gemelo digital\Modelos descargados\Celda_linea_2_1\u403000000000001-3120-60-30_114
! SUMMARY-   
! SUMMARY-  Summary of Unigraphics Part Entities
! SUMMARY-   
! SUMMARY-  Entities Processed             Count
! SUMMARY-  ------------------             -----
! SUMMARY-  Solid/Sheet .................:     1
! SUMMARY-                                 -----
! SUMMARY-  Total                              1
! STATUS-   Creating the UG part (Phase 3 of 3): 12-JUL-2026  12:42:50 AM
! INFO-     Filing Part ..: D:\Universidad\11vo semestre\APM\Gemelo digital\Modelos descargados\Celda_linea_2_1\u403000000000001-3120-60-30_113
! SUMMARY-   
! SUMMARY-  Summary of Unigraphics Part Entities
! SUMMARY-   
! SUMMARY-  Entities Processed             Count
! SUMMARY-  ------------------             -----
! SUMMARY-  Solid/Sheet .................:     1
! SUMMARY-                                 -----
! SUMMARY-  Total                              1
! STATUS-   Creating the UG part (Phase 3 of 3): 12-JUL-2026  12:42:50 AM
! INFO-     Filing Part ..: D:\Universidad\11vo semestre\APM\Gemelo digital\Modelos descargados\Celda_linea_2_1\u403000000000001-3120-60-30_112
! SUMMARY-   
! SUMMARY-  Summary of Unigraphics Part Entities
! SUMMARY-   
! SUMMARY-  Entities Processed             Count
! SUMMARY-  ------------------             -----
! SUMMARY-  Solid/Sheet .................:     1
! SUMMARY-                                 -----
! SUMMARY-  Total                              1
! STATUS-   Creating the UG part (Phase 3 of 3): 12-JUL-2026  12:42:50 AM
! INFO-     Filing Part ..: D:\Universidad\11vo semestre\APM\Gemelo digital\Modelos descargados\Celda_linea_2_1\u403000000000001-3120-60-30_111
! SUMMARY-   
! SUMMARY-  Summary of Unigraphics Part Entities
! SUMMARY-   
! SUMMARY-  Entities Processed             Count
! SUMMARY-  ------------------             -----
! SUMMARY-  Solid/Sheet .................:     1
! SUMMARY-                                 -----
! SUMMARY-  Total                              1
! STATUS-   Creating the UG part (Phase 3 of 3): 12-JUL-2026  12:42:51 AM
! INFO-     Filing Part ..: D:\Universidad\11vo semestre\APM\Gemelo digital\Modelos descargados\Celda_linea_2_1\u403000000000001-3120-60-30_110
! SUMMARY-   
! SUMMARY-  Summary of Unigraphics Part Entities
! SUMMARY-   
! SUMMARY-  Entities Processed             Count
! SUMMARY-  ------------------             -----
! SUMMARY-  Solid/Sheet .................:     1
! SUMMARY-                                 -----
! SUMMARY-  Total                              1
! STATUS-   Creating the UG part (Phase 3 of 3): 12-JUL-2026  12:42:51 AM
! INFO-     Filing Part ..: D:\Universidad\11vo semestre\APM\Gemelo digital\Modelos descargados\Celda_linea_2_1\u403000000000001-3120-60-30_109
! SUMMARY-   
! SUMMARY-  Summary of Unigraphics Part Entities
! SUMMARY-   
! SUMMARY-  Entities Processed             Count
! SUMMARY-  ------------------             -----
! SUMMARY-  Solid/Sheet .................:     1
! SUMMARY-                                 -----
! SUMMARY-  Total                              1
! STATUS-   Creating the UG part (Phase 3 of 3): 12-JUL-2026  12:42:51 AM
! INFO-     Filing Part ..: D:\Universidad\11vo semestre\APM\Gemelo digital\Modelos descargados\Celda_linea_2_1\u403000000000001-3120-60-30_108
! SUMMARY-   
! SUMMARY-  Summary of Unigraphics Part Entities
! SUMMARY-   
! SUMMARY-  Entities Processed             Count
! SUMMARY-  ------------------             -----
! SUMMARY-  Solid/Sheet .................:     1
! SUMMARY-                                 -----
! SUMMARY-  Total                              1
! STATUS-   Creating the UG part (Phase 3 of 3): 12-JUL-2026  12:42:51 AM
! INFO-     Filing Part ..: D:\Universidad\11vo semestre\APM\Gemelo digital\Modelos descargados\Celda_linea_2_1\u403000000000001-3120-60-30_107
! SUMMARY-   
! SUMMARY-  Summary of Unigraphics Part Entities
! SUMMARY-   
! SUMMARY-  Entities Processed             Count
! SUMMARY-  ------------------             -----
! SUMMARY-  Solid/Sheet .................:     1
! SUMMARY-                                 -----
! SUMMARY-  Total                              1
! STATUS-   Creating the UG part (Phase 3 of 3): 12-JUL-2026  12:42:51 AM
! INFO-     Filing Part ..: D:\Universidad\11vo semestre\APM\Gemelo digital\Modelos descargados\Celda_linea_2_1\u403000000000001-3120-60-30_106
! SUMMARY-   
! SUMMARY-  Summary of Unigraphics Part Entities
! SUMMARY-   
! SUMMARY-  Entities Processed             Count
! SUMMARY-  ------------------             -----
! SUMMARY-  Solid/Sheet .................:     1
! SUMMARY-                                 -----
! SUMMARY-  Total                              1
! STATUS-   Creating the UG part (Phase 3 of 3): 12-JUL-2026  12:42:51 AM
! INFO-     Filing Part ..: D:\Universidad\11vo semestre\APM\Gemelo digital\Modelos descargados\Celda_linea_2_1\u403000000000001-3120-60-30_105
! SUMMARY-   
! SUMMARY-  Summary of Unigraphics Part Entities
! SUMMARY-   
! SUMMARY-  Entities Processed             Count
! SUMMARY-  ------------------             -----
! SUMMARY-  Solid/Sheet .................:     1
! SUMMARY-                                 -----
! SUMMARY-  Total                              1
! STATUS-   Creating the UG part (Phase 3 of 3): 12-JUL-2026  12:42:51 AM
! INFO-     Filing Part ..: D:\Universidad\11vo semestre\APM\Gemelo digital\Modelos descargados\Celda_linea_2_1\u403000000000001-3120-60-30_104
! SUMMARY-   
! SUMMARY-  Summary of Unigraphics Part Entities
! SUMMARY-   
! SUMMARY-  Entities Processed             Count
! SUMMARY-  ------------------             -----
! SUMMARY-  Solid/Sheet .................:     1
! SUMMARY-                                 -----
! SUMMARY-  Total                              1
! STATUS-   Creating the UG part (Phase 3 of 3): 12-JUL-2026  12:42:51 AM
! INFO-     Filing Part ..: D:\Universidad\11vo semestre\APM\Gemelo digital\Modelos descargados\Celda_linea_2_1\u403000000000001-3120-60-30_103
! SUMMARY-   
! SUMMARY-  Summary of Unigraphics Part Entities
! SUMMARY-   
! SUMMARY-  Entities Processed             Count
! SUMMARY-  ------------------             -----
! SUMMARY-  Solid/Sheet .................:     1
! SUMMARY-                                 -----
! SUMMARY-  Total                              1
! STATUS-   Creating the UG part (Phase 3 of 3): 12-JUL-2026  12:42:52 AM
! INFO-     Filing Part ..: D:\Universidad\11vo semestre\APM\Gemelo digital\Modelos descargados\Celda_linea_2_1\u403000000000001-3120-60-30_102
! SUMMARY-   
! SUMMARY-  Summary of Unigraphics Part Entities
! SUMMARY-   
! SUMMARY-  Entities Processed             Count
! SUMMARY-  ------------------             -----
! SUMMARY-  Solid/Sheet .................:     1
! SUMMARY-                                 -----
! SUMMARY-  Total                              1
! STATUS-   Creating the UG part (Phase 3 of 3): 12-JUL-2026  12:42:52 AM
! INFO-     Filing Part ..: D:\Universidad\11vo semestre\APM\Gemelo digital\Modelos descargados\Celda_linea_2_1\u403000000000001-3120-60-30_101
! SUMMARY-   
! SUMMARY-  Summary of Unigraphics Part Entities
! SUMMARY-   
! SUMMARY-  Entities Processed             Count
! SUMMARY-  ------------------             -----
! SUMMARY-  Solid/Sheet .................:     1
! SUMMARY-                                 -----
! SUMMARY-  Total                              1
! STATUS-   Creating the UG part (Phase 3 of 3): 12-JUL-2026  12:42:52 AM
! INFO-     Filing Part ..: D:\Universidad\11vo semestre\APM\Gemelo digital\Modelos descargados\Celda_linea_2_1\u403000000000001-3120-60-30_100
! SUMMARY-   
! SUMMARY-  Summary of Unigraphics Part Entities
! SUMMARY-   
! SUMMARY-  Entities Processed             Count
! SUMMARY-  ------------------             -----
! SUMMARY-  Solid/Sheet .................:     1
! SUMMARY-                                 -----
! SUMMARY-  Total                              1
! STATUS-   Creating the UG part (Phase 3 of 3): 12-JUL-2026  12:42:52 AM
! INFO-     Filing Part ..: D:\Universidad\11vo semestre\APM\Gemelo digital\Modelos descargados\Celda_linea_2_1\u403000000000001-3120-60-30_99
! SUMMARY-   
! SUMMARY-  Summary of Unigraphics Part Entities
! SUMMARY-   
! SUMMARY-  Entities Processed             Count
! SUMMARY-  ------------------             -----
! SUMMARY-  Solid/Sheet .................:     1
! SUMMARY-                                 -----
! SUMMARY-  Total                              1
! STATUS-   Creating the UG part (Phase 3 of 3): 12-JUL-2026  12:42:52 AM
! INFO-     Filing Part ..: D:\Universidad\11vo semestre\APM\Gemelo digital\Modelos descargados\Celda_linea_2_1\u403000000000001-3120-60-30_98
! SUMMARY-   
! SUMMARY-  Summary of Unigraphics Part Entities
! SUMMARY-   
! SUMMARY-  Entities Processed             Count
! SUMMARY-  ------------------             -----
! SUMMARY-  Solid/Sheet .................:     1
! SUMMARY-                                 -----
! SUMMARY-  Total                              1
! STATUS-   Creating the UG part (Phase 3 of 3): 12-JUL-2026  12:42:52 AM
! INFO-     Filing Part ..: D:\Universidad\11vo semestre\APM\Gemelo digital\Modelos descargados\Celda_linea_2_1\u403000000000001-3120-60-30_97
! SUMMARY-   
! SUMMARY-  Summary of Unigraphics Part Entities
! SUMMARY-   
! SUMMARY-  Entities Processed             Count
! SUMMARY-  ------------------             -----
! SUMMARY-  Solid/Sheet .................:     1
! SUMMARY-                                 -----
! SUMMARY-  Total                              1
! STATUS-   Creating the UG part (Phase 3 of 3): 12-JUL-2026  12:42:52 AM
! INFO-     Filing Part ..: D:\Universidad\11vo semestre\APM\Gemelo digital\Modelos descargados\Celda_linea_2_1\u403000000000001-3120-60-30_96
! SUMMARY-   
! SUMMARY-  Summary of Unigraphics Part Entities
! SUMMARY-   
! SUMMARY-  Entities Processed             Count
! SUMMARY-  ------------------             -----
! SUMMARY-  Solid/Sheet .................:     1
! SUMMARY-                                 -----
! SUMMARY-  Total                              1
! STATUS-   Creating the UG part (Phase 3 of 3): 12-JUL-2026  12:42:52 AM
! INFO-     Filing Part ..: D:\Universidad\11vo semestre\APM\Gemelo digital\Modelos descargados\Celda_linea_2_1\u403000000000001-3120-60-30_95
! SUMMARY-   
! SUMMARY-  Summary of Unigraphics Part Entities
! SUMMARY-   
! SUMMARY-  Entities Processed             Count
! SUMMARY-  ------------------             -----
! SUMMARY-  Solid/Sheet .................:     1
! SUMMARY-                                 -----
! SUMMARY-  Total                              1
! STATUS-   Creating the UG part (Phase 3 of 3): 12-JUL-2026  12:42:53 AM
! INFO-     Filing Part ..: D:\Universidad\11vo semestre\APM\Gemelo digital\Modelos descargados\Celda_linea_2_1\u403000000000001-3120-60-30_94
! SUMMARY-   
! SUMMARY-  Summary of Unigraphics Part Entities
! SUMMARY-   
! SUMMARY-  Entities Processed             Count
! SUMMARY-  ------------------             -----
! SUMMARY-  Solid/Sheet .................:     1
! SUMMARY-                                 -----
! SUMMARY-  Total                              1
! STATUS-   Creating the UG part (Phase 3 of 3): 12-JUL-2026  12:42:53 AM
! INFO-     Filing Part ..: D:\Universidad\11vo semestre\APM\Gemelo digital\Modelos descargados\Celda_linea_2_1\u403000000000001-3120-60-30_93
! SUMMARY-   
! SUMMARY-  Summary of Unigraphics Part Entities
! SUMMARY-   
! SUMMARY-  Entities Processed             Count
! SUMMARY-  ------------------             -----
! SUMMARY-  Solid/Sheet .................:     1
! SUMMARY-                                 -----
! SUMMARY-  Total                              1
! STATUS-   Creating the UG part (Phase 3 of 3): 12-JUL-2026  12:42:53 AM
! INFO-     Filing Part ..: D:\Universidad\11vo semestre\APM\Gemelo digital\Modelos descargados\Celda_linea_2_1\u403000000000001-3120-60-30_92
! SUMMARY-   
! SUMMARY-  Summary of Unigraphics Part Entities
! SUMMARY-   
! SUMMARY-  Entities Processed             Count
! SUMMARY-  ------------------             -----
! SUMMARY-  Solid/Sheet .................:     1
! SUMMARY-                                 -----
! SUMMARY-  Total                              1
! STATUS-   Creating the UG part (Phase 3 of 3): 12-JUL-2026  12:42:53 AM
! INFO-     Filing Part ..: D:\Universidad\11vo semestre\APM\Gemelo digital\Modelos descargados\Celda_linea_2_1\u403000000000001-3120-60-30_91
! SUMMARY-   
! SUMMARY-  Summary of Unigraphics Part Entities
! SUMMARY-   
! SUMMARY-  Entities Processed             Count
! SUMMARY-  ------------------             -----
! SUMMARY-  Solid/Sheet .................:     1
! SUMMARY-                                 -----
! SUMMARY-  Total                              1
! STATUS-   Creating the UG part (Phase 3 of 3): 12-JUL-2026  12:42:53 AM
! INFO-     Filing Part ..: D:\Universidad\11vo semestre\APM\Gemelo digital\Modelos descargados\Celda_linea_2_1\u403000000000001-3120-60-30_90
! SUMMARY-   
! SUMMARY-  Summary of Unigraphics Part Entities
! SUMMARY-   
! SUMMARY-  Entities Processed             Count
! SUMMARY-  ------------------             -----
! SUMMARY-  Solid/Sheet .................:     1
! SUMMARY-                                 -----
! SUMMARY-  Total                              1
! STATUS-   Creating the UG part (Phase 3 of 3): 12-JUL-2026  12:42:53 AM
! INFO-     Filing Part ..: D:\Universidad\11vo semestre\APM\Gemelo digital\Modelos descargados\Celda_linea_2_1\u403000000000001-3120-60-30_89
! SUMMARY-   
! SUMMARY-  Summary of Unigraphics Part Entities
! SUMMARY-   
! SUMMARY-  Entities Processed             Count
! SUMMARY-  ------------------             -----
! SUMMARY-  Solid/Sheet .................:     1
! SUMMARY-                                 -----
! SUMMARY-  Total                              1
! STATUS-   Creating the UG part (Phase 3 of 3): 12-JUL-2026  12:42:53 AM
! INFO-     Filing Part ..: D:\Universidad\11vo semestre\APM\Gemelo digital\Modelos descargados\Celda_linea_2_1\u403000000000001-3120-60-30_88
! SUMMARY-   
! SUMMARY-  Summary of Unigraphics Part Entities
! SUMMARY-   
! SUMMARY-  Entities Processed             Count
! SUMMARY-  ------------------             -----
! SUMMARY-  Solid/Sheet .................:     1
! SUMMARY-                                 -----
! SUMMARY-  Total                              1
! STATUS-   Creating the UG part (Phase 3 of 3): 12-JUL-2026  12:42:53 AM
! INFO-     Filing Part ..: D:\Universidad\11vo semestre\APM\Gemelo digital\Modelos descargados\Celda_linea_2_1\u403000000000001-3120-60-30_87
! SUMMARY-   
! SUMMARY-  Summary of Unigraphics Part Entities
! SUMMARY-   
! SUMMARY-  Entities Processed             Count
! SUMMARY-  ------------------             -----
! SUMMARY-  Solid/Sheet .................:     1
! SUMMARY-                                 -----
! SUMMARY-  Total                              1
! STATUS-   Creating the UG part (Phase 3 of 3): 12-JUL-2026  12:42:53 AM
! INFO-     Filing Part ..: D:\Universidad\11vo semestre\APM\Gemelo digital\Modelos descargados\Celda_linea_2_1\u403000000000001-3120-60-30_86
! SUMMARY-   
! SUMMARY-  Summary of Unigraphics Part Entities
! SUMMARY-   
! SUMMARY-  Entities Processed             Count
! SUMMARY-  ------------------             -----
! SUMMARY-  Solid/Sheet .................:     1
! SUMMARY-                                 -----
! SUMMARY-  Total                              1
! STATUS-   Creating the UG part (Phase 3 of 3): 12-JUL-2026  12:42:53 AM
! INFO-     Filing Part ..: D:\Universidad\11vo semestre\APM\Gemelo digital\Modelos descargados\Celda_linea_2_1\u403000000000001-3120-60-30_85
! SUMMARY-   
! SUMMARY-  Summary of Unigraphics Part Entities
! SUMMARY-   
! SUMMARY-  Entities Processed             Count
! SUMMARY-  ------------------             -----
! SUMMARY-  Solid/Sheet .................:     1
! SUMMARY-                                 -----
! SUMMARY-  Total                              1
! STATUS-   Creating the UG part (Phase 3 of 3): 12-JUL-2026  12:42:54 AM
! INFO-     Filing Part ..: D:\Universidad\11vo semestre\APM\Gemelo digital\Modelos descargados\Celda_linea_2_1\u403000000000001-3120-60-30_84
! SUMMARY-   
! SUMMARY-  Summary of Unigraphics Part Entities
! SUMMARY-   
! SUMMARY-  Entities Processed             Count
! SUMMARY-  ------------------             -----
! SUMMARY-  Solid/Sheet .................:     1
! SUMMARY-                                 -----
! SUMMARY-  Total                              1
! STATUS-   Creating the UG part (Phase 3 of 3): 12-JUL-2026  12:42:54 AM
! INFO-     Filing Part ..: D:\Universidad\11vo semestre\APM\Gemelo digital\Modelos descargados\Celda_linea_2_1\u403000000000001-3120-60-30_83
! SUMMARY-   
! SUMMARY-  Summary of Unigraphics Part Entities
! SUMMARY-   
! SUMMARY-  Entities Processed             Count
! SUMMARY-  ------------------             -----
! SUMMARY-  Solid/Sheet .................:     1
! SUMMARY-                                 -----
! SUMMARY-  Total                              1
! STATUS-   Creating the UG part (Phase 3 of 3): 12-JUL-2026  12:42:54 AM
! INFO-     Filing Part ..: D:\Universidad\11vo semestre\APM\Gemelo digital\Modelos descargados\Celda_linea_2_1\u403000000000001-3120-60-30_82
! SUMMARY-   
! SUMMARY-  Summary of Unigraphics Part Entities
! SUMMARY-   
! SUMMARY-  Entities Processed             Count
! SUMMARY-  ------------------             -----
! SUMMARY-  Solid/Sheet .................:     1
! SUMMARY-                                 -----
! SUMMARY-  Total                              1
! STATUS-   Creating the UG part (Phase 3 of 3): 12-JUL-2026  12:42:54 AM
! INFO-     Filing Part ..: D:\Universidad\11vo semestre\APM\Gemelo digital\Modelos descargados\Celda_linea_2_1\u403000000000001-3120-60-30_81
! SUMMARY-   
! SUMMARY-  Summary of Unigraphics Part Entities
! SUMMARY-   
! SUMMARY-  Entities Processed             Count
! SUMMARY-  ------------------             -----
! SUMMARY-  Solid/Sheet .................:     1
! SUMMARY-                                 -----
! SUMMARY-  Total                              1
! STATUS-   Creating the UG part (Phase 3 of 3): 12-JUL-2026  12:42:54 AM
! INFO-     Filing Part ..: D:\Universidad\11vo semestre\APM\Gemelo digital\Modelos descargados\Celda_linea_2_1\u403000000000001-3120-60-30_80
! SUMMARY-   
! SUMMARY-  Summary of Unigraphics Part Entities
! SUMMARY-   
! SUMMARY-  Entities Processed             Count
! SUMMARY-  ------------------             -----
! SUMMARY-  Solid/Sheet .................:     1
! SUMMARY-                                 -----
! SUMMARY-  Total                              1
! STATUS-   Creating the UG part (Phase 3 of 3): 12-JUL-2026  12:42:54 AM
! INFO-     Filing Part ..: D:\Universidad\11vo semestre\APM\Gemelo digital\Modelos descargados\Celda_linea_2_1\u403000000000001-3120-60-30_79
! SUMMARY-   
! SUMMARY-  Summary of Unigraphics Part Entities
! SUMMARY-   
! SUMMARY-  Entities Processed             Count
! SUMMARY-  ------------------             -----
! SUMMARY-  Solid/Sheet .................:     1
! SUMMARY-                                 -----
! SUMMARY-  Total                              1
! STATUS-   Creating the UG part (Phase 3 of 3): 12-JUL-2026  12:42:54 AM
! INFO-     Filing Part ..: D:\Universidad\11vo semestre\APM\Gemelo digital\Modelos descargados\Celda_linea_2_1\u403000000000001-3120-60-30_78
! SUMMARY-   
! SUMMARY-  Summary of Unigraphics Part Entities
! SUMMARY-   
! SUMMARY-  Entities Processed             Count
! SUMMARY-  ------------------             -----
! SUMMARY-  Solid/Sheet .................:     1
! SUMMARY-                                 -----
! SUMMARY-  Total                              1
! STATUS-   Creating the UG part (Phase 3 of 3): 12-JUL-2026  12:42:54 AM
! INFO-     Filing Part ..: D:\Universidad\11vo semestre\APM\Gemelo digital\Modelos descargados\Celda_linea_2_1\u403000000000001-3120-60-30_77
! SUMMARY-   
! SUMMARY-  Summary of Unigraphics Part Entities
! SUMMARY-   
! SUMMARY-  Entities Processed             Count
! SUMMARY-  ------------------             -----
! SUMMARY-  Solid/Sheet .................:     1
! SUMMARY-                                 -----
! SUMMARY-  Total                              1
! STATUS-   Creating the UG part (Phase 3 of 3): 12-JUL-2026  12:42:54 AM
! INFO-     Filing Part ..: D:\Universidad\11vo semestre\APM\Gemelo digital\Modelos descargados\Celda_linea_2_1\u403000000000001-3120-60-30_76
! SUMMARY-   
! SUMMARY-  Summary of Unigraphics Part Entities
! SUMMARY-   
! SUMMARY-  Entities Processed             Count
! SUMMARY-  ------------------             -----
! SUMMARY-  Solid/Sheet .................:     1
! SUMMARY-                                 -----
! SUMMARY-  Total                              1
! STATUS-   Creating the UG part (Phase 3 of 3): 12-JUL-2026  12:42:55 AM
! INFO-     Filing Part ..: D:\Universidad\11vo semestre\APM\Gemelo digital\Modelos descargados\Celda_linea_2_1\u403000000000001-3120-60-30_75
! SUMMARY-   
! SUMMARY-  Summary of Unigraphics Part Entities
! SUMMARY-   
! SUMMARY-  Entities Processed             Count
! SUMMARY-  ------------------             -----
! SUMMARY-  Solid/Sheet .................:     1
! SUMMARY-                                 -----
! SUMMARY-  Total                              1
! STATUS-   Creating the UG part (Phase 3 of 3): 12-JUL-2026  12:42:55 AM
! INFO-     Filing Part ..: D:\Universidad\11vo semestre\APM\Gemelo digital\Modelos descargados\Celda_linea_2_1\u403000000000001-3120-60-30_74
! SUMMARY-   
! SUMMARY-  Summary of Unigraphics Part Entities
! SUMMARY-   
! SUMMARY-  Entities Processed             Count
! SUMMARY-  ------------------             -----
! SUMMARY-  Solid/Sheet .................:     1
! SUMMARY-                                 -----
! SUMMARY-  Total                              1
! STATUS-   Creating the UG part (Phase 3 of 3): 12-JUL-2026  12:42:55 AM
! INFO-     Filing Part ..: D:\Universidad\11vo semestre\APM\Gemelo digital\Modelos descargados\Celda_linea_2_1\u403000000000001-3120-60-30_73
! SUMMARY-   
! SUMMARY-  Summary of Unigraphics Part Entities
! SUMMARY-   
! SUMMARY-  Entities Processed             Count
! SUMMARY-  ------------------             -----
! SUMMARY-  Solid/Sheet .................:     1
! SUMMARY-                                 -----
! SUMMARY-  Total                              1
! STATUS-   Creating the UG part (Phase 3 of 3): 12-JUL-2026  12:42:55 AM
! INFO-     Filing Part ..: D:\Universidad\11vo semestre\APM\Gemelo digital\Modelos descargados\Celda_linea_2_1\u403000000000001-3120-60-30_72
! SUMMARY-   
! SUMMARY-  Summary of Unigraphics Part Entities
! SUMMARY-   
! SUMMARY-  Entities Processed             Count
! SUMMARY-  ------------------             -----
! SUMMARY-  Solid/Sheet .................:     1
! SUMMARY-                                 -----
! SUMMARY-  Total                              1
! STATUS-   Creating the UG part (Phase 3 of 3): 12-JUL-2026  12:42:55 AM
! INFO-     Filing Part ..: D:\Universidad\11vo semestre\APM\Gemelo digital\Modelos descargados\Celda_linea_2_1\u403000000000001-3120-60-30_71
! SUMMARY-   
! SUMMARY-  Summary of Unigraphics Part Entities
! SUMMARY-   
! SUMMARY-  Entities Processed             Count
! SUMMARY-  ------------------             -----
! SUMMARY-  Solid/Sheet .................:     1
! SUMMARY-                                 -----
! SUMMARY-  Total                              1
! STATUS-   Creating the UG part (Phase 3 of 3): 12-JUL-2026  12:42:55 AM
! INFO-     Filing Part ..: D:\Universidad\11vo semestre\APM\Gemelo digital\Modelos descargados\Celda_linea_2_1\u403000000000001-3120-60-30_70
! SUMMARY-   
! SUMMARY-  Summary of Unigraphics Part Entities
! SUMMARY-   
! SUMMARY-  Entities Processed             Count
! SUMMARY-  ------------------             -----
! SUMMARY-  Solid/Sheet .................:     1
! SUMMARY-                                 -----
! SUMMARY-  Total                              1
! STATUS-   Creating the UG part (Phase 3 of 3): 12-JUL-2026  12:42:55 AM
! INFO-     Filing Part ..: D:\Universidad\11vo semestre\APM\Gemelo digital\Modelos descargados\Celda_linea_2_1\u403000000000001-3120-60-30_69
! SUMMARY-   
! SUMMARY-  Summary of Unigraphics Part Entities
! SUMMARY-   
! SUMMARY-  Entities Processed             Count
! SUMMARY-  ------------------             -----
! SUMMARY-  Solid/Sheet .................:     1
! SUMMARY-                                 -----
! SUMMARY-  Total                              1
! STATUS-   Creating the UG part (Phase 3 of 3): 12-JUL-2026  12:42:56 AM
! INFO-     Filing Part ..: D:\Universidad\11vo semestre\APM\Gemelo digital\Modelos descargados\Celda_linea_2_1\u403000000000001-3120-60-30_68
! SUMMARY-   
! SUMMARY-  Summary of Unigraphics Part Entities
! SUMMARY-   
! SUMMARY-  Entities Processed             Count
! SUMMARY-  ------------------             -----
! SUMMARY-  Solid/Sheet .................:     1
! SUMMARY-                                 -----
! SUMMARY-  Total                              1
! STATUS-   Creating the UG part (Phase 3 of 3): 12-JUL-2026  12:42:56 AM
! INFO-     Filing Part ..: D:\Universidad\11vo semestre\APM\Gemelo digital\Modelos descargados\Celda_linea_2_1\u403000000000001-3120-60-30_67
! SUMMARY-   
! SUMMARY-  Summary of Unigraphics Part Entities
! SUMMARY-   
! SUMMARY-  Entities Processed             Count
! SUMMARY-  ------------------             -----
! SUMMARY-  Solid/Sheet .................:     1
! SUMMARY-                                 -----
! SUMMARY-  Total                              1
! STATUS-   Creating the UG part (Phase 3 of 3): 12-JUL-2026  12:42:56 AM
! INFO-     Filing Part ..: D:\Universidad\11vo semestre\APM\Gemelo digital\Modelos descargados\Celda_linea_2_1\u403000000000001-3120-60-30_66
! SUMMARY-   
! SUMMARY-  Summary of Unigraphics Part Entities
! SUMMARY-   
! SUMMARY-  Entities Processed             Count
! SUMMARY-  ------------------             -----
! SUMMARY-  Solid/Sheet .................:     1
! SUMMARY-                                 -----
! SUMMARY-  Total                              1
! STATUS-   Creating the UG part (Phase 3 of 3): 12-JUL-2026  12:42:56 AM
! INFO-     Filing Part ..: D:\Universidad\11vo semestre\APM\Gemelo digital\Modelos descargados\Celda_linea_2_1\u403000000000001-3120-60-30_65
! SUMMARY-   
! SUMMARY-  Summary of Unigraphics Part Entities
! SUMMARY-   
! SUMMARY-  Entities Processed             Count
! SUMMARY-  ------------------             -----
! SUMMARY-  Solid/Sheet .................:     1
! SUMMARY-                                 -----
! SUMMARY-  Total                              1
! STATUS-   Creating the UG part (Phase 3 of 3): 12-JUL-2026  12:42:59 AM
! INFO-     Filing Part ..: D:\Universidad\11vo semestre\APM\Gemelo digital\Modelos descargados\Celda_linea_2_1\u403000000000001-3120-60-30_64
! SUMMARY-   
! SUMMARY-  Summary of Unigraphics Part Entities
! SUMMARY-   
! SUMMARY-  Entities Processed             Count
! SUMMARY-  ------------------             -----
! SUMMARY-  Solid/Sheet .................:     1
! SUMMARY-                                 -----
! SUMMARY-  Total                              1
! STATUS-   Creating the UG part (Phase 3 of 3): 12-JUL-2026  12:42:59 AM
! INFO-     Filing Part ..: D:\Universidad\11vo semestre\APM\Gemelo digital\Modelos descargados\Celda_linea_2_1\u403000000000001-3120-60-30_63
! SUMMARY-   
! SUMMARY-  Summary of Unigraphics Part Entities
! SUMMARY-   
! SUMMARY-  Entities Processed             Count
! SUMMARY-  ------------------             -----
! SUMMARY-  Solid/Sheet .................:     1
! SUMMARY-                                 -----
! SUMMARY-  Total                              1
! STATUS-   Creating the UG part (Phase 3 of 3): 12-JUL-2026  12:42:59 AM
! INFO-     Filing Part ..: D:\Universidad\11vo semestre\APM\Gemelo digital\Modelos descargados\Celda_linea_2_1\u403000000000001-3120-60-30_62
! SUMMARY-   
! SUMMARY-  Summary of Unigraphics Part Entities
! SUMMARY-   
! SUMMARY-  Entities Processed             Count
! SUMMARY-  ------------------             -----
! SUMMARY-  Solid/Sheet .................:     1
! SUMMARY-                                 -----
! SUMMARY-  Total                              1
! STATUS-   Creating the UG part (Phase 3 of 3): 12-JUL-2026  12:43:00 AM
! INFO-     Filing Part ..: D:\Universidad\11vo semestre\APM\Gemelo digital\Modelos descargados\Celda_linea_2_1\u403000000000001-3120-60-30_61
! SUMMARY-   
! SUMMARY-  Summary of Unigraphics Part Entities
! SUMMARY-   
! SUMMARY-  Entities Processed             Count
! SUMMARY-  ------------------             -----
! SUMMARY-  Solid/Sheet .................:     1
! SUMMARY-                                 -----
! SUMMARY-  Total                              1
! STATUS-   Creating the UG part (Phase 3 of 3): 12-JUL-2026  12:43:00 AM
! INFO-     Filing Part ..: D:\Universidad\11vo semestre\APM\Gemelo digital\Modelos descargados\Celda_linea_2_1\u403000000000001-3120-60-30_60
! SUMMARY-   
! SUMMARY-  Summary of Unigraphics Part Entities
! SUMMARY-   
! SUMMARY-  Entities Processed             Count
! SUMMARY-  ------------------             -----
! SUMMARY-  Solid/Sheet .................:     1
! SUMMARY-                                 -----
! SUMMARY-  Total                              1
! STATUS-   Creating the UG part (Phase 3 of 3): 12-JUL-2026  12:43:00 AM
! INFO-     Filing Part ..: D:\Universidad\11vo semestre\APM\Gemelo digital\Modelos descargados\Celda_linea_2_1\u403000000000001-3120-60-30_59
! SUMMARY-   
! SUMMARY-  Summary of Unigraphics Part Entities
! SUMMARY-   
! SUMMARY-  Entities Processed             Count
! SUMMARY-  ------------------             -----
! SUMMARY-  Solid/Sheet .................:     1
! SUMMARY-                                 -----
! SUMMARY-  Total                              1
! STATUS-   Creating the UG part (Phase 3 of 3): 12-JUL-2026  12:43:04 AM
! INFO-     Filing Part ..: D:\Universidad\11vo semestre\APM\Gemelo digital\Modelos descargados\Celda_linea_2_1\u403000000000001-3120-60-30_58
! SUMMARY-   
! SUMMARY-  Summary of Unigraphics Part Entities
! SUMMARY-   
! SUMMARY-  Entities Processed             Count
! SUMMARY-  ------------------             -----
! SUMMARY-  Solid/Sheet .................:     1
! SUMMARY-                                 -----
! SUMMARY-  Total                              1
! STATUS-   Creating the UG part (Phase 3 of 3): 12-JUL-2026  12:43:04 AM
! INFO-     Filing Part ..: D:\Universidad\11vo semestre\APM\Gemelo digital\Modelos descargados\Celda_linea_2_1\u403000000000001-3120-60-30_57
! SUMMARY-   
! SUMMARY-  Summary of Unigraphics Part Entities
! SUMMARY-   
! SUMMARY-  Entities Processed             Count
! SUMMARY-  ------------------             -----
! SUMMARY-  Solid/Sheet .................:     1
! SUMMARY-                                 -----
! SUMMARY-  Total                              1
! STATUS-   Creating the UG part (Phase 3 of 3): 12-JUL-2026  12:43:04 AM
! INFO-     Filing Part ..: D:\Universidad\11vo semestre\APM\Gemelo digital\Modelos descargados\Celda_linea_2_1\u403000000000001-3120-60-30_56
! SUMMARY-   
! SUMMARY-  Summary of Unigraphics Part Entities
! SUMMARY-   
! SUMMARY-  Entities Processed             Count
! SUMMARY-  ------------------             -----
! SUMMARY-  Solid/Sheet .................:     1
! SUMMARY-                                 -----
! SUMMARY-  Total                              1
! STATUS-   Creating the UG part (Phase 3 of 3): 12-JUL-2026  12:43:04 AM
! INFO-     Filing Part ..: D:\Universidad\11vo semestre\APM\Gemelo digital\Modelos descargados\Celda_linea_2_1\u403000000000001-3120-60-30_55
! SUMMARY-   
! SUMMARY-  Summary of Unigraphics Part Entities
! SUMMARY-   
! SUMMARY-  Entities Processed             Count
! SUMMARY-  ------------------             -----
! SUMMARY-  Solid/Sheet .................:     1
! SUMMARY-                                 -----
! SUMMARY-  Total                              1
! STATUS-   Creating the UG part (Phase 3 of 3): 12-JUL-2026  12:43:04 AM
! INFO-     Filing Part ..: D:\Universidad\11vo semestre\APM\Gemelo digital\Modelos descargados\Celda_linea_2_1\u403000000000001-3120-60-30_54
! SUMMARY-   
! SUMMARY-  Summary of Unigraphics Part Entities
! SUMMARY-   
! SUMMARY-  Entities Processed             Count
! SUMMARY-  ------------------             -----
! SUMMARY-  Solid/Sheet .................:     1
! SUMMARY-                                 -----
! SUMMARY-  Total                              1
! STATUS-   Creating the UG part (Phase 3 of 3): 12-JUL-2026  12:43:04 AM
! INFO-     Filing Part ..: D:\Universidad\11vo semestre\APM\Gemelo digital\Modelos descargados\Celda_linea_2_1\u403000000000001-3120-60-30_53
! SUMMARY-   
! SUMMARY-  Summary of Unigraphics Part Entities
! SUMMARY-   
! SUMMARY-  Entities Processed             Count
! SUMMARY-  ------------------             -----
! SUMMARY-  Solid/Sheet .................:     1
! SUMMARY-                                 -----
! SUMMARY-  Total                              1
! STATUS-   Creating the UG part (Phase 3 of 3): 12-JUL-2026  12:43:04 AM
! INFO-     Filing Part ..: D:\Universidad\11vo semestre\APM\Gemelo digital\Modelos descargados\Celda_linea_2_1\u403000000000001-3120-60-30_52
! SUMMARY-   
! SUMMARY-  Summary of Unigraphics Part Entities
! SUMMARY-   
! SUMMARY-  Entities Processed             Count
! SUMMARY-  ------------------             -----
! SUMMARY-  Solid/Sheet .................:     1
! SUMMARY-                                 -----
! SUMMARY-  Total                              1
! STATUS-   Creating the UG part (Phase 3 of 3): 12-JUL-2026  12:43:05 AM
! INFO-     Filing Part ..: D:\Universidad\11vo semestre\APM\Gemelo digital\Modelos descargados\Celda_linea_2_1\u403000000000001-3120-60-30_51
! SUMMARY-   
! SUMMARY-  Summary of Unigraphics Part Entities
! SUMMARY-   
! SUMMARY-  Entities Processed             Count
! SUMMARY-  ------------------             -----
! SUMMARY-  Solid/Sheet .................:     1
! SUMMARY-                                 -----
! SUMMARY-  Total                              1
! STATUS-   Creating the UG part (Phase 3 of 3): 12-JUL-2026  12:43:05 AM
! INFO-     Filing Part ..: D:\Universidad\11vo semestre\APM\Gemelo digital\Modelos descargados\Celda_linea_2_1\u403000000000001-3120-60-30_50
! SUMMARY-   
! SUMMARY-  Summary of Unigraphics Part Entities
! SUMMARY-   
! SUMMARY-  Entities Processed             Count
! SUMMARY-  ------------------             -----
! SUMMARY-  Solid/Sheet .................:     1
! SUMMARY-                                 -----
! SUMMARY-  Total                              1
! STATUS-   Creating the UG part (Phase 3 of 3): 12-JUL-2026  12:43:05 AM
! INFO-     Filing Part ..: D:\Universidad\11vo semestre\APM\Gemelo digital\Modelos descargados\Celda_linea_2_1\u403000000000001-3120-60-30_49
! SUMMARY-   
! SUMMARY-  Summary of Unigraphics Part Entities
! SUMMARY-   
! SUMMARY-  Entities Processed             Count
! SUMMARY-  ------------------             -----
! SUMMARY-  Solid/Sheet .................:     1
! SUMMARY-                                 -----
! SUMMARY-  Total                              1
! STATUS-   Creating the UG part (Phase 3 of 3): 12-JUL-2026  12:43:05 AM
! INFO-     Filing Part ..: D:\Universidad\11vo semestre\APM\Gemelo digital\Modelos descargados\Celda_linea_2_1\u403000000000001-3120-60-30_48
! SUMMARY-   
! SUMMARY-  Summary of Unigraphics Part Entities
! SUMMARY-   
! SUMMARY-  Entities Processed             Count
! SUMMARY-  ------------------             -----
! SUMMARY-  Solid/Sheet .................:     1
! SUMMARY-                                 -----
! SUMMARY-  Total                              1
! STATUS-   Creating the UG part (Phase 3 of 3): 12-JUL-2026  12:43:05 AM
! INFO-     Filing Part ..: D:\Universidad\11vo semestre\APM\Gemelo digital\Modelos descargados\Celda_linea_2_1\u403000000000001-3120-60-30_47
! SUMMARY-   
! SUMMARY-  Summary of Unigraphics Part Entities
! SUMMARY-   
! SUMMARY-  Entities Processed             Count
! SUMMARY-  ------------------             -----
! SUMMARY-  Solid/Sheet .................:     1
! SUMMARY-                                 -----
! SUMMARY-  Total                              1
! STATUS-   Creating the UG part (Phase 3 of 3): 12-JUL-2026  12:43:05 AM
! INFO-     Filing Part ..: D:\Universidad\11vo semestre\APM\Gemelo digital\Modelos descargados\Celda_linea_2_1\u403000000000001-3120-60-30_46
! SUMMARY-   
! SUMMARY-  Summary of Unigraphics Part Entities
! SUMMARY-   
! SUMMARY-  Entities Processed             Count
! SUMMARY-  ------------------             -----
! SUMMARY-  Solid/Sheet .................:     1
! SUMMARY-                                 -----
! SUMMARY-  Total                              1
! STATUS-   Creating the UG part (Phase 3 of 3): 12-JUL-2026  12:43:05 AM
! INFO-     Filing Part ..: D:\Universidad\11vo semestre\APM\Gemelo digital\Modelos descargados\Celda_linea_2_1\u403000000000001-3120-60-30_45
! SUMMARY-   
! SUMMARY-  Summary of Unigraphics Part Entities
! SUMMARY-   
! SUMMARY-  Entities Processed             Count
! SUMMARY-  ------------------             -----
! SUMMARY-  Solid/Sheet .................:     1
! SUMMARY-                                 -----
! SUMMARY-  Total                              1
! STATUS-   Creating the UG part (Phase 3 of 3): 12-JUL-2026  12:43:06 AM
! INFO-     Filing Part ..: D:\Universidad\11vo semestre\APM\Gemelo digital\Modelos descargados\Celda_linea_2_1\u403000000000001-3120-60-30_44
! SUMMARY-   
! SUMMARY-  Summary of Unigraphics Part Entities
! SUMMARY-   
! SUMMARY-  Entities Processed             Count
! SUMMARY-  ------------------             -----
! SUMMARY-  Solid/Sheet .................:     1
! SUMMARY-                                 -----
! SUMMARY-  Total                              1
! STATUS-   Creating the UG part (Phase 3 of 3): 12-JUL-2026  12:43:06 AM
! INFO-     Filing Part ..: D:\Universidad\11vo semestre\APM\Gemelo digital\Modelos descargados\Celda_linea_2_1\u403000000000001-3120-60-30_43
! SUMMARY-   
! SUMMARY-  Summary of Unigraphics Part Entities
! SUMMARY-   
! SUMMARY-  Entities Processed             Count
! SUMMARY-  ------------------             -----
! SUMMARY-  Solid/Sheet .................:     1
! SUMMARY-                                 -----
! SUMMARY-  Total                              1
! STATUS-   Creating the UG part (Phase 3 of 3): 12-JUL-2026  12:43:06 AM
! INFO-     Filing Part ..: D:\Universidad\11vo semestre\APM\Gemelo digital\Modelos descargados\Celda_linea_2_1\u403000000000001-3120-60-30_42
! SUMMARY-   
! SUMMARY-  Summary of Unigraphics Part Entities
! SUMMARY-   
! SUMMARY-  Entities Processed             Count
! SUMMARY-  ------------------             -----
! SUMMARY-  Solid/Sheet .................:     1
! SUMMARY-                                 -----
! SUMMARY-  Total                              1
! STATUS-   Creating the UG part (Phase 3 of 3): 12-JUL-2026  12:43:06 AM
! INFO-     Filing Part ..: D:\Universidad\11vo semestre\APM\Gemelo digital\Modelos descargados\Celda_linea_2_1\u403000000000001-3120-60-30_41
! SUMMARY-   
! SUMMARY-  Summary of Unigraphics Part Entities
! SUMMARY-   
! SUMMARY-  Entities Processed             Count
! SUMMARY-  ------------------             -----
! SUMMARY-  Solid/Sheet .................:     1
! SUMMARY-                                 -----
! SUMMARY-  Total                              1
! STATUS-   Creating the UG part (Phase 3 of 3): 12-JUL-2026  12:43:06 AM
! INFO-     Filing Part ..: D:\Universidad\11vo semestre\APM\Gemelo digital\Modelos descargados\Celda_linea_2_1\u403000000000001-3120-60-30_40
! SUMMARY-   
! SUMMARY-  Summary of Unigraphics Part Entities
! SUMMARY-   
! SUMMARY-  Entities Processed             Count
! SUMMARY-  ------------------             -----
! SUMMARY-  Solid/Sheet .................:     1
! SUMMARY-                                 -----
! SUMMARY-  Total                              1
! STATUS-   Creating the UG part (Phase 3 of 3): 12-JUL-2026  12:43:06 AM
! INFO-     Filing Part ..: D:\Universidad\11vo semestre\APM\Gemelo digital\Modelos descargados\Celda_linea_2_1\u403000000000001-3120-60-30_39
! SUMMARY-   
! SUMMARY-  Summary of Unigraphics Part Entities
! SUMMARY-   
! SUMMARY-  Entities Processed             Count
! SUMMARY-  ------------------             -----
! SUMMARY-  Solid/Sheet .................:     1
! SUMMARY-                                 -----
! SUMMARY-  Total                              1
! STATUS-   Creating the UG part (Phase 3 of 3): 12-JUL-2026  12:43:06 AM
! INFO-     Filing Part ..: D:\Universidad\11vo semestre\APM\Gemelo digital\Modelos descargados\Celda_linea_2_1\u403000000000001-3120-60-30_38
! SUMMARY-   
! SUMMARY-  Summary of Unigraphics Part Entities
! SUMMARY-   
! SUMMARY-  Entities Processed             Count
! SUMMARY-  ------------------             -----
! SUMMARY-  Solid/Sheet .................:     1
! SUMMARY-                                 -----
! SUMMARY-  Total                              1
! STATUS-   Creating the UG part (Phase 3 of 3): 12-JUL-2026  12:43:06 AM
! INFO-     Filing Part ..: D:\Universidad\11vo semestre\APM\Gemelo digital\Modelos descargados\Celda_linea_2_1\u403000000000001-3120-60-30_37
! SUMMARY-   
! SUMMARY-  Summary of Unigraphics Part Entities
! SUMMARY-   
! SUMMARY-  Entities Processed             Count
! SUMMARY-  ------------------             -----
! SUMMARY-  Solid/Sheet .................:     1
! SUMMARY-                                 -----
! SUMMARY-  Total                              1
! STATUS-   Creating the UG part (Phase 3 of 3): 12-JUL-2026  12:43:06 AM
! INFO-     Filing Part ..: D:\Universidad\11vo semestre\APM\Gemelo digital\Modelos descargados\Celda_linea_2_1\u403000000000001-3120-60-30_36
! SUMMARY-   
! SUMMARY-  Summary of Unigraphics Part Entities
! SUMMARY-   
! SUMMARY-  Entities Processed             Count
! SUMMARY-  ------------------             -----
! SUMMARY-  Solid/Sheet .................:     1
! SUMMARY-                                 -----
! SUMMARY-  Total                              1
! STATUS-   Creating the UG part (Phase 3 of 3): 12-JUL-2026  12:43:07 AM
! INFO-     Filing Part ..: D:\Universidad\11vo semestre\APM\Gemelo digital\Modelos descargados\Celda_linea_2_1\u403000000000001-3120-60-30_35
! SUMMARY-   
! SUMMARY-  Summary of Unigraphics Part Entities
! SUMMARY-   
! SUMMARY-  Entities Processed             Count
! SUMMARY-  ------------------             -----
! SUMMARY-  Solid/Sheet .................:     1
! SUMMARY-                                 -----
! SUMMARY-  Total                              1
! STATUS-   Creating the UG part (Phase 3 of 3): 12-JUL-2026  12:43:07 AM
! INFO-     Filing Part ..: D:\Universidad\11vo semestre\APM\Gemelo digital\Modelos descargados\Celda_linea_2_1\u403000000000001-3120-60-30_34
! SUMMARY-   
! SUMMARY-  Summary of Unigraphics Part Entities
! SUMMARY-   
! SUMMARY-  Entities Processed             Count
! SUMMARY-  ------------------             -----
! SUMMARY-  Solid/Sheet .................:     1
! SUMMARY-                                 -----
! SUMMARY-  Total                              1
! STATUS-   Creating the UG part (Phase 3 of 3): 12-JUL-2026  12:43:07 AM
! INFO-     Filing Part ..: D:\Universidad\11vo semestre\APM\Gemelo digital\Modelos descargados\Celda_linea_2_1\u403000000000001-3120-60-30_33
! SUMMARY-   
! SUMMARY-  Summary of Unigraphics Part Entities
! SUMMARY-   
! SUMMARY-  Entities Processed             Count
! SUMMARY-  ------------------             -----
! SUMMARY-  Solid/Sheet .................:     1
! SUMMARY-                                 -----
! SUMMARY-  Total                              1
! STATUS-   Creating the UG part (Phase 3 of 3): 12-JUL-2026  12:43:07 AM
! INFO-     Filing Part ..: D:\Universidad\11vo semestre\APM\Gemelo digital\Modelos descargados\Celda_linea_2_1\u403000000000001-3120-60-30_32
! SUMMARY-   
! SUMMARY-  Summary of Unigraphics Part Entities
! SUMMARY-   
! SUMMARY-  Entities Processed             Count
! SUMMARY-  ------------------             -----
! SUMMARY-  Solid/Sheet .................:     1
! SUMMARY-                                 -----
! SUMMARY-  Total                              1
! STATUS-   Creating the UG part (Phase 3 of 3): 12-JUL-2026  12:43:07 AM
! INFO-     Filing Part ..: D:\Universidad\11vo semestre\APM\Gemelo digital\Modelos descargados\Celda_linea_2_1\u403000000000001-3120-60-30_31
! SUMMARY-   
! SUMMARY-  Summary of Unigraphics Part Entities
! SUMMARY-   
! SUMMARY-  Entities Processed             Count
! SUMMARY-  ------------------             -----
! SUMMARY-  Solid/Sheet .................:     1
! SUMMARY-                                 -----
! SUMMARY-  Total                              1
! STATUS-   Creating the UG part (Phase 3 of 3): 12-JUL-2026  12:43:07 AM
! INFO-     Filing Part ..: D:\Universidad\11vo semestre\APM\Gemelo digital\Modelos descargados\Celda_linea_2_1\u403000000000001-3120-60-30_30
! SUMMARY-   
! SUMMARY-  Summary of Unigraphics Part Entities
! SUMMARY-   
! SUMMARY-  Entities Processed             Count
! SUMMARY-  ------------------             -----
! SUMMARY-  Solid/Sheet .................:     1
! SUMMARY-                                 -----
! SUMMARY-  Total                              1
! STATUS-   Creating the UG part (Phase 3 of 3): 12-JUL-2026  12:43:07 AM
! INFO-     Filing Part ..: D:\Universidad\11vo semestre\APM\Gemelo digital\Modelos descargados\Celda_linea_2_1\u403000000000001-3120-60-30_29
! SUMMARY-   
! SUMMARY-  Summary of Unigraphics Part Entities
! SUMMARY-   
! SUMMARY-  Entities Processed             Count
! SUMMARY-  ------------------             -----
! SUMMARY-  Solid/Sheet .................:     1
! SUMMARY-                                 -----
! SUMMARY-  Total                              1
! STATUS-   Creating the UG part (Phase 3 of 3): 12-JUL-2026  12:43:07 AM
! INFO-     Filing Part ..: D:\Universidad\11vo semestre\APM\Gemelo digital\Modelos descargados\Celda_linea_2_1\u403000000000001-3120-60-30_28
! SUMMARY-   
! SUMMARY-  Summary of Unigraphics Part Entities
! SUMMARY-   
! SUMMARY-  Entities Processed             Count
! SUMMARY-  ------------------             -----
! SUMMARY-  Solid/Sheet .................:     1
! SUMMARY-                                 -----
! SUMMARY-  Total                              1
! STATUS-   Creating the UG part (Phase 3 of 3): 12-JUL-2026  12:43:08 AM
! INFO-     Filing Part ..: D:\Universidad\11vo semestre\APM\Gemelo digital\Modelos descargados\Celda_linea_2_1\u403000000000001-3120-60-30_27
! SUMMARY-   
! SUMMARY-  Summary of Unigraphics Part Entities
! SUMMARY-   
! SUMMARY-  Entities Processed             Count
! SUMMARY-  ------------------             -----
! SUMMARY-  Solid/Sheet .................:     1
! SUMMARY-                                 -----
! SUMMARY-  Total                              1
! STATUS-   Creating the UG part (Phase 3 of 3): 12-JUL-2026  12:43:08 AM
! INFO-     Filing Part ..: D:\Universidad\11vo semestre\APM\Gemelo digital\Modelos descargados\Celda_linea_2_1\u403000000000001-3120-60-30_26
! SUMMARY-   
! SUMMARY-  Summary of Unigraphics Part Entities
! SUMMARY-   
! SUMMARY-  Entities Processed             Count
! SUMMARY-  ------------------             -----
! SUMMARY-  Solid/Sheet .................:     1
! SUMMARY-                                 -----
! SUMMARY-  Total                              1
! STATUS-   Creating the UG part (Phase 3 of 3): 12-JUL-2026  12:43:08 AM
! INFO-     Filing Part ..: D:\Universidad\11vo semestre\APM\Gemelo digital\Modelos descargados\Celda_linea_2_1\u403000000000001-3120-60-30_25
! SUMMARY-   
! SUMMARY-  Summary of Unigraphics Part Entities
! SUMMARY-   
! SUMMARY-  Entities Processed             Count
! SUMMARY-  ------------------             -----
! SUMMARY-  Solid/Sheet .................:     1
! SUMMARY-                                 -----
! SUMMARY-  Total                              1
! STATUS-   Creating the UG part (Phase 3 of 3): 12-JUL-2026  12:43:08 AM
! INFO-     Filing Part ..: D:\Universidad\11vo semestre\APM\Gemelo digital\Modelos descargados\Celda_linea_2_1\u403000000000001-3120-60-30_24
! SUMMARY-   
! SUMMARY-  Summary of Unigraphics Part Entities
! SUMMARY-   
! SUMMARY-  Entities Processed             Count
! SUMMARY-  ------------------             -----
! SUMMARY-  Solid/Sheet .................:     1
! SUMMARY-                                 -----
! SUMMARY-  Total                              1
! STATUS-   Creating the UG part (Phase 3 of 3): 12-JUL-2026  12:43:08 AM
! INFO-     Filing Part ..: D:\Universidad\11vo semestre\APM\Gemelo digital\Modelos descargados\Celda_linea_2_1\u403000000000001-3120-60-30_23
! SUMMARY-   
! SUMMARY-  Summary of Unigraphics Part Entities
! SUMMARY-   
! SUMMARY-  Entities Processed             Count
! SUMMARY-  ------------------             -----
! SUMMARY-  Solid/Sheet .................:     1
! SUMMARY-                                 -----
! SUMMARY-  Total                              1
! STATUS-   Creating the UG part (Phase 3 of 3): 12-JUL-2026  12:43:09 AM
! INFO-     Filing Part ..: D:\Universidad\11vo semestre\APM\Gemelo digital\Modelos descargados\Celda_linea_2_1\u403000000000001-3120-60-30_22
! SUMMARY-   
! SUMMARY-  Summary of Unigraphics Part Entities
! SUMMARY-   
! SUMMARY-  Entities Processed             Count
! SUMMARY-  ------------------             -----
! SUMMARY-  Solid/Sheet .................:     1
! SUMMARY-                                 -----
! SUMMARY-  Total                              1
! STATUS-   Creating the UG part (Phase 3 of 3): 12-JUL-2026  12:43:09 AM
! INFO-     Filing Part ..: D:\Universidad\11vo semestre\APM\Gemelo digital\Modelos descargados\Celda_linea_2_1\u403000000000001-3120-60-30_21
! SUMMARY-   
! SUMMARY-  Summary of Unigraphics Part Entities
! SUMMARY-   
! SUMMARY-  Entities Processed             Count
! SUMMARY-  ------------------             -----
! SUMMARY-  Solid/Sheet .................:     1
! SUMMARY-                                 -----
! SUMMARY-  Total                              1
! STATUS-   Creating the UG part (Phase 3 of 3): 12-JUL-2026  12:43:09 AM
! INFO-     Filing Part ..: D:\Universidad\11vo semestre\APM\Gemelo digital\Modelos descargados\Celda_linea_2_1\u403000000000001-3120-60-30_20
! SUMMARY-   
! SUMMARY-  Summary of Unigraphics Part Entities
! SUMMARY-   
! SUMMARY-  Entities Processed             Count
! SUMMARY-  ------------------             -----
! SUMMARY-  Solid/Sheet .................:     1
! SUMMARY-                                 -----
! SUMMARY-  Total                              1
! STATUS-   Creating the UG part (Phase 3 of 3): 12-JUL-2026  12:43:09 AM
! INFO-     Filing Part ..: D:\Universidad\11vo semestre\APM\Gemelo digital\Modelos descargados\Celda_linea_2_1\u403000000000001-3120-60-30_19
! SUMMARY-   
! SUMMARY-  Summary of Unigraphics Part Entities
! SUMMARY-   
! SUMMARY-  Entities Processed             Count
! SUMMARY-  ------------------             -----
! SUMMARY-  Solid/Sheet .................:     1
! SUMMARY-                                 -----
! SUMMARY-  Total                              1
! STATUS-   Creating the UG part (Phase 3 of 3): 12-JUL-2026  12:43:09 AM
! INFO-     Filing Part ..: D:\Universidad\11vo semestre\APM\Gemelo digital\Modelos descargados\Celda_linea_2_1\u403000000000001-3120-60-30_18
! SUMMARY-   
! SUMMARY-  Summary of Unigraphics Part Entities
! SUMMARY-   
! SUMMARY-  Entities Processed             Count
! SUMMARY-  ------------------             -----
! SUMMARY-  Solid/Sheet .................:     1
! SUMMARY-                                 -----
! SUMMARY-  Total                              1
! STATUS-   Creating the UG part (Phase 3 of 3): 12-JUL-2026  12:43:09 AM
! INFO-     Filing Part ..: D:\Universidad\11vo semestre\APM\Gemelo digital\Modelos descargados\Celda_linea_2_1\u403000000000001-3120-60-30_17
! SUMMARY-   
! SUMMARY-  Summary of Unigraphics Part Entities
! SUMMARY-   
! SUMMARY-  Entities Processed             Count
! SUMMARY-  ------------------             -----
! SUMMARY-  Solid/Sheet .................:     1
! SUMMARY-                                 -----
! SUMMARY-  Total                              1
! STATUS-   Creating the UG part (Phase 3 of 3): 12-JUL-2026  12:43:10 AM
! INFO-     Filing Part ..: D:\Universidad\11vo semestre\APM\Gemelo digital\Modelos descargados\Celda_linea_2_1\u403000000000001-3120-60-30_16
! SUMMARY-   
! SUMMARY-  Summary of Unigraphics Part Entities
! SUMMARY-   
! SUMMARY-  Entities Processed             Count
! SUMMARY-  ------------------             -----
! SUMMARY-  Solid/Sheet .................:     1
! SUMMARY-                                 -----
! SUMMARY-  Total                              1
! STATUS-   Creating the UG part (Phase 3 of 3): 12-JUL-2026  12:43:10 AM
! INFO-     Filing Part ..: D:\Universidad\11vo semestre\APM\Gemelo digital\Modelos descargados\Celda_linea_2_1\u403000000000001-3120-60-30_15
! SUMMARY-   
! SUMMARY-  Summary of Unigraphics Part Entities
! SUMMARY-   
! SUMMARY-  Entities Processed             Count
! SUMMARY-  ------------------             -----
! SUMMARY-  Solid/Sheet .................:     1
! SUMMARY-                                 -----
! SUMMARY-  Total                              1
! STATUS-   Creating the UG part (Phase 3 of 3): 12-JUL-2026  12:43:10 AM
! INFO-     Filing Part ..: D:\Universidad\11vo semestre\APM\Gemelo digital\Modelos descargados\Celda_linea_2_1\u403000000000001-3120-60-30_14
! SUMMARY-   
! SUMMARY-  Summary of Unigraphics Part Entities
! SUMMARY-   
! SUMMARY-  Entities Processed             Count
! SUMMARY-  ------------------             -----
! SUMMARY-  Solid/Sheet .................:     1
! SUMMARY-                                 -----
! SUMMARY-  Total                              1
! STATUS-   Creating the UG part (Phase 3 of 3): 12-JUL-2026  12:43:10 AM
! INFO-     Filing Part ..: D:\Universidad\11vo semestre\APM\Gemelo digital\Modelos descargados\Celda_linea_2_1\u403000000000001-3120-60-30_13
! SUMMARY-   
! SUMMARY-  Summary of Unigraphics Part Entities
! SUMMARY-   
! SUMMARY-  Entities Processed             Count
! SUMMARY-  ------------------             -----
! SUMMARY-  Solid/Sheet .................:     1
! SUMMARY-                                 -----
! SUMMARY-  Total                              1
! STATUS-   Creating the UG part (Phase 3 of 3): 12-JUL-2026  12:43:10 AM
! INFO-     Filing Part ..: D:\Universidad\11vo semestre\APM\Gemelo digital\Modelos descargados\Celda_linea_2_1\u403000000000001-3120-60-30_12
! SUMMARY-   
! SUMMARY-  Summary of Unigraphics Part Entities
! SUMMARY-   
! SUMMARY-  Entities Processed             Count
! SUMMARY-  ------------------             -----
! SUMMARY-  Solid/Sheet .................:     1
! SUMMARY-                                 -----
! SUMMARY-  Total                              1
! STATUS-   Creating the UG part (Phase 3 of 3): 12-JUL-2026  12:43:10 AM
! INFO-     Filing Part ..: D:\Universidad\11vo semestre\APM\Gemelo digital\Modelos descargados\Celda_linea_2_1\u403000000000001-3120-60-30_11
! SUMMARY-   
! SUMMARY-  Summary of Unigraphics Part Entities
! SUMMARY-   
! SUMMARY-  Entities Processed             Count
! SUMMARY-  ------------------             -----
! SUMMARY-  Solid/Sheet .................:     1
! SUMMARY-                                 -----
! SUMMARY-  Total                              1
! STATUS-   Creating the UG part (Phase 3 of 3): 12-JUL-2026  12:43:10 AM
! INFO-     Filing Part ..: D:\Universidad\11vo semestre\APM\Gemelo digital\Modelos descargados\Celda_linea_2_1\u403000000000001-3120-60-30_10
! SUMMARY-   
! SUMMARY-  Summary of Unigraphics Part Entities
! SUMMARY-   
! SUMMARY-  Entities Processed             Count
! SUMMARY-  ------------------             -----
! SUMMARY-  Solid/Sheet .................:     1
! SUMMARY-                                 -----
! SUMMARY-  Total                              1
! STATUS-   Creating the UG part (Phase 3 of 3): 12-JUL-2026  12:43:10 AM
! INFO-     Filing Part ..: D:\Universidad\11vo semestre\APM\Gemelo digital\Modelos descargados\Celda_linea_2_1\u403000000000001-3120-60-30_09
! SUMMARY-   
! SUMMARY-  Summary of Unigraphics Part Entities
! SUMMARY-   
! SUMMARY-  Entities Processed             Count
! SUMMARY-  ------------------             -----
! SUMMARY-  Solid/Sheet .................:     1
! SUMMARY-                                 -----
! SUMMARY-  Total                              1
! STATUS-   Creating the UG part (Phase 3 of 3): 12-JUL-2026  12:43:10 AM
! INFO-     Filing Part ..: D:\Universidad\11vo semestre\APM\Gemelo digital\Modelos descargados\Celda_linea_2_1\u403000000000001-3120-60-30_08
! SUMMARY-   
! SUMMARY-  Summary of Unigraphics Part Entities
! SUMMARY-   
! SUMMARY-  Entities Processed             Count
! SUMMARY-  ------------------             -----
! SUMMARY-  Solid/Sheet .................:     1
! SUMMARY-                                 -----
! SUMMARY-  Total                              1
! STATUS-   Creating the UG part (Phase 3 of 3): 12-JUL-2026  12:43:11 AM
! INFO-     Filing Part ..: D:\Universidad\11vo semestre\APM\Gemelo digital\Modelos descargados\Celda_linea_2_1\u403000000000001-3120-60-30_07
! SUMMARY-   
! SUMMARY-  Summary of Unigraphics Part Entities
! SUMMARY-   
! SUMMARY-  Entities Processed             Count
! SUMMARY-  ------------------             -----
! SUMMARY-  Solid/Sheet .................:     1
! SUMMARY-                                 -----
! SUMMARY-  Total                              1
! STATUS-   Creating the UG part (Phase 3 of 3): 12-JUL-2026  12:43:11 AM
! INFO-     Filing Part ..: D:\Universidad\11vo semestre\APM\Gemelo digital\Modelos descargados\Celda_linea_2_1\u403000000000001-3120-60-30_06
! SUMMARY-   
! SUMMARY-  Summary of Unigraphics Part Entities
! SUMMARY-   
! SUMMARY-  Entities Processed             Count
! SUMMARY-  ------------------             -----
! SUMMARY-  Solid/Sheet .................:     1
! SUMMARY-                                 -----
! SUMMARY-  Total                              1
! STATUS-   Creating the UG part (Phase 3 of 3): 12-JUL-2026  12:43:11 AM
! INFO-     Filing Part ..: D:\Universidad\11vo semestre\APM\Gemelo digital\Modelos descargados\Celda_linea_2_1\u403000000000001-3120-60-30_05
! SUMMARY-   
! SUMMARY-  Summary of Unigraphics Part Entities
! SUMMARY-   
! SUMMARY-  Entities Processed             Count
! SUMMARY-  ------------------             -----
! SUMMARY-  Solid/Sheet .................:     1
! SUMMARY-                                 -----
! SUMMARY-  Total                              1
! STATUS-   Creating the UG part (Phase 3 of 3): 12-JUL-2026  12:43:11 AM
! INFO-     Filing Part ..: D:\Universidad\11vo semestre\APM\Gemelo digital\Modelos descargados\Celda_linea_2_1\u403000000000001-3120-60-30_04
! SUMMARY-   
! SUMMARY-  Summary of Unigraphics Part Entities
! SUMMARY-   
! SUMMARY-  Entities Processed             Count
! SUMMARY-  ------------------             -----
! SUMMARY-  Solid/Sheet .................:     1
! SUMMARY-                                 -----
! SUMMARY-  Total                              1
! STATUS-   Creating the UG part (Phase 3 of 3): 12-JUL-2026  12:43:11 AM
! INFO-     Filing Part ..: D:\Universidad\11vo semestre\APM\Gemelo digital\Modelos descargados\Celda_linea_2_1\u403000000000001-3120-60-30_03
! SUMMARY-   
! SUMMARY-  Summary of Unigraphics Part Entities
! SUMMARY-   
! SUMMARY-  Entities Processed             Count
! SUMMARY-  ------------------             -----
! SUMMARY-  Solid/Sheet .................:     1
! SUMMARY-                                 -----
! SUMMARY-  Total                              1
! STATUS-   Creating the UG part (Phase 3 of 3): 12-JUL-2026  12:43:11 AM
! INFO-     Filing Part ..: D:\Universidad\11vo semestre\APM\Gemelo digital\Modelos descargados\Celda_linea_2_1\u403000000000001-3120-60-30_02
! SUMMARY-   
! SUMMARY-  Summary of Unigraphics Part Entities
! SUMMARY-   
! SUMMARY-  Entities Processed             Count
! SUMMARY-  ------------------             -----
! SUMMARY-  Solid/Sheet .................:     1
! SUMMARY-                                 -----
! SUMMARY-  Total                              1
! STATUS-   Creating the UG part (Phase 3 of 3): 12-JUL-2026  12:43:11 AM
! INFO-     Filing Part ..: D:\Universidad\11vo semestre\APM\Gemelo digital\Modelos descargados\Celda_linea_2_1\u403000000000001-3120-60-30_01
! SUMMARY-   
! SUMMARY-  Summary of Unigraphics Part Entities
! SUMMARY-   
! SUMMARY-  Entities Processed             Count
! SUMMARY-  ------------------             -----
! SUMMARY-  Solid/Sheet .................:     1
! SUMMARY-                                 -----
! SUMMARY-  Total                              1
! STATUS-   Creating the UG part (Phase 3 of 3): 12-JUL-2026  12:43:11 AM
! INFO-     Filing Part ..: D:\Universidad\11vo semestre\APM\Gemelo digital\Modelos descargados\Celda_linea_2_1\sistema_impactguard_h3120_s60_t30_76
! SUMMARY-   
! SUMMARY-  Summary of Unigraphics Part Entities
! SUMMARY-   
! SUMMARY-  Entities Processed             Count
! SUMMARY-  ------------------             -----
! SUMMARY-  Solid/Sheet .................:     1
! SUMMARY-                                 -----
! SUMMARY-  Total                              1
! STATUS-   Creating the UG part (Phase 3 of 3): 12-JUL-2026  12:43:11 AM
! INFO-     Filing Part ..: D:\Universidad\11vo semestre\APM\Gemelo digital\Modelos descargados\Celda_linea_2_1\sistema_impactguard_h3120_s60_t30_24
! SUMMARY-   
! SUMMARY-  Summary of Unigraphics Part Entities
! SUMMARY-   
! SUMMARY-  Entities Processed             Count
! SUMMARY-  ------------------             -----
! SUMMARY-  Solid/Sheet .................:     1
! SUMMARY-                                 -----
! SUMMARY-  Total                              1
! STATUS-   Creating the UG part (Phase 3 of 3): 12-JUL-2026  12:43:12 AM
! INFO-     Filing Part ..: D:\Universidad\11vo semestre\APM\Gemelo digital\Modelos descargados\Celda_linea_2_1\sistema_impactguard_h3120_s60_t30_23
! SUMMARY-   
! SUMMARY-  Summary of Unigraphics Part Entities
! SUMMARY-   
! SUMMARY-  Entities Processed             Count
! SUMMARY-  ------------------             -----
! SUMMARY-  Solid/Sheet .................:     1
! SUMMARY-                                 -----
! SUMMARY-  Total                              1
! STATUS-   Creating the UG part (Phase 3 of 3): 12-JUL-2026  12:43:12 AM
! INFO-     Filing Part ..: D:\Universidad\11vo semestre\APM\Gemelo digital\Modelos descargados\Celda_linea_2_1\sistema_impactguard_h3120_s60_t30_22
! SUMMARY-   
! SUMMARY-  Summary of Unigraphics Part Entities
! SUMMARY-   
! SUMMARY-  Entities Processed             Count
! SUMMARY-  ------------------             -----
! SUMMARY-  Solid/Sheet .................:     1
! SUMMARY-                                 -----
! SUMMARY-  Total                              1
! STATUS-   Creating the UG part (Phase 3 of 3): 12-JUL-2026  12:43:12 AM
! INFO-     Filing Part ..: D:\Universidad\11vo semestre\APM\Gemelo digital\Modelos descargados\Celda_linea_2_1\sistema_impactguard_h3120_s60_t30_21
! SUMMARY-   
! SUMMARY-  Summary of Unigraphics Part Entities
! SUMMARY-   
! SUMMARY-  Entities Processed             Count
! SUMMARY-  ------------------             -----
! SUMMARY-  Solid/Sheet .................:     1
! SUMMARY-                                 -----
! SUMMARY-  Total                              1
! STATUS-   Creating the UG part (Phase 3 of 3): 12-JUL-2026  12:43:12 AM
! INFO-     Filing Part ..: D:\Universidad\11vo semestre\APM\Gemelo digital\Modelos descargados\Celda_linea_2_1\sistema_impactguard_h3120_s60_t30_20
! SUMMARY-   
! SUMMARY-  Summary of Unigraphics Part Entities
! SUMMARY-   
! SUMMARY-  Entities Processed             Count
! SUMMARY-  ------------------             -----
! SUMMARY-  Solid/Sheet .................:     1
! SUMMARY-                                 -----
! SUMMARY-  Total                              1
! STATUS-   Creating the UG part (Phase 3 of 3): 12-JUL-2026  12:43:12 AM
! INFO-     Filing Part ..: D:\Universidad\11vo semestre\APM\Gemelo digital\Modelos descargados\Celda_linea_2_1\sistema_impactguard_h3120_s60_t30_19
! SUMMARY-   
! SUMMARY-  Summary of Unigraphics Part Entities
! SUMMARY-   
! SUMMARY-  Entities Processed             Count
! SUMMARY-  ------------------             -----
! SUMMARY-  Solid/Sheet .................:     1
! SUMMARY-                                 -----
! SUMMARY-  Total                              1
! STATUS-   Creating the UG part (Phase 3 of 3): 12-JUL-2026  12:43:12 AM
! INFO-     Filing Part ..: D:\Universidad\11vo semestre\APM\Gemelo digital\Modelos descargados\Celda_linea_2_1\sistema_impactguard_h3120_s60_t30_18
! SUMMARY-   
! SUMMARY-  Summary of Unigraphics Part Entities
! SUMMARY-   
! SUMMARY-  Entities Processed             Count
! SUMMARY-  ------------------             -----
! SUMMARY-  Solid/Sheet .................:     1
! SUMMARY-                                 -----
! SUMMARY-  Total                              1
! STATUS-   Creating the UG part (Phase 3 of 3): 12-JUL-2026  12:43:12 AM
! INFO-     Filing Part ..: D:\Universidad\11vo semestre\APM\Gemelo digital\Modelos descargados\Celda_linea_2_1\sistema_impactguard_h3120_s60_t30_17
! SUMMARY-   
! SUMMARY-  Summary of Unigraphics Part Entities
! SUMMARY-   
! SUMMARY-  Entities Processed             Count
! SUMMARY-  ------------------             -----
! SUMMARY-  Solid/Sheet .................:     1
! SUMMARY-                                 -----
! SUMMARY-  Total                              1
! STATUS-   Creating the UG part (Phase 3 of 3): 12-JUL-2026  12:43:12 AM
! INFO-     Filing Part ..: D:\Universidad\11vo semestre\APM\Gemelo digital\Modelos descargados\Celda_linea_2_1\sistema_impactguard_h3120_s60_t30_16
! SUMMARY-   
! SUMMARY-  Summary of Unigraphics Part Entities
! SUMMARY-   
! SUMMARY-  Entities Processed             Count
! SUMMARY-  ------------------             -----
! SUMMARY-  Solid/Sheet .................:     1
! SUMMARY-                                 -----
! SUMMARY-  Total                              1
! STATUS-   Creating the UG part (Phase 3 of 3): 12-JUL-2026  12:43:13 AM
! INFO-     Filing Part ..: D:\Universidad\11vo semestre\APM\Gemelo digital\Modelos descargados\Celda_linea_2_1\sistema_impactguard_h3120_s60_t30_06
! SUMMARY-   
! SUMMARY-  Summary of Unigraphics Part Entities
! SUMMARY-   
! SUMMARY-  Entities Processed             Count
! SUMMARY-  ------------------             -----
! SUMMARY-  Solid/Sheet .................:     1
! SUMMARY-                                 -----
! SUMMARY-  Total                              1
! STATUS-   Creating the UG part (Phase 3 of 3): 12-JUL-2026  12:43:13 AM
! INFO-     Filing Part ..: D:\Universidad\11vo semestre\APM\Gemelo digital\Modelos descargados\Celda_linea_2_1\sistema_impactguard_h3120_s60_t30_05
! SUMMARY-   
! SUMMARY-  Summary of Unigraphics Part Entities
! SUMMARY-   
! SUMMARY-  Entities Processed             Count
! SUMMARY-  ------------------             -----
! SUMMARY-  Solid/Sheet .................:     1
! SUMMARY-                                 -----
! SUMMARY-  Total                              1
! STATUS-   Creating the UG part (Phase 3 of 3): 12-JUL-2026  12:43:13 AM
! INFO-     Filing Part ..: D:\Universidad\11vo semestre\APM\Gemelo digital\Modelos descargados\Celda_linea_2_1\sistema_impactguard_h3120_s60_t30_04
! SUMMARY-   
! SUMMARY-  Summary of Unigraphics Part Entities
! SUMMARY-   
! SUMMARY-  Entities Processed             Count
! SUMMARY-  ------------------             -----
! SUMMARY-  Solid/Sheet .................:     1
! SUMMARY-                                 -----
! SUMMARY-  Total                              1
! STATUS-   Creating the UG part (Phase 3 of 3): 12-JUL-2026  12:43:13 AM
! INFO-     Filing Part ..: D:\Universidad\11vo semestre\APM\Gemelo digital\Modelos descargados\Celda_linea_2_1\sistema_impactguard_h3120_s60_t30_72
! SUMMARY-   
! SUMMARY-  Summary of Unigraphics Part Entities
! SUMMARY-   
! SUMMARY-  Entities Processed             Count
! SUMMARY-  ------------------             -----
! SUMMARY-  Solid/Sheet .................:     1
! SUMMARY-                                 -----
! SUMMARY-  Total                              1
! STATUS-   Creating the UG part (Phase 3 of 3): 12-JUL-2026  12:43:13 AM
! INFO-     Filing Part ..: D:\Universidad\11vo semestre\APM\Gemelo digital\Modelos descargados\Celda_linea_2_1\sistema_impactguard_h3120_s60_t30_71
! SUMMARY-   
! SUMMARY-  Summary of Unigraphics Part Entities
! SUMMARY-   
! SUMMARY-  Entities Processed             Count
! SUMMARY-  ------------------             -----
! SUMMARY-  Solid/Sheet .................:     1
! SUMMARY-                                 -----
! SUMMARY-  Total                              1
! STATUS-   Creating the UG part (Phase 3 of 3): 12-JUL-2026  12:43:13 AM
! INFO-     Filing Part ..: D:\Universidad\11vo semestre\APM\Gemelo digital\Modelos descargados\Celda_linea_2_1\sistema_impactguard_h3120_s60_t30_60
! SUMMARY-   
! SUMMARY-  Summary of Unigraphics Part Entities
! SUMMARY-   
! SUMMARY-  Entities Processed             Count
! SUMMARY-  ------------------             -----
! SUMMARY-  Solid/Sheet .................:     1
! SUMMARY-                                 -----
! SUMMARY-  Total                              1
! STATUS-   Creating the UG part (Phase 3 of 3): 12-JUL-2026  12:43:13 AM
! INFO-     Filing Part ..: D:\Universidad\11vo semestre\APM\Gemelo digital\Modelos descargados\Celda_linea_2_1\sistema_impactguard_h3120_s60_t30_58
! SUMMARY-   
! SUMMARY-  Summary of Unigraphics Part Entities
! SUMMARY-   
! SUMMARY-  Entities Processed             Count
! SUMMARY-  ------------------             -----
! SUMMARY-  Solid/Sheet .................:     1
! SUMMARY-                                 -----
! SUMMARY-  Total                              1
! STATUS-   Creating the UG part (Phase 3 of 3): 12-JUL-2026  12:43:13 AM
! INFO-     Filing Part ..: D:\Universidad\11vo semestre\APM\Gemelo digital\Modelos descargados\Celda_linea_2_1\sistema_impactguard_h3120_s60_t30_56
! SUMMARY-   
! SUMMARY-  Summary of Unigraphics Part Entities
! SUMMARY-   
! SUMMARY-  Entities Processed             Count
! SUMMARY-  ------------------             -----
! SUMMARY-  Solid/Sheet .................:     1
! SUMMARY-                                 -----
! SUMMARY-  Total                              1
! STATUS-   Creating the UG part (Phase 3 of 3): 12-JUL-2026  12:43:13 AM
! INFO-     Filing Part ..: D:\Universidad\11vo semestre\APM\Gemelo digital\Modelos descargados\Celda_linea_2_1\sistema_impactguard_h3120_s60_t30_55
! SUMMARY-   
! SUMMARY-  Summary of Unigraphics Part Entities
! SUMMARY-   
! SUMMARY-  Entities Processed             Count
! SUMMARY-  ------------------             -----
! SUMMARY-  Solid/Sheet .................:     1
! SUMMARY-                                 -----
! SUMMARY-  Total                              1
! STATUS-   Creating the UG part (Phase 3 of 3): 12-JUL-2026  12:43:14 AM
! INFO-     Filing Part ..: D:\Universidad\11vo semestre\APM\Gemelo digital\Modelos descargados\Celda_linea_2_1\sistema_impactguard_h3120_s60_t30_54
! SUMMARY-   
! SUMMARY-  Summary of Unigraphics Part Entities
! SUMMARY-   
! SUMMARY-  Entities Processed             Count
! SUMMARY-  ------------------             -----
! SUMMARY-  Solid/Sheet .................:     1
! SUMMARY-                                 -----
! SUMMARY-  Total                              1
! STATUS-   Creating the UG part (Phase 3 of 3): 12-JUL-2026  12:43:17 AM
! INFO-     Filing Part ..: D:\Universidad\11vo semestre\APM\Gemelo digital\Modelos descargados\Celda_linea_2_1\sistema_impactguard_h3120_s60_t30_53
! SUMMARY-   
! SUMMARY-  Summary of Unigraphics Part Entities
! SUMMARY-   
! SUMMARY-  Entities Processed             Count
! SUMMARY-  ------------------             -----
! SUMMARY-  Solid/Sheet .................:     1
! SUMMARY-                                 -----
! SUMMARY-  Total                              1
! STATUS-   Creating the UG part (Phase 3 of 3): 12-JUL-2026  12:43:17 AM
! INFO-     Filing Part ..: D:\Universidad\11vo semestre\APM\Gemelo digital\Modelos descargados\Celda_linea_2_1\sistema_impactguard_h3120_s60_t30_52
! SUMMARY-   
! SUMMARY-  Summary of Unigraphics Part Entities
! SUMMARY-   
! SUMMARY-  Entities Processed             Count
! SUMMARY-  ------------------             -----
! SUMMARY-  Solid/Sheet .................:     1
! SUMMARY-                                 -----
! SUMMARY-  Total                              1
! STATUS-   Creating the UG part (Phase 3 of 3): 12-JUL-2026  12:43:17 AM
! INFO-     Filing Part ..: D:\Universidad\11vo semestre\APM\Gemelo digital\Modelos descargados\Celda_linea_2_1\sistema_impactguard_h3120_s60_t30_51
! SUMMARY-   
! SUMMARY-  Summary of Unigraphics Part Entities
! SUMMARY-   
! SUMMARY-  Entities Processed             Count
! SUMMARY-  ------------------             -----
! SUMMARY-  Solid/Sheet .................:     1
! SUMMARY-                                 -----
! SUMMARY-  Total                              1
! STATUS-   Creating the UG part (Phase 3 of 3): 12-JUL-2026  12:43:17 AM
! INFO-     Filing Part ..: D:\Universidad\11vo semestre\APM\Gemelo digital\Modelos descargados\Celda_linea_2_1\sistema_impactguard_h3120_s60_t30_50
! SUMMARY-   
! SUMMARY-  Summary of Unigraphics Part Entities
! SUMMARY-   
! SUMMARY-  Entities Processed             Count
! SUMMARY-  ------------------             -----
! SUMMARY-  Solid/Sheet .................:     1
! SUMMARY-                                 -----
! SUMMARY-  Total                              1
! STATUS-   Creating the UG part (Phase 3 of 3): 12-JUL-2026  12:43:17 AM
! INFO-     Filing Part ..: D:\Universidad\11vo semestre\APM\Gemelo digital\Modelos descargados\Celda_linea_2_1\sistema_impactguard_h3120_s60_t30_49
! SUMMARY-   
! SUMMARY-  Summary of Unigraphics Part Entities
! SUMMARY-   
! SUMMARY-  Entities Processed             Count
! SUMMARY-  ------------------             -----
! SUMMARY-  Solid/Sheet .................:     1
! SUMMARY-                                 -----
! SUMMARY-  Total                              1
! STATUS-   Creating the UG part (Phase 3 of 3): 12-JUL-2026  12:43:17 AM
! INFO-     Filing Part ..: D:\Universidad\11vo semestre\APM\Gemelo digital\Modelos descargados\Celda_linea_2_1\sistema_impactguard_h3120_s60_t30_32
! SUMMARY-   
! SUMMARY-  Summary of Unigraphics Part Entities
! SUMMARY-   
! SUMMARY-  Entities Processed             Count
! SUMMARY-  ------------------             -----
! SUMMARY-  Solid/Sheet .................:     1
! SUMMARY-                                 -----
! SUMMARY-  Total                              1
! STATUS-   Creating the UG part (Phase 3 of 3): 12-JUL-2026  12:43:17 AM
! INFO-     Filing Part ..: D:\Universidad\11vo semestre\APM\Gemelo digital\Modelos descargados\Celda_linea_2_1\sistema_impactguard_h3120_s60_t30_30
! SUMMARY-   
! SUMMARY-  Summary of Unigraphics Part Entities
! SUMMARY-   
! SUMMARY-  Entities Processed             Count
! SUMMARY-  ------------------             -----
! SUMMARY-  Solid/Sheet .................:     1
! SUMMARY-                                 -----
! SUMMARY-  Total                              1
! STATUS-   Creating the UG part (Phase 3 of 3): 12-JUL-2026  12:43:18 AM
! INFO-     Filing Part ..: D:\Universidad\11vo semestre\APM\Gemelo digital\Modelos descargados\Celda_linea_2_1\sistema_impactguard_h3120_s60_t30_80
! SUMMARY-   
! SUMMARY-  Summary of Unigraphics Part Entities
! SUMMARY-   
! SUMMARY-  Entities Processed             Count
! SUMMARY-  ------------------             -----
! SUMMARY-  Solid/Sheet .................:     1
! SUMMARY-                                 -----
! SUMMARY-  Total                              1
! STATUS-   Creating the UG part (Phase 3 of 3): 12-JUL-2026  12:43:18 AM
! INFO-     Filing Part ..: D:\Universidad\11vo semestre\APM\Gemelo digital\Modelos descargados\Celda_linea_2_1\sistema_impactguard_h3120_s60_t30_79
! SUMMARY-   
! SUMMARY-  Summary of Unigraphics Part Entities
! SUMMARY-   
! SUMMARY-  Entities Processed             Count
! SUMMARY-  ------------------             -----
! SUMMARY-  Solid/Sheet .................:     1
! SUMMARY-                                 -----
! SUMMARY-  Total                              1
! STATUS-   Creating the UG part (Phase 3 of 3): 12-JUL-2026  12:43:18 AM
! INFO-     Filing Part ..: D:\Universidad\11vo semestre\APM\Gemelo digital\Modelos descargados\Celda_linea_2_1\sistema_impactguard_h3120_s60_t30_78
! SUMMARY-   
! SUMMARY-  Summary of Unigraphics Part Entities
! SUMMARY-   
! SUMMARY-  Entities Processed             Count
! SUMMARY-  ------------------             -----
! SUMMARY-  Solid/Sheet .................:     1
! SUMMARY-                                 -----
! SUMMARY-  Total                              1
! STATUS-   Creating the UG part (Phase 3 of 3): 12-JUL-2026  12:43:18 AM
! INFO-     Filing Part ..: D:\Universidad\11vo semestre\APM\Gemelo digital\Modelos descargados\Celda_linea_2_1\sistema_impactguard_h3120_s60_t30_77
! SUMMARY-   
! SUMMARY-  Summary of Unigraphics Part Entities
! SUMMARY-   
! SUMMARY-  Entities Processed             Count
! SUMMARY-  ------------------             -----
! SUMMARY-  Solid/Sheet .................:     1
! SUMMARY-                                 -----
! SUMMARY-  Total                              1
! STATUS-   Creating the UG part (Phase 3 of 3): 12-JUL-2026  12:43:18 AM
! INFO-     Filing Part ..: D:\Universidad\11vo semestre\APM\Gemelo digital\Modelos descargados\Celda_linea_2_1\sistema_impactguard_h3120_s60_t30_75
! SUMMARY-   
! SUMMARY-  Summary of Unigraphics Part Entities
! SUMMARY-   
! SUMMARY-  Entities Processed             Count
! SUMMARY-  ------------------             -----
! SUMMARY-  Solid/Sheet .................:     1
! SUMMARY-                                 -----
! SUMMARY-  Total                              1
! STATUS-   Creating the UG part (Phase 3 of 3): 12-JUL-2026  12:43:18 AM
! INFO-     Filing Part ..: D:\Universidad\11vo semestre\APM\Gemelo digital\Modelos descargados\Celda_linea_2_1\sistema_impactguard_h3120_s60_t30_74
! SUMMARY-   
! SUMMARY-  Summary of Unigraphics Part Entities
! SUMMARY-   
! SUMMARY-  Entities Processed             Count
! SUMMARY-  ------------------             -----
! SUMMARY-  Solid/Sheet .................:     1
! SUMMARY-                                 -----
! SUMMARY-  Total                              1
! STATUS-   Creating the UG part (Phase 3 of 3): 12-JUL-2026  12:43:18 AM
! INFO-     Filing Part ..: D:\Universidad\11vo semestre\APM\Gemelo digital\Modelos descargados\Celda_linea_2_1\sistema_impactguard_h3120_s60_t30_73
! SUMMARY-   
! SUMMARY-  Summary of Unigraphics Part Entities
! SUMMARY-   
! SUMMARY-  Entities Processed             Count
! SUMMARY-  ------------------             -----
! SUMMARY-  Solid/Sheet .................:     1
! SUMMARY-                                 -----
! SUMMARY-  Total                              1
! STATUS-   Creating the UG part (Phase 3 of 3): 12-JUL-2026  12:43:19 AM
! INFO-     Filing Part ..: D:\Universidad\11vo semestre\APM\Gemelo digital\Modelos descargados\Celda_linea_2_1\sistema_impactguard_h3120_s60_t30_70
! SUMMARY-   
! SUMMARY-  Summary of Unigraphics Part Entities
! SUMMARY-   
! SUMMARY-  Entities Processed             Count
! SUMMARY-  ------------------             -----
! SUMMARY-  Solid/Sheet .................:     1
! SUMMARY-                                 -----
! SUMMARY-  Total                              1
! STATUS-   Creating the UG part (Phase 3 of 3): 12-JUL-2026  12:43:19 AM
! INFO-     Filing Part ..: D:\Universidad\11vo semestre\APM\Gemelo digital\Modelos descargados\Celda_linea_2_1\sistema_impactguard_h3120_s60_t30_69
! SUMMARY-   
! SUMMARY-  Summary of Unigraphics Part Entities
! SUMMARY-   
! SUMMARY-  Entities Processed             Count
! SUMMARY-  ------------------             -----
! SUMMARY-  Solid/Sheet .................:     1
! SUMMARY-                                 -----
! SUMMARY-  Total                              1
! STATUS-   Creating the UG part (Phase 3 of 3): 12-JUL-2026  12:43:19 AM
! INFO-     Filing Part ..: D:\Universidad\11vo semestre\APM\Gemelo digital\Modelos descargados\Celda_linea_2_1\sistema_impactguard_h3120_s60_t30_68
! SUMMARY-   
! SUMMARY-  Summary of Unigraphics Part Entities
! SUMMARY-   
! SUMMARY-  Entities Processed             Count
! SUMMARY-  ------------------             -----
! SUMMARY-  Solid/Sheet .................:     1
! SUMMARY-                                 -----
! SUMMARY-  Total                              1
! STATUS-   Creating the UG part (Phase 3 of 3): 12-JUL-2026  12:43:19 AM
! INFO-     Filing Part ..: D:\Universidad\11vo semestre\APM\Gemelo digital\Modelos descargados\Celda_linea_2_1\sistema_impactguard_h3120_s60_t30_67
! SUMMARY-   
! SUMMARY-  Summary of Unigraphics Part Entities
! SUMMARY-   
! SUMMARY-  Entities Processed             Count
! SUMMARY-  ------------------             -----
! SUMMARY-  Solid/Sheet .................:     1
! SUMMARY-                                 -----
! SUMMARY-  Total                              1
! STATUS-   Creating the UG part (Phase 3 of 3): 12-JUL-2026  12:43:19 AM
! INFO-     Filing Part ..: D:\Universidad\11vo semestre\APM\Gemelo digital\Modelos descargados\Celda_linea_2_1\sistema_impactguard_h3120_s60_t30_66
! SUMMARY-   
! SUMMARY-  Summary of Unigraphics Part Entities
! SUMMARY-   
! SUMMARY-  Entities Processed             Count
! SUMMARY-  ------------------             -----
! SUMMARY-  Solid/Sheet .................:     1
! SUMMARY-                                 -----
! SUMMARY-  Total                              1
! STATUS-   Creating the UG part (Phase 3 of 3): 12-JUL-2026  12:43:19 AM
! INFO-     Filing Part ..: D:\Universidad\11vo semestre\APM\Gemelo digital\Modelos descargados\Celda_linea_2_1\sistema_impactguard_h3120_s60_t30_65
! SUMMARY-   
! SUMMARY-  Summary of Unigraphics Part Entities
! SUMMARY-   
! SUMMARY-  Entities Processed             Count
! SUMMARY-  ------------------             -----
! SUMMARY-  Solid/Sheet .................:     1
! SUMMARY-                                 -----
! SUMMARY-  Total                              1
! STATUS-   Creating the UG part (Phase 3 of 3): 12-JUL-2026  12:43:19 AM
! INFO-     Filing Part ..: D:\Universidad\11vo semestre\APM\Gemelo digital\Modelos descargados\Celda_linea_2_1\sistema_impactguard_h3120_s60_t30_64
! SUMMARY-   
! SUMMARY-  Summary of Unigraphics Part Entities
! SUMMARY-   
! SUMMARY-  Entities Processed             Count
! SUMMARY-  ------------------             -----
! SUMMARY-  Solid/Sheet .................:     1
! SUMMARY-                                 -----
! SUMMARY-  Total                              1
! STATUS-   Creating the UG part (Phase 3 of 3): 12-JUL-2026  12:43:19 AM
! INFO-     Filing Part ..: D:\Universidad\11vo semestre\APM\Gemelo digital\Modelos descargados\Celda_linea_2_1\sistema_impactguard_h3120_s60_t30_63
! SUMMARY-   
! SUMMARY-  Summary of Unigraphics Part Entities
! SUMMARY-   
! SUMMARY-  Entities Processed             Count
! SUMMARY-  ------------------             -----
! SUMMARY-  Solid/Sheet .................:     1
! SUMMARY-                                 -----
! SUMMARY-  Total                              1
! STATUS-   Creating the UG part (Phase 3 of 3): 12-JUL-2026  12:43:19 AM
! INFO-     Filing Part ..: D:\Universidad\11vo semestre\APM\Gemelo digital\Modelos descargados\Celda_linea_2_1\sistema_impactguard_h3120_s60_t30_62
! SUMMARY-   
! SUMMARY-  Summary of Unigraphics Part Entities
! SUMMARY-   
! SUMMARY-  Entities Processed             Count
! SUMMARY-  ------------------             -----
! SUMMARY-  Solid/Sheet .................:     1
! SUMMARY-                                 -----
! SUMMARY-  Total                              1
! STATUS-   Creating the UG part (Phase 3 of 3): 12-JUL-2026  12:43:20 AM
! INFO-     Filing Part ..: D:\Universidad\11vo semestre\APM\Gemelo digital\Modelos descargados\Celda_linea_2_1\sistema_impactguard_h3120_s60_t30_61
! SUMMARY-   
! SUMMARY-  Summary of Unigraphics Part Entities
! SUMMARY-   
! SUMMARY-  Entities Processed             Count
! SUMMARY-  ------------------             -----
! SUMMARY-  Solid/Sheet .................:     1
! SUMMARY-                                 -----
! SUMMARY-  Total                              1
! STATUS-   Creating the UG part (Phase 3 of 3): 12-JUL-2026  12:43:20 AM
! INFO-     Filing Part ..: D:\Universidad\11vo semestre\APM\Gemelo digital\Modelos descargados\Celda_linea_2_1\sistema_impactguard_h3120_s60_t30_59
! SUMMARY-   
! SUMMARY-  Summary of Unigraphics Part Entities
! SUMMARY-   
! SUMMARY-  Entities Processed             Count
! SUMMARY-  ------------------             -----
! SUMMARY-  Solid/Sheet .................:     1
! SUMMARY-                                 -----
! SUMMARY-  Total                              1
! STATUS-   Creating the UG part (Phase 3 of 3): 12-JUL-2026  12:43:20 AM
! INFO-     Filing Part ..: D:\Universidad\11vo semestre\APM\Gemelo digital\Modelos descargados\Celda_linea_2_1\sistema_impactguard_h3120_s60_t30_57
! SUMMARY-   
! SUMMARY-  Summary of Unigraphics Part Entities
! SUMMARY-   
! SUMMARY-  Entities Processed             Count
! SUMMARY-  ------------------             -----
! SUMMARY-  Solid/Sheet .................:     1
! SUMMARY-                                 -----
! SUMMARY-  Total                              1
! STATUS-   Creating the UG part (Phase 3 of 3): 12-JUL-2026  12:43:20 AM
! INFO-     Filing Part ..: D:\Universidad\11vo semestre\APM\Gemelo digital\Modelos descargados\Celda_linea_2_1\sistema_impactguard_h3120_s60_t30_48
! SUMMARY-   
! SUMMARY-  Summary of Unigraphics Part Entities
! SUMMARY-   
! SUMMARY-  Entities Processed             Count
! SUMMARY-  ------------------             -----
! SUMMARY-  Solid/Sheet .................:     1
! SUMMARY-                                 -----
! SUMMARY-  Total                              1
! STATUS-   Creating the UG part (Phase 3 of 3): 12-JUL-2026  12:43:23 AM
! INFO-     Filing Part ..: D:\Universidad\11vo semestre\APM\Gemelo digital\Modelos descargados\Celda_linea_2_1\sistema_impactguard_h3120_s60_t30_47
! SUMMARY-   
! SUMMARY-  Summary of Unigraphics Part Entities
! SUMMARY-   
! SUMMARY-  Entities Processed             Count
! SUMMARY-  ------------------             -----
! SUMMARY-  Solid/Sheet .................:     1
! SUMMARY-                                 -----
! SUMMARY-  Total                              1
! STATUS-   Creating the UG part (Phase 3 of 3): 12-JUL-2026  12:43:23 AM
! INFO-     Filing Part ..: D:\Universidad\11vo semestre\APM\Gemelo digital\Modelos descargados\Celda_linea_2_1\sistema_impactguard_h3120_s60_t30_46
! SUMMARY-   
! SUMMARY-  Summary of Unigraphics Part Entities
! SUMMARY-   
! SUMMARY-  Entities Processed             Count
! SUMMARY-  ------------------             -----
! SUMMARY-  Solid/Sheet .................:     1
! SUMMARY-                                 -----
! SUMMARY-  Total                              1
! STATUS-   Creating the UG part (Phase 3 of 3): 12-JUL-2026  12:43:24 AM
! INFO-     Filing Part ..: D:\Universidad\11vo semestre\APM\Gemelo digital\Modelos descargados\Celda_linea_2_1\sistema_impactguard_h3120_s60_t30_45
! SUMMARY-   
! SUMMARY-  Summary of Unigraphics Part Entities
! SUMMARY-   
! SUMMARY-  Entities Processed             Count
! SUMMARY-  ------------------             -----
! SUMMARY-  Solid/Sheet .................:     1
! SUMMARY-                                 -----
! SUMMARY-  Total                              1
! STATUS-   Creating the UG part (Phase 3 of 3): 12-JUL-2026  12:43:24 AM
! INFO-     Filing Part ..: D:\Universidad\11vo semestre\APM\Gemelo digital\Modelos descargados\Celda_linea_2_1\sistema_impactguard_h3120_s60_t30_44
! SUMMARY-   
! SUMMARY-  Summary of Unigraphics Part Entities
! SUMMARY-   
! SUMMARY-  Entities Processed             Count
! SUMMARY-  ------------------             -----
! SUMMARY-  Solid/Sheet .................:     1
! SUMMARY-                                 -----
! SUMMARY-  Total                              1
! STATUS-   Creating the UG part (Phase 3 of 3): 12-JUL-2026  12:43:24 AM
! INFO-     Filing Part ..: D:\Universidad\11vo semestre\APM\Gemelo digital\Modelos descargados\Celda_linea_2_1\sistema_impactguard_h3120_s60_t30_43
! SUMMARY-   
! SUMMARY-  Summary of Unigraphics Part Entities
! SUMMARY-   
! SUMMARY-  Entities Processed             Count
! SUMMARY-  ------------------             -----
! SUMMARY-  Solid/Sheet .................:     1
! SUMMARY-                                 -----
! SUMMARY-  Total                              1
! STATUS-   Creating the UG part (Phase 3 of 3): 12-JUL-2026  12:43:24 AM
! INFO-     Filing Part ..: D:\Universidad\11vo semestre\APM\Gemelo digital\Modelos descargados\Celda_linea_2_1\sistema_impactguard_h3120_s60_t30_42
! SUMMARY-   
! SUMMARY-  Summary of Unigraphics Part Entities
! SUMMARY-   
! SUMMARY-  Entities Processed             Count
! SUMMARY-  ------------------             -----
! SUMMARY-  Solid/Sheet .................:     1
! SUMMARY-                                 -----
! SUMMARY-  Total                              1
! STATUS-   Creating the UG part (Phase 3 of 3): 12-JUL-2026  12:43:24 AM
! INFO-     Filing Part ..: D:\Universidad\11vo semestre\APM\Gemelo digital\Modelos descargados\Celda_linea_2_1\sistema_impactguard_h3120_s60_t30_41
! SUMMARY-   
! SUMMARY-  Summary of Unigraphics Part Entities
! SUMMARY-   
! SUMMARY-  Entities Processed             Count
! SUMMARY-  ------------------             -----
! SUMMARY-  Solid/Sheet .................:     1
! SUMMARY-                                 -----
! SUMMARY-  Total                              1
! STATUS-   Creating the UG part (Phase 3 of 3): 12-JUL-2026  12:43:24 AM
! INFO-     Filing Part ..: D:\Universidad\11vo semestre\APM\Gemelo digital\Modelos descargados\Celda_linea_2_1\sistema_impactguard_h3120_s60_t30_40
! SUMMARY-   
! SUMMARY-  Summary of Unigraphics Part Entities
! SUMMARY-   
! SUMMARY-  Entities Processed             Count
! SUMMARY-  ------------------             -----
! SUMMARY-  Solid/Sheet .................:     1
! SUMMARY-                                 -----
! SUMMARY-  Total                              1
! STATUS-   Creating the UG part (Phase 3 of 3): 12-JUL-2026  12:43:24 AM
! INFO-     Filing Part ..: D:\Universidad\11vo semestre\APM\Gemelo digital\Modelos descargados\Celda_linea_2_1\sistema_impactguard_h3120_s60_t30_39
! SUMMARY-   
! SUMMARY-  Summary of Unigraphics Part Entities
! SUMMARY-   
! SUMMARY-  Entities Processed             Count
! SUMMARY-  ------------------             -----
! SUMMARY-  Solid/Sheet .................:     1
! SUMMARY-                                 -----
! SUMMARY-  Total                              1
! STATUS-   Creating the UG part (Phase 3 of 3): 12-JUL-2026  12:43:24 AM
! INFO-     Filing Part ..: D:\Universidad\11vo semestre\APM\Gemelo digital\Modelos descargados\Celda_linea_2_1\sistema_impactguard_h3120_s60_t30_38
! SUMMARY-   
! SUMMARY-  Summary of Unigraphics Part Entities
! SUMMARY-   
! SUMMARY-  Entities Processed             Count
! SUMMARY-  ------------------             -----
! SUMMARY-  Solid/Sheet .................:     1
! SUMMARY-                                 -----
! SUMMARY-  Total                              1
! STATUS-   Creating the UG part (Phase 3 of 3): 12-JUL-2026  12:43:25 AM
! INFO-     Filing Part ..: D:\Universidad\11vo semestre\APM\Gemelo digital\Modelos descargados\Celda_linea_2_1\sistema_impactguard_h3120_s60_t30_37
! SUMMARY-   
! SUMMARY-  Summary of Unigraphics Part Entities
! SUMMARY-   
! SUMMARY-  Entities Processed             Count
! SUMMARY-  ------------------             -----
! SUMMARY-  Solid/Sheet .................:     1
! SUMMARY-                                 -----
! SUMMARY-  Total                              1
! STATUS-   Creating the UG part (Phase 3 of 3): 12-JUL-2026  12:43:25 AM
! INFO-     Filing Part ..: D:\Universidad\11vo semestre\APM\Gemelo digital\Modelos descargados\Celda_linea_2_1\sistema_impactguard_h3120_s60_t30_36
! SUMMARY-   
! SUMMARY-  Summary of Unigraphics Part Entities
! SUMMARY-   
! SUMMARY-  Entities Processed             Count
! SUMMARY-  ------------------             -----
! SUMMARY-  Solid/Sheet .................:     1
! SUMMARY-                                 -----
! SUMMARY-  Total                              1
! STATUS-   Creating the UG part (Phase 3 of 3): 12-JUL-2026  12:43:25 AM
! INFO-     Filing Part ..: D:\Universidad\11vo semestre\APM\Gemelo digital\Modelos descargados\Celda_linea_2_1\sistema_impactguard_h3120_s60_t30_35
! SUMMARY-   
! SUMMARY-  Summary of Unigraphics Part Entities
! SUMMARY-   
! SUMMARY-  Entities Processed             Count
! SUMMARY-  ------------------             -----
! SUMMARY-  Solid/Sheet .................:     1
! SUMMARY-                                 -----
! SUMMARY-  Total                              1
! STATUS-   Creating the UG part (Phase 3 of 3): 12-JUL-2026  12:43:25 AM
! INFO-     Filing Part ..: D:\Universidad\11vo semestre\APM\Gemelo digital\Modelos descargados\Celda_linea_2_1\sistema_impactguard_h3120_s60_t30_34
! SUMMARY-   
! SUMMARY-  Summary of Unigraphics Part Entities
! SUMMARY-   
! SUMMARY-  Entities Processed             Count
! SUMMARY-  ------------------             -----
! SUMMARY-  Solid/Sheet .................:     1
! SUMMARY-                                 -----
! SUMMARY-  Total                              1
! STATUS-   Creating the UG part (Phase 3 of 3): 12-JUL-2026  12:43:25 AM
! INFO-     Filing Part ..: D:\Universidad\11vo semestre\APM\Gemelo digital\Modelos descargados\Celda_linea_2_1\sistema_impactguard_h3120_s60_t30_33
! SUMMARY-   
! SUMMARY-  Summary of Unigraphics Part Entities
! SUMMARY-   
! SUMMARY-  Entities Processed             Count
! SUMMARY-  ------------------             -----
! SUMMARY-  Solid/Sheet .................:     1
! SUMMARY-                                 -----
! SUMMARY-  Total                              1
! STATUS-   Creating the UG part (Phase 3 of 3): 12-JUL-2026  12:43:25 AM
! INFO-     Filing Part ..: D:\Universidad\11vo semestre\APM\Gemelo digital\Modelos descargados\Celda_linea_2_1\sistema_impactguard_h3120_s60_t30_31
! SUMMARY-   
! SUMMARY-  Summary of Unigraphics Part Entities
! SUMMARY-   
! SUMMARY-  Entities Processed             Count
! SUMMARY-  ------------------             -----
! SUMMARY-  Solid/Sheet .................:     1
! SUMMARY-                                 -----
! SUMMARY-  Total                              1
! STATUS-   Creating the UG part (Phase 3 of 3): 12-JUL-2026  12:43:25 AM
! INFO-     Filing Part ..: D:\Universidad\11vo semestre\APM\Gemelo digital\Modelos descargados\Celda_linea_2_1\sistema_impactguard_h3120_s60_t30_29
! SUMMARY-   
! SUMMARY-  Summary of Unigraphics Part Entities
! SUMMARY-   
! SUMMARY-  Entities Processed             Count
! SUMMARY-  ------------------             -----
! SUMMARY-  Solid/Sheet .................:     1
! SUMMARY-                                 -----
! SUMMARY-  Total                              1
! STATUS-   Creating the UG part (Phase 3 of 3): 12-JUL-2026  12:43:25 AM
! INFO-     Filing Part ..: D:\Universidad\11vo semestre\APM\Gemelo digital\Modelos descargados\Celda_linea_2_1\sistema_impactguard_h3120_s60_t30_28
! SUMMARY-   
! SUMMARY-  Summary of Unigraphics Part Entities
! SUMMARY-   
! SUMMARY-  Entities Processed             Count
! SUMMARY-  ------------------             -----
! SUMMARY-  Solid/Sheet .................:     1
! SUMMARY-                                 -----
! SUMMARY-  Total                              1
! STATUS-   Creating the UG part (Phase 3 of 3): 12-JUL-2026  12:43:26 AM
! INFO-     Filing Part ..: D:\Universidad\11vo semestre\APM\Gemelo digital\Modelos descargados\Celda_linea_2_1\sistema_impactguard_h3120_s60_t30_27
! SUMMARY-   
! SUMMARY-  Summary of Unigraphics Part Entities
! SUMMARY-   
! SUMMARY-  Entities Processed             Count
! SUMMARY-  ------------------             -----
! SUMMARY-  Solid/Sheet .................:     1
! SUMMARY-                                 -----
! SUMMARY-  Total                              1
! STATUS-   Creating the UG part (Phase 3 of 3): 12-JUL-2026  12:43:26 AM
! INFO-     Filing Part ..: D:\Universidad\11vo semestre\APM\Gemelo digital\Modelos descargados\Celda_linea_2_1\sistema_impactguard_h3120_s60_t30_26
! SUMMARY-   
! SUMMARY-  Summary of Unigraphics Part Entities
! SUMMARY-   
! SUMMARY-  Entities Processed             Count
! SUMMARY-  ------------------             -----
! SUMMARY-  Solid/Sheet .................:     1
! SUMMARY-                                 -----
! SUMMARY-  Total                              1
! STATUS-   Creating the UG part (Phase 3 of 3): 12-JUL-2026  12:43:26 AM
! INFO-     Filing Part ..: D:\Universidad\11vo semestre\APM\Gemelo digital\Modelos descargados\Celda_linea_2_1\sistema_impactguard_h3120_s60_t30_25
! SUMMARY-   
! SUMMARY-  Summary of Unigraphics Part Entities
! SUMMARY-   
! SUMMARY-  Entities Processed             Count
! SUMMARY-  ------------------             -----
! SUMMARY-  Solid/Sheet .................:     1
! SUMMARY-                                 -----
! SUMMARY-  Total                              1
! STATUS-   Creating the UG part (Phase 3 of 3): 12-JUL-2026  12:43:26 AM
! INFO-     Filing Part ..: D:\Universidad\11vo semestre\APM\Gemelo digital\Modelos descargados\Celda_linea_2_1\sistema_impactguard_h3120_s60_t30_15
! SUMMARY-   
! SUMMARY-  Summary of Unigraphics Part Entities
! SUMMARY-   
! SUMMARY-  Entities Processed             Count
! SUMMARY-  ------------------             -----
! SUMMARY-  Solid/Sheet .................:     1
! SUMMARY-                                 -----
! SUMMARY-  Total                              1
! STATUS-   Creating the UG part (Phase 3 of 3): 12-JUL-2026  12:43:26 AM
! INFO-     Filing Part ..: D:\Universidad\11vo semestre\APM\Gemelo digital\Modelos descargados\Celda_linea_2_1\sistema_impactguard_h3120_s60_t30_14
! SUMMARY-   
! SUMMARY-  Summary of Unigraphics Part Entities
! SUMMARY-   
! SUMMARY-  Entities Processed             Count
! SUMMARY-  ------------------             -----
! SUMMARY-  Solid/Sheet .................:     1
! SUMMARY-                                 -----
! SUMMARY-  Total                              1
! STATUS-   Creating the UG part (Phase 3 of 3): 12-JUL-2026  12:43:26 AM
! INFO-     Filing Part ..: D:\Universidad\11vo semestre\APM\Gemelo digital\Modelos descargados\Celda_linea_2_1\sistema_impactguard_h3120_s60_t30_13
! SUMMARY-   
! SUMMARY-  Summary of Unigraphics Part Entities
! SUMMARY-   
! SUMMARY-  Entities Processed             Count
! SUMMARY-  ------------------             -----
! SUMMARY-  Solid/Sheet .................:     1
! SUMMARY-                                 -----
! SUMMARY-  Total                              1
! STATUS-   Creating the UG part (Phase 3 of 3): 12-JUL-2026  12:43:26 AM
! INFO-     Filing Part ..: D:\Universidad\11vo semestre\APM\Gemelo digital\Modelos descargados\Celda_linea_2_1\sistema_impactguard_h3120_s60_t30_12
! SUMMARY-   
! SUMMARY-  Summary of Unigraphics Part Entities
! SUMMARY-   
! SUMMARY-  Entities Processed             Count
! SUMMARY-  ------------------             -----
! SUMMARY-  Solid/Sheet .................:     1
! SUMMARY-                                 -----
! SUMMARY-  Total                              1
! STATUS-   Creating the UG part (Phase 3 of 3): 12-JUL-2026  12:43:26 AM
! INFO-     Filing Part ..: D:\Universidad\11vo semestre\APM\Gemelo digital\Modelos descargados\Celda_linea_2_1\sistema_impactguard_h3120_s60_t30_11
! SUMMARY-   
! SUMMARY-  Summary of Unigraphics Part Entities
! SUMMARY-   
! SUMMARY-  Entities Processed             Count
! SUMMARY-  ------------------             -----
! SUMMARY-  Solid/Sheet .................:     1
! SUMMARY-                                 -----
! SUMMARY-  Total                              1
! STATUS-   Creating the UG part (Phase 3 of 3): 12-JUL-2026  12:43:26 AM
! INFO-     Filing Part ..: D:\Universidad\11vo semestre\APM\Gemelo digital\Modelos descargados\Celda_linea_2_1\sistema_impactguard_h3120_s60_t30_10
! SUMMARY-   
! SUMMARY-  Summary of Unigraphics Part Entities
! SUMMARY-   
! SUMMARY-  Entities Processed             Count
! SUMMARY-  ------------------             -----
! SUMMARY-  Solid/Sheet .................:     1
! SUMMARY-                                 -----
! SUMMARY-  Total                              1
! STATUS-   Creating the UG part (Phase 3 of 3): 12-JUL-2026  12:43:27 AM
! INFO-     Filing Part ..: D:\Universidad\11vo semestre\APM\Gemelo digital\Modelos descargados\Celda_linea_2_1\sistema_impactguard_h3120_s60_t30_09
! SUMMARY-   
! SUMMARY-  Summary of Unigraphics Part Entities
! SUMMARY-   
! SUMMARY-  Entities Processed             Count
! SUMMARY-  ------------------             -----
! SUMMARY-  Solid/Sheet .................:     1
! SUMMARY-                                 -----
! SUMMARY-  Total                              1
! STATUS-   Creating the UG part (Phase 3 of 3): 12-JUL-2026  12:43:27 AM
! INFO-     Filing Part ..: D:\Universidad\11vo semestre\APM\Gemelo digital\Modelos descargados\Celda_linea_2_1\sistema_impactguard_h3120_s60_t30_08
! SUMMARY-   
! SUMMARY-  Summary of Unigraphics Part Entities
! SUMMARY-   
! SUMMARY-  Entities Processed             Count
! SUMMARY-  ------------------             -----
! SUMMARY-  Solid/Sheet .................:     1
! SUMMARY-                                 -----
! SUMMARY-  Total                              1
! STATUS-   Creating the UG part (Phase 3 of 3): 12-JUL-2026  12:43:27 AM
! INFO-     Filing Part ..: D:\Universidad\11vo semestre\APM\Gemelo digital\Modelos descargados\Celda_linea_2_1\sistema_impactguard_h3120_s60_t30_07
! SUMMARY-   
! SUMMARY-  Summary of Unigraphics Part Entities
! SUMMARY-   
! SUMMARY-  Entities Processed             Count
! SUMMARY-  ------------------             -----
! SUMMARY-  Solid/Sheet .................:     1
! SUMMARY-                                 -----
! SUMMARY-  Total                              1
! STATUS-   Creating the UG part (Phase 3 of 3): 12-JUL-2026  12:43:27 AM
! INFO-     Filing Part ..: D:\Universidad\11vo semestre\APM\Gemelo digital\Modelos descargados\Celda_linea_2_1\sistema_impactguard_h3120_s60_t30_03
! SUMMARY-   
! SUMMARY-  Summary of Unigraphics Part Entities
! SUMMARY-   
! SUMMARY-  Entities Processed             Count
! SUMMARY-  ------------------             -----
! SUMMARY-  Solid/Sheet .................:     1
! SUMMARY-                                 -----
! SUMMARY-  Total                              1
! STATUS-   Creating the UG part (Phase 3 of 3): 12-JUL-2026  12:43:27 AM
! INFO-     Filing Part ..: D:\Universidad\11vo semestre\APM\Gemelo digital\Modelos descargados\Celda_linea_2_1\sistema_impactguard_h3120_s60_t30_02
! SUMMARY-   
! SUMMARY-  Summary of Unigraphics Part Entities
! SUMMARY-   
! SUMMARY-  Entities Processed             Count
! SUMMARY-  ------------------             -----
! SUMMARY-  Solid/Sheet .................:     1
! SUMMARY-                                 -----
! SUMMARY-  Total                              1
! STATUS-   Creating the UG part (Phase 3 of 3): 12-JUL-2026  12:43:27 AM
! INFO-     Filing Part ..: D:\Universidad\11vo semestre\APM\Gemelo digital\Modelos descargados\Celda_linea_2_1\sistema_impactguard_h3120_s60_t30_01
! SUMMARY-   
! SUMMARY-  Summary of Unigraphics Part Entities
! SUMMARY-   
! SUMMARY-  Entities Processed             Count
! SUMMARY-  ------------------             -----
! SUMMARY-  Solid/Sheet .................:     1
! SUMMARY-                                 -----
! SUMMARY-  Total                              1
! STATUS-   Creating the UG part (Phase 3 of 3): 12-JUL-2026  12:43:27 AM
! INFO-     Filing Part ..: D:\Universidad\11vo semestre\APM\Gemelo digital\Modelos descargados\Celda_linea_2_1\Roller Conveyor for Palet (Width 1200mm x 1500kg)
! SUMMARY-   
! SUMMARY-  Summary of Unigraphics Part Entities
! SUMMARY-   
! SUMMARY-  Entities Processed             Count
! SUMMARY-  ------------------             -----
! SUMMARY-  Point .......................:    55
! SUMMARY-  Line ........................:    28
! SUMMARY-  Arc/Circle ..................:    49
! SUMMARY-  Solid/Sheet .................:  1172
! SUMMARY-                                 -----
! SUMMARY-  Total                           1304
! STATUS-   Creating the UG part (Phase 3 of 3): 12-JUL-2026  12:43:49 AM
! INFO-     Filing Part ..: D:\Universidad\11vo semestre\APM\Gemelo digital\Modelos descargados\Celda_linea_2_1\Floor
! SUMMARY-   
! SUMMARY-  Summary of Unigraphics Part Entities
! SUMMARY-   
! SUMMARY-  Entities Processed             Count
! SUMMARY-  ------------------             -----
! SUMMARY-  Solid/Sheet .................:     1
! SUMMARY-                                 -----
! SUMMARY-  Total                              1
! STATUS-   Creating the UG part (Phase 3 of 3): 12-JUL-2026  12:43:50 AM
! INFO-     Filing Part ..: D:\Universidad\11vo semestre\APM\Gemelo digital\Modelos descargados\Celda_linea_2_1\PL2
! SUMMARY-   
! SUMMARY-  Summary of Unigraphics Part Entities
! SUMMARY-   
! SUMMARY-  Entities Processed             Count
! SUMMARY-  ------------------             -----
! SUMMARY-  Solid/Sheet .................:    13
! SUMMARY-                                 -----
! SUMMARY-  Total                             13
! STATUS-   Creating the UG part (Phase 3 of 3): 12-JUL-2026  12:43:50 AM
! INFO-     Filing Part ..: D:\Universidad\11vo semestre\APM\Gemelo digital\Modelos descargados\Celda_linea_2_1\PL1
! SUMMARY-   
! SUMMARY-  Summary of Unigraphics Part Entities
! SUMMARY-   
! SUMMARY-  Entities Processed             Count
! SUMMARY-  ------------------             -----
! SUMMARY-  Solid/Sheet .................:    11
! SUMMARY-                                 -----
! SUMMARY-  Total                             11
! STATUS-   Creating the UG part (Phase 3 of 3): 12-JUL-2026  12:43:50 AM
! INFO-     Filing Part ..: D:\Universidad\11vo semestre\APM\Gemelo digital\Modelos descargados\Celda_linea_2_1\Flange
! SUMMARY-   
! SUMMARY-  Summary of Unigraphics Part Entities
! SUMMARY-   
! SUMMARY-  Entities Processed             Count
! SUMMARY-  ------------------             -----
! SUMMARY-  Solid/Sheet .................:    14
! SUMMARY-                                 -----
! SUMMARY-  Total                             14
! STATUS-   Creating the UG part (Phase 3 of 3): 12-JUL-2026  12:43:50 AM
! INFO-     Filing Part ..: D:\Universidad\11vo semestre\APM\Gemelo digital\Modelos descargados\Celda_linea_2_1\MU_300
! SUMMARY-   
! SUMMARY-  Summary of Unigraphics Part Entities
! SUMMARY-   
! SUMMARY-  Entities Processed             Count
! SUMMARY-  ------------------             -----
! SUMMARY-  Solid/Sheet .................:     1
! SUMMARY-                                 -----
! SUMMARY-  Total                              1
! STATUS-   Creating the UG part (Phase 3 of 3): 12-JUL-2026  12:43:52 AM
! INFO-     Filing Part ..: D:\Universidad\11vo semestre\APM\Gemelo digital\Modelos descargados\Celda_linea_2_1\R039980006_2859
! SUMMARY-   
! SUMMARY-  Summary of Unigraphics Part Entities
! SUMMARY-   
! SUMMARY-  Entities Processed             Count
! SUMMARY-  ------------------             -----
! SUMMARY-  Solid/Sheet .................:     1
! SUMMARY-                                 -----
! SUMMARY-  Total                              1
! STATUS-   Creating the UG part (Phase 3 of 3): 12-JUL-2026  12:43:52 AM
! INFO-     Filing Part ..: D:\Universidad\11vo semestre\APM\Gemelo digital\Modelos descargados\Celda_linea_2_1\REXROTH_LOGO_WAVE_3D_GR_1
! SUMMARY-   
! SUMMARY-  Summary of Unigraphics Part Entities
! SUMMARY-   
! SUMMARY-  Entities Processed             Count
! SUMMARY-  ------------------             -----
! SUMMARY-  Solid/Sheet .................:     7
! SUMMARY-                                 -----
! SUMMARY-  Total                              7
! STATUS-   Creating the UG part (Phase 3 of 3): 12-JUL-2026  12:43:52 AM
! INFO-     Filing Part ..: D:\Universidad\11vo semestre\APM\Gemelo digital\Modelos descargados\Celda_linea_2_1\REXROTH_CKK280__ABD
! SUMMARY-   
! SUMMARY-  Summary of Unigraphics Part Entities
! SUMMARY-   
! SUMMARY-  Entities Processed             Count
! SUMMARY-  ------------------             -----
! SUMMARY-  Solid/Sheet .................:     1
! SUMMARY-                                 -----
! SUMMARY-  Total                              1
! STATUS-   Creating the UG part (Phase 3 of 3): 12-JUL-2026  12:43:52 AM
! INFO-     Filing Part ..: D:\Universidad\11vo semestre\APM\Gemelo digital\Modelos descargados\Celda_linea_2_1\R037270006_Z
! SUMMARY-   
! SUMMARY-  Summary of Unigraphics Part Entities
! SUMMARY-   
! SUMMARY-  Entities Processed             Count
! SUMMARY-  ------------------             -----
! SUMMARY-  Solid/Sheet .................:     2
! SUMMARY-                                 -----
! SUMMARY-  Total                              2
! STATUS-   Creating the UG part (Phase 3 of 3): 12-JUL-2026  12:43:52 AM
! INFO-     Filing Part ..: D:\Universidad\11vo semestre\APM\Gemelo digital\Modelos descargados\Celda_linea_2_1\R037270005_Z
! SUMMARY-   
! SUMMARY-  Summary of Unigraphics Part Entities
! SUMMARY-   
! SUMMARY-  Entities Processed             Count
! SUMMARY-  ------------------             -----
! SUMMARY-  Solid/Sheet .................:     7
! SUMMARY-                                 -----
! SUMMARY-  Total                              7
! STATUS-   Creating the UG part (Phase 3 of 3): 12-JUL-2026  12:43:53 AM
! INFO-     Filing Part ..: D:\Universidad\11vo semestre\APM\Gemelo digital\Modelos descargados\Celda_linea_2_1\REXROTH_CKK280__HK
! SUMMARY-   
! SUMMARY-  Summary of Unigraphics Part Entities
! SUMMARY-   
! SUMMARY-  Entities Processed             Count
! SUMMARY-  ------------------             -----
! SUMMARY-  Solid/Sheet .................:     1
! SUMMARY-                                 -----
! SUMMARY-  Total                              1
! STATUS-   Creating the UG part (Phase 3 of 3): 12-JUL-2026  12:43:53 AM
! INFO-     Filing Part ..: D:\Universidad\11vo semestre\APM\Gemelo digital\Modelos descargados\Celda_linea_2_1\REXROTH_CKK280__SPDL
! SUMMARY-   
! SUMMARY-  Summary of Unigraphics Part Entities
! SUMMARY-   
! SUMMARY-  Entities Processed             Count
! SUMMARY-  ------------------             -----
! SUMMARY-  Solid/Sheet .................:     1
! SUMMARY-                                 -----
! SUMMARY-  Total                              1
! STATUS-   Creating the UG part (Phase 3 of 3): 12-JUL-2026  12:43:53 AM
! INFO-     Filing Part ..: D:\Universidad\11vo semestre\APM\Gemelo digital\Modelos descargados\Celda_linea_2_1\R037570010_Z
! SUMMARY-   
! SUMMARY-  Summary of Unigraphics Part Entities
! SUMMARY-   
! SUMMARY-  Entities Processed             Count
! SUMMARY-  ------------------             -----
! SUMMARY-  Solid/Sheet .................:     7
! SUMMARY-                                 -----
! SUMMARY-  Total                              7
! STATUS-   Creating the UG part (Phase 3 of 3): 12-JUL-2026  12:43:53 AM
! INFO-     Filing Part ..: D:\Universidad\11vo semestre\APM\Gemelo digital\Modelos descargados\Celda_linea_2_1\R037371017_1
! SUMMARY-   
! SUMMARY-  Summary of Unigraphics Part Entities
! SUMMARY-   
! SUMMARY-  Entities Processed             Count
! SUMMARY-  ------------------             -----
! SUMMARY-  Solid/Sheet .................:    25
! SUMMARY-                                 -----
! SUMMARY-  Total                             25
! STATUS-   Creating the UG part (Phase 3 of 3): 12-JUL-2026  12:43:54 AM
! INFO-     Filing Part ..: D:\Universidad\11vo semestre\APM\Gemelo digital\Modelos descargados\Celda_linea_2_1\R037371017_2
! SUMMARY-   
! SUMMARY-  Summary of Unigraphics Part Entities
! SUMMARY-   
! SUMMARY-  Entities Processed             Count
! SUMMARY-  ------------------             -----
! SUMMARY-  Solid/Sheet .................:    24
! SUMMARY-                                 -----
! SUMMARY-  Total                             24
! STATUS-   Creating the UG part (Phase 3 of 3): 12-JUL-2026  12:43:54 AM
! INFO-     Filing Part ..: D:\Universidad\11vo semestre\APM\Gemelo digital\Modelos descargados\Celda_linea_2_1\R037570020_Z
! SUMMARY-   
! SUMMARY-  Summary of Unigraphics Part Entities
! SUMMARY-   
! SUMMARY-  Entities Processed             Count
! SUMMARY-  ------------------             -----
! SUMMARY-  Solid/Sheet .................:     1
! SUMMARY-                                 -----
! SUMMARY-  Total                              1
! STATUS-   Creating the UG part (Phase 3 of 3): 12-JUL-2026  12:43:55 AM
! INFO-     Filing Part ..: D:\Universidad\11vo semestre\APM\Gemelo digital\Modelos descargados\Celda_linea_2_1\R037370030_Z
! SUMMARY-   
! SUMMARY-  Summary of Unigraphics Part Entities
! SUMMARY-   
! SUMMARY-  Entities Processed             Count
! SUMMARY-  ------------------             -----
! SUMMARY-  Solid/Sheet .................:    17
! SUMMARY-                                 -----
! SUMMARY-  Total                             17
! STATUS-   Creating the UG part (Phase 3 of 3): 12-JUL-2026  12:43:55 AM
! INFO-     Filing Part ..: D:\Universidad\11vo semestre\APM\Gemelo digital\Modelos descargados\Celda_linea_2_1\Acople
! SUMMARY-   
! SUMMARY-  Summary of Unigraphics Part Entities
! SUMMARY-   
! SUMMARY-  Entities Processed             Count
! SUMMARY-  ------------------             -----
! SUMMARY-  Solid/Sheet .................:     1
! SUMMARY-                                 -----
! SUMMARY-  Total                              1
! STATUS-   Creating the UG part (Phase 3 of 3): 12-JUL-2026  12:43:55 AM
! INFO-     Filing Part ..: D:\Universidad\11vo semestre\APM\Gemelo digital\Modelos descargados\Celda_linea_2_1\ab1151-p0403490086
! SUMMARY-   
! SUMMARY-  Summary of Unigraphics Part Entities
! SUMMARY-   
! SUMMARY-  Entities Processed             Count
! SUMMARY-  ------------------             -----
! SUMMARY-  Solid/Sheet .................:    15
! SUMMARY-                                 -----
! SUMMARY-  Total                             15
! STATUS-   Creating the UG part (Phase 3 of 3): 12-JUL-2026  12:43:56 AM
! INFO-     Filing Part ..: D:\Universidad\11vo semestre\APM\Gemelo digital\Modelos descargados\Celda_linea_2_1\MU_200_rev03
! SUMMARY-   
! SUMMARY-  Summary of Unigraphics Part Entities
! SUMMARY-   
! SUMMARY-  Entities Processed             Count
! SUMMARY-  ------------------             -----
! SUMMARY-  Solid/Sheet .................:     1
! SUMMARY-                                 -----
! SUMMARY-  Total                              1
! STATUS-   Creating the UG part (Phase 3 of 3): 12-JUL-2026  12:43:57 AM
! INFO-     Filing Part ..: D:\Universidad\11vo semestre\APM\Gemelo digital\Modelos descargados\Celda_linea_2_1\Soporte
! SUMMARY-   
! SUMMARY-  Summary of Unigraphics Part Entities
! SUMMARY-   
! SUMMARY-  Entities Processed             Count
! SUMMARY-  ------------------             -----
! SUMMARY-  Solid/Sheet .................:     1
! SUMMARY-                                 -----
! SUMMARY-  Total                              1
! STATUS-   Creating the UG part (Phase 3 of 3): 12-JUL-2026  12:43:57 AM
! INFO-     Filing Part ..: D:\Universidad\11vo semestre\APM\Gemelo digital\Modelos descargados\Celda_linea_2_1\R039980006_5110
! SUMMARY-   
! SUMMARY-  Summary of Unigraphics Part Entities
! SUMMARY-   
! SUMMARY-  Entities Processed             Count
! SUMMARY-  ------------------             -----
! SUMMARY-  Solid/Sheet .................:     1
! SUMMARY-                                 -----
! SUMMARY-  Total                              1
! STATUS-   Creating the UG part (Phase 3 of 3): 12-JUL-2026  12:43:57 AM
! INFO-     Filing Part ..: D:\Universidad\11vo semestre\APM\Gemelo digital\Modelos descargados\Celda_linea_2_1\REXROTH_LOGO_WAVE_3D_GR
! SUMMARY-   
! SUMMARY-  Summary of Unigraphics Part Entities
! SUMMARY-   
! SUMMARY-  Entities Processed             Count
! SUMMARY-  ------------------             -----
! SUMMARY-  Solid/Sheet .................:     7
! SUMMARY-                                 -----
! SUMMARY-  Total                              7
! STATUS-   Creating the UG part (Phase 3 of 3): 12-JUL-2026  12:43:57 AM
! INFO-     Filing Part ..: D:\Universidad\11vo semestre\APM\Gemelo digital\Modelos descargados\Celda_linea_2_1\REXROTH_LOGO_WAVE_3D_GL
! SUMMARY-   
! SUMMARY-  Summary of Unigraphics Part Entities
! SUMMARY-   
! SUMMARY-  Entities Processed             Count
! SUMMARY-  ------------------             -----
! SUMMARY-  Solid/Sheet .................:     7
! SUMMARY-                                 -----
! SUMMARY-  Total                              7
! STATUS-   Creating the UG part (Phase 3 of 3): 12-JUL-2026  12:43:58 AM
! INFO-     Filing Part ..: D:\Universidad\11vo semestre\APM\Gemelo digital\Modelos descargados\Celda_linea_2_1\R036470000_5110_RIEM
! SUMMARY-   
! SUMMARY-  Summary of Unigraphics Part Entities
! SUMMARY-   
! SUMMARY-  Entities Processed             Count
! SUMMARY-  ------------------             -----
! SUMMARY-  Solid/Sheet .................:     2
! SUMMARY-                                 -----
! SUMMARY-  Total                              2
! STATUS-   Creating the UG part (Phase 3 of 3): 12-JUL-2026  12:43:58 AM
! INFO-     Filing Part ..: D:\Universidad\11vo semestre\APM\Gemelo digital\Modelos descargados\Celda_linea_2_1\R037270020_Z
! SUMMARY-   
! SUMMARY-  Summary of Unigraphics Part Entities
! SUMMARY-   
! SUMMARY-  Entities Processed             Count
! SUMMARY-  ------------------             -----
! SUMMARY-  Solid/Sheet .................:     1
! SUMMARY-                                 -----
! SUMMARY-  Total                              1
! STATUS-   Creating the UG part (Phase 3 of 3): 12-JUL-2026  12:43:58 AM
! INFO-     Filing Part ..: D:\Universidad\11vo semestre\APM\Gemelo digital\Modelos descargados\Celda_linea_2_1\R037170000_Z_AF0
! SUMMARY-   
! SUMMARY-  Summary of Unigraphics Part Entities
! SUMMARY-   
! SUMMARY-  Entities Processed             Count
! SUMMARY-  ------------------             -----
! SUMMARY-  Solid/Sheet .................:     5
! SUMMARY-                                 -----
! SUMMARY-  Total                              5
! STATUS-   Creating the UG part (Phase 3 of 3): 12-JUL-2026  12:43:58 AM
! INFO-     Filing Part ..: D:\Universidad\11vo semestre\APM\Gemelo digital\Modelos descargados\Celda_linea_2_1\R036470000_5110_HK
! SUMMARY-   
! SUMMARY-  Summary of Unigraphics Part Entities
! SUMMARY-   
! SUMMARY-  Entities Processed             Count
! SUMMARY-  ------------------             -----
! SUMMARY-  Solid/Sheet .................:     1
! SUMMARY-                                 -----
! SUMMARY-  Total                              1
! STATUS-   Creating the UG part (Phase 3 of 3): 12-JUL-2026  12:43:58 AM
! INFO-     Filing Part ..: D:\Universidad\11vo semestre\APM\Gemelo digital\Modelos descargados\Celda_linea_2_1\REXROTH_CKK280__KK_RE_ASM
! SUMMARY-   
! SUMMARY-  Summary of Unigraphics Part Entities
! SUMMARY-   
! SUMMARY-  Entities Processed             Count
! SUMMARY-  ------------------             -----
! SUMMARY-  Component ...................:     1
! SUMMARY-                                 -----
! SUMMARY-  Total                              1
! STATUS-   Creating the UG part (Phase 3 of 3): 12-JUL-2026  12:43:58 AM
! INFO-     Filing Part ..: D:\Universidad\11vo semestre\APM\Gemelo digital\Modelos descargados\Celda_linea_2_1\Rexroth_CKK280_S2200_AxisZ
! SUMMARY-   
! SUMMARY-  Summary of Unigraphics Part Entities
! SUMMARY-   
! SUMMARY-  Entities Processed             Count
! SUMMARY-  ------------------             -----
! SUMMARY-  Component ...................:     7
! SUMMARY-                                 -----
! SUMMARY-  Total                              7
! STATUS-   Creating the UG part (Phase 3 of 3): 12-JUL-2026  12:43:59 AM
! INFO-     Filing Part ..: D:\Universidad\11vo semestre\APM\Gemelo digital\Modelos descargados\Celda_linea_2_1\Link2
! SUMMARY-   
! SUMMARY-  Summary of Unigraphics Part Entities
! SUMMARY-   
! SUMMARY-  Entities Processed             Count
! SUMMARY-  ------------------             -----
! SUMMARY-  Component ...................:     2
! SUMMARY-                                 -----
! SUMMARY-  Total                              2
! STATUS-   Creating the UG part (Phase 3 of 3): 12-JUL-2026  12:43:59 AM
! INFO-     Filing Part ..: D:\Universidad\11vo semestre\APM\Gemelo digital\Modelos descargados\Celda_linea_2_1\Link1
! SUMMARY-   
! SUMMARY-  Summary of Unigraphics Part Entities
! SUMMARY-   
! SUMMARY-  Entities Processed             Count
! SUMMARY-  ------------------             -----
! SUMMARY-  Component ...................:     6
! SUMMARY-                                 -----
! SUMMARY-  Total                              6
! STATUS-   Creating the UG part (Phase 3 of 3): 12-JUL-2026  12:43:59 AM
! INFO-     Filing Part ..: D:\Universidad\11vo semestre\APM\Gemelo digital\Modelos descargados\Celda_linea_2_1\R036470000_5110_CKX_RE_ASM
! SUMMARY-   
! SUMMARY-  Summary of Unigraphics Part Entities
! SUMMARY-   
! SUMMARY-  Entities Processed             Count
! SUMMARY-  ------------------             -----
! SUMMARY-  Component ...................:     1
! SUMMARY-                                 -----
! SUMMARY-  Total                              1
! STATUS-   Creating the UG part (Phase 3 of 3): 12-JUL-2026  12:43:59 AM
! INFO-     Filing Part ..: D:\Universidad\11vo semestre\APM\Gemelo digital\Modelos descargados\Celda_linea_2_1\Rexroth_CKR280_S4600_AxisX
! SUMMARY-   
! SUMMARY-  Summary of Unigraphics Part Entities
! SUMMARY-   
! SUMMARY-  Entities Processed             Count
! SUMMARY-  ------------------             -----
! SUMMARY-  Component ...................:     7
! SUMMARY-                                 -----
! SUMMARY-  Total                              7
! STATUS-   Creating the UG part (Phase 3 of 3): 12-JUL-2026  12:43:59 AM
! INFO-     Filing Part ..: D:\Universidad\11vo semestre\APM\Gemelo digital\Modelos descargados\Celda_linea_2_1\Link0
! SUMMARY-   
! SUMMARY-  Summary of Unigraphics Part Entities
! SUMMARY-   
! SUMMARY-  Entities Processed             Count
! SUMMARY-  ------------------             -----
! SUMMARY-  Component ...................:     5
! SUMMARY-                                 -----
! SUMMARY-  Total                              5
! STATUS-   Creating the UG part (Phase 3 of 3): 12-JUL-2026  12:43:59 AM
! INFO-     Filing Part ..: D:\Universidad\11vo semestre\APM\Gemelo digital\Modelos descargados\Celda_linea_2_1\RGantry
! SUMMARY-   
! SUMMARY-  Summary of Unigraphics Part Entities
! SUMMARY-   
! SUMMARY-  Entities Processed             Count
! SUMMARY-  ------------------             -----
! SUMMARY-  Component ...................:     3
! SUMMARY-                                 -----
! SUMMARY-  Total                              3
! STATUS-   Creating the UG part (Phase 3 of 3): 12-JUL-2026  12:43:59 AM
! INFO-     Filing Part ..: D:\Universidad\11vo semestre\APM\Gemelo digital\Modelos descargados\Celda_linea_2_1\Gripper
! SUMMARY-   
! SUMMARY-  Summary of Unigraphics Part Entities
! SUMMARY-   
! SUMMARY-  Entities Processed             Count
! SUMMARY-  ------------------             -----
! SUMMARY-  Component ...................:     5
! SUMMARY-                                 -----
! SUMMARY-  Total                              5
! STATUS-   Creating the UG part (Phase 3 of 3): 12-JUL-2026  12:43:59 AM
! INFO-     Filing Part ..: D:\Universidad\11vo semestre\APM\Gemelo digital\Modelos descargados\Celda_linea_2_1\Fancemid
! SUMMARY-   
! SUMMARY-  Summary of Unigraphics Part Entities
! SUMMARY-   
! SUMMARY-  Entities Processed             Count
! SUMMARY-  ------------------             -----
! SUMMARY-  Component ...................:    14
! SUMMARY-                                 -----
! SUMMARY-  Total                             14
! STATUS-   Creating the UG part (Phase 3 of 3): 12-JUL-2026  12:44:00 AM
! INFO-     Filing Part ..: D:\Universidad\11vo semestre\APM\Gemelo digital\Modelos descargados\Celda_linea_2_1\PL
! SUMMARY-   
! SUMMARY-  Summary of Unigraphics Part Entities
! SUMMARY-   
! SUMMARY-  Entities Processed             Count
! SUMMARY-  ------------------             -----
! SUMMARY-  Component ...................:    13
! SUMMARY-                                 -----
! SUMMARY-  Total                             13
! STATUS-   Creating the UG part (Phase 3 of 3): 12-JUL-2026  12:44:00 AM
! INFO-     Filing Part ..: D:\Universidad\11vo semestre\APM\Gemelo digital\Modelos descargados\Celda_linea_2_1\sistema_impactguard_h3120_s60_t30
! SUMMARY-   
! SUMMARY-  Summary of Unigraphics Part Entities
! SUMMARY-   
! SUMMARY-  Entities Processed             Count
! SUMMARY-  ------------------             -----
! SUMMARY-  Component ...................:    55
! SUMMARY-                                 -----
! SUMMARY-  Total                             55
! STATUS-   Creating the UG part (Phase 3 of 3): 12-JUL-2026  12:44:00 AM
! INFO-     Filing Part ..: D:\Universidad\11vo semestre\APM\Gemelo digital\Modelos descargados\Celda_linea_2_1\u403000000000001-3120-60-30
! SUMMARY-   
! SUMMARY-  Summary of Unigraphics Part Entities
! SUMMARY-   
! SUMMARY-  Entities Processed             Count
! SUMMARY-  ------------------             -----
! SUMMARY-  Component ...................:   122
! SUMMARY-                                 -----
! SUMMARY-  Total                            122
! STATUS-   Creating the UG part (Phase 3 of 3): 12-JUL-2026  12:44:01 AM
! INFO-     Filing Part ..: D:\Universidad\11vo semestre\APM\Gemelo digital\Modelos descargados\Celda_linea_2_1\u601007014800021
! SUMMARY-   
! SUMMARY-  Summary of Unigraphics Part Entities
! SUMMARY-   
! SUMMARY-  Entities Processed             Count
! SUMMARY-  ------------------             -----
! SUMMARY-  Component ...................:     7
! SUMMARY-                                 -----
! SUMMARY-  Total                              7
! STATUS-   Creating the UG part (Phase 3 of 3): 12-JUL-2026  12:44:01 AM
! INFO-     Filing Part ..: D:\Universidad\11vo semestre\APM\Gemelo digital\Modelos descargados\Celda_linea_2_1\u601010014800021
! SUMMARY-   
! SUMMARY-  Summary of Unigraphics Part Entities
! SUMMARY-   
! SUMMARY-  Entities Processed             Count
! SUMMARY-  ------------------             -----
! SUMMARY-  Component ...................:     6
! SUMMARY-                                 -----
! SUMMARY-  Total                              6
! STATUS-   Creating the UG part (Phase 3 of 3): 12-JUL-2026  12:44:01 AM
! INFO-     Filing Part ..: D:\Universidad\11vo semestre\APM\Gemelo digital\Modelos descargados\Celda_linea_2_1\u601008014800021
! SUMMARY-   
! SUMMARY-  Summary of Unigraphics Part Entities
! SUMMARY-   
! SUMMARY-  Entities Processed             Count
! SUMMARY-  ------------------             -----
! SUMMARY-  Component ...................:     6
! SUMMARY-                                 -----
! SUMMARY-  Total                              6
! STATUS-   Creating the UG part (Phase 3 of 3): 12-JUL-2026  12:44:01 AM
! INFO-     Filing Part ..: D:\Universidad\11vo semestre\APM\Gemelo digital\Modelos descargados\Celda_linea_2_1\u601003029600021
! SUMMARY-   
! SUMMARY-  Summary of Unigraphics Part Entities
! SUMMARY-   
! SUMMARY-  Entities Processed             Count
! SUMMARY-  ------------------             -----
! SUMMARY-  Component ...................:    38
! SUMMARY-                                 -----
! SUMMARY-  Total                             38
! STATUS-   Creating the UG part (Phase 3 of 3): 12-JUL-2026  12:44:01 AM
! INFO-     Filing Part ..: D:\Universidad\11vo semestre\APM\Gemelo digital\Modelos descargados\Celda_linea_2_1\u601002029600021
! SUMMARY-   
! SUMMARY-  Summary of Unigraphics Part Entities
! SUMMARY-   
! SUMMARY-  Entities Processed             Count
! SUMMARY-  ------------------             -----
! SUMMARY-  Component ...................:    38
! SUMMARY-                                 -----
! SUMMARY-  Total                             38
! STATUS-   Creating the UG part (Phase 3 of 3): 12-JUL-2026  12:44:01 AM
! INFO-     Filing Part ..: D:\Universidad\11vo semestre\APM\Gemelo digital\Modelos descargados\Celda_linea_2_1\CL1
! SUMMARY-   
! SUMMARY-  Summary of Unigraphics Part Entities
! SUMMARY-   
! SUMMARY-  Entities Processed             Count
! SUMMARY-  ------------------             -----
! SUMMARY-  Component ...................:    33
! SUMMARY-                                 -----
! SUMMARY-  Total                             33
! STATUS-   Creating the UG part (Phase 3 of 3): 12-JUL-2026  12:44:02 AM
! INFO-     Filing Part ..: D:\Universidad\11vo semestre\APM\Gemelo digital\Modelos descargados\Celda_linea_2_1\CL2
! SUMMARY-   
! SUMMARY-  Summary of Unigraphics Part Entities
! SUMMARY-   
! SUMMARY-  Entities Processed             Count
! SUMMARY-  ------------------             -----
! SUMMARY-  Component ...................:    33
! SUMMARY-                                 -----
! SUMMARY-  Total                             33
! STATUS-   Creating the UG part (Phase 3 of 3): 12-JUL-2026  12:44:02 AM
! INFO-     Filing Part ..: D:\Universidad\11vo semestre\APM\Gemelo digital\Modelos descargados\Celda_linea_2_1\Canasta x30 llena
! SUMMARY-   
! SUMMARY-  Summary of Unigraphics Part Entities
! SUMMARY-   
! SUMMARY-  Entities Processed             Count
! SUMMARY-  ------------------             -----
! SUMMARY-  Component ...................:    31
! SUMMARY-                                 -----
! SUMMARY-  Total                             31
! STATUS-   Creating the UG part (Phase 3 of 3): 12-JUL-2026  12:44:02 AM
! INFO-     Filing Part ..: D:\Universidad\11vo semestre\APM\Gemelo digital\Modelos descargados\Celda_linea_2_1\Capa Pallet
! SUMMARY-   
! SUMMARY-  Summary of Unigraphics Part Entities
! SUMMARY-   
! SUMMARY-  Entities Processed             Count
! SUMMARY-  ------------------             -----
! SUMMARY-  Component ...................:     9
! SUMMARY-                                 -----
! SUMMARY-  Total                              9
! STATUS-   Creating the UG part (Phase 3 of 3): 12-JUL-2026  12:44:04 AM
! INFO-     Filing Part ..: D:\Universidad\11vo semestre\APM\Gemelo digital\Modelos descargados\Celda_linea_2_1\Pallet1C
! SUMMARY-   
! SUMMARY-  Summary of Unigraphics Part Entities
! SUMMARY-   
! SUMMARY-  Entities Processed             Count
! SUMMARY-  ------------------             -----
! SUMMARY-  Component ...................:     2
! SUMMARY-                                 -----
! SUMMARY-  Total                              2
! STATUS-   Creating the UG part (Phase 3 of 3): 12-JUL-2026  12:44:06 AM
! INFO-     Filing Part ..: D:\Universidad\11vo semestre\APM\Gemelo digital\Modelos descargados\Celda_linea_2_1\Pack_x6
! SUMMARY-   
! SUMMARY-  Summary of Unigraphics Part Entities
! SUMMARY-   
! SUMMARY-  Entities Processed             Count
! SUMMARY-  ------------------             -----
! SUMMARY-  Component ...................:     6
! SUMMARY-                                 -----
! SUMMARY-  Total                              6
! STATUS-   Creating the UG part (Phase 3 of 3): 12-JUL-2026  12:44:07 AM
! INFO-     Filing Part ..: D:\Universidad\11vo semestre\APM\Gemelo digital\Modelos descargados\Celda_linea_2_1\Capa Pallet_1
! SUMMARY-   
! SUMMARY-  Summary of Unigraphics Part Entities
! SUMMARY-   
! SUMMARY-  Entities Processed             Count
! SUMMARY-  ------------------             -----
! SUMMARY-  Component ...................:    28
! SUMMARY-                                 -----
! SUMMARY-  Total                             28
! STATUS-   Creating the UG part (Phase 3 of 3): 12-JUL-2026  12:44:10 AM
! INFO-     Filing Part ..: D:\Universidad\11vo semestre\APM\Gemelo digital\Modelos descargados\Celda_linea_2_1\Pallet1C_1
! SUMMARY-   
! SUMMARY-  Summary of Unigraphics Part Entities
! SUMMARY-   
! SUMMARY-  Entities Processed             Count
! SUMMARY-  ------------------             -----
! SUMMARY-  Component ...................:     2
! SUMMARY-                                 -----
! SUMMARY-  Total                              2
! STATUS-   Creating the UG part (Phase 3 of 3): 12-JUL-2026  12:44:12 AM
! INFO-     Filing Part ..: D:\Universidad\11vo semestre\APM\Gemelo digital\Modelos descargados\Celda_linea_2_1\354494
! SUMMARY-   
! SUMMARY-  Summary of Unigraphics Part Entities
! SUMMARY-   
! SUMMARY-  Entities Processed             Count
! SUMMARY-  ------------------             -----
! SUMMARY-  Component ...................:     2
! SUMMARY-                                 -----
! SUMMARY-  Total                              2
! STATUS-   Creating the UG part (Phase 3 of 3): 12-JUL-2026  12:44:12 AM
! INFO-     Filing Part ..: D:\Universidad\11vo semestre\APM\Gemelo digital\Modelos descargados\Celda_linea_2_1\Control-Module_IRC5_rev0
! SUMMARY-   
! SUMMARY-  Summary of Unigraphics Part Entities
! SUMMARY-   
! SUMMARY-  Entities Processed             Count
! SUMMARY-  ------------------             -----
! SUMMARY-  Component ...................:     1
! SUMMARY-                                 -----
! SUMMARY-  Total                              1
! STATUS-   Creating the UG part (Phase 3 of 3): 12-JUL-2026  12:44:13 AM
! INFO-     Filing Part ..: D:\Universidad\11vo semestre\APM\Gemelo digital\Modelos descargados\Celda_linea_2_1\nsys3dc5520
! SUMMARY-   
! SUMMARY-  Summary of Unigraphics Part Entities
! SUMMARY-   
! SUMMARY-  Entities Processed             Count
! SUMMARY-  ------------------             -----
! SUMMARY-  Component ...................:    14
! SUMMARY-                                 -----
! SUMMARY-  Total                             14
! STATUS-   Creating the UG part (Phase 3 of 3): 12-JUL-2026  12:44:13 AM
! INFO-     Filing Part ..: D:\Universidad\11vo semestre\APM\Gemelo digital\Modelos descargados\Celda_linea_2_1\Celda_1_2.prt
! SUMMARY-   
! SUMMARY-  Summary of Unigraphics Part Entities
! SUMMARY-   
! SUMMARY-  Entities Processed             Count
! SUMMARY-  ------------------             -----
! SUMMARY-  Component ...................:    47
! SUMMARY-                                 -----
! SUMMARY-  Total                             47
! INFO-      
! INFO-     Total number of solids input for this translation       :      1660
! INFO-      
! INFO-     Number of solids created without body validation faults :      1660
! INFO-      
! INFO-     Number of solids created with body validation fault(s)  :         0
! INFO-      
! INFO-     Number of solids ending up as sheet bodies              :         0
! INFO-      
! INFO-     End of Translation: 12-JUL-2026  12:44:44 AM
! INFO-      
STEP to UG
! INFO-     NX STEP AP214 - V2412.7002
! INFO-      
! INFO-     Start of Translation: 12-JUL-2026  12:00:48 PM
! INFO-      
! STATUS-   Converting Part: D:\Universidad\11vo semestre\APM\Gemelo digital\gemelo\Linea_2_Y_3\Celda_1_2.stp
! SUMMARY-   
! SUMMARY-    STEP Header Information
! SUMMARY-   
! SUMMARY-  Description      Unknown
! SUMMARY-  Imp_Level        2;1
! SUMMARY-  File_Name        Celda.stp
! SUMMARY-  Date             2026-07-08T13:10:31-05:00
! SUMMARY-  Author           Felipe Quenan
! SUMMARY-  Organization     Unknown
! SUMMARY-  Pre_Version      ST-DEVELOPER v20.1
! SUMMARY-  Orig_System      Autodesk Inventor 2026
! SUMMARY-  Authorization    Unknown
! SUMMARY-  Schema_ID        automotive_design
! SUMMARY-   
! SUMMARY-    Summary of STEP Entities
! SUMMARY-   
! SUMMARY-  Entity Type                                                   Count
! SUMMARY-  -----------                                                   ------
! SUMMARY-  advanced_face ..............................................:  50920
! SUMMARY-  application_context ........................................:      1
! SUMMARY-  axis2_placement_3d .........................................: 102961
! SUMMARY-  b_spline_curve_with_knots ..................................:   9874
! SUMMARY-  b_spline_curve_with_knots_and_rational_b_spline_curve ......:   3327
! SUMMARY-  b_spline_surface_with_knots ................................:    750
! SUMMARY-  b_spline_surface_with_knots_and_rational_b_spline_surface ..:   2510
! SUMMARY-  brep_with_voids ............................................:      9
! SUMMARY-  cartesian_point ............................................: 665258
! SUMMARY-  circle .....................................................:  32852
! SUMMARY-  closed_shell ...............................................:   1686
! SUMMARY-  conical_surface ............................................:   2737
! SUMMARY-  context_dependent_shape_representation .....................:    544
! SUMMARY-  conversion_based_unit_and_length_unit ......................:      1
! SUMMARY-  cylindrical_surface ........................................:  21334
! SUMMARY-  dimensional_exponents ......................................:      1
! SUMMARY-  direction ..................................................: 271152
! SUMMARY-  edge_curve .................................................: 132693
! SUMMARY-  edge_loop ..................................................:  57595
! SUMMARY-  ellipse ....................................................:  21459
! SUMMARY-  face_bound .................................................:   6675
! SUMMARY-  face_outer_bound ...........................................:  50920
! SUMMARY-  geometric_representation_context_and_global_uncertainty_a ..:    447
! SUMMARY-  item_defined_transformation ................................:    544
! SUMMARY-  length_measure_with_unit ...................................:      1
! SUMMARY-  length_unit_and_si_unit ....................................:      1
! SUMMARY-  line .......................................................:  65230
! SUMMARY-  manifold_solid_brep ........................................:   1651
! SUMMARY-  next_assembly_usage_occurrence .............................:    544
! SUMMARY-  open_shell .................................................:    525
! SUMMARY-  oriented_closed_shell ......................................:     26
! SUMMARY-  oriented_edge ..............................................: 260367
! SUMMARY-  plane ......................................................:  20643
! SUMMARY-  plane_angle_unit_and_si_unit ...............................:      1
! SUMMARY-  polyline ...................................................:     28
! SUMMARY-  product ....................................................:    446
! SUMMARY-  product_context ............................................:      1
! SUMMARY-  product_definition .........................................:    446
! SUMMARY-  product_definition_context .................................:      1
! SUMMARY-  product_definition_formation ...............................:    446
! SUMMARY-  product_definition_shape ...................................:    990
! SUMMARY-  product_related_product_category ...........................:    446
! SUMMARY-  representation_relationship_with_transformation_and_shape ..:    544
! SUMMARY-  shape_representation .......................................:    446
! SUMMARY-  shell_based_surface_model ..................................:    525
! SUMMARY-  si_unit_and_solid_angle_unit ...............................:      1
! SUMMARY-  spherical_surface ..........................................:    758
! SUMMARY-  toroidal_surface ...........................................:   2188
! SUMMARY-  uncertainty_measure_with_unit ..............................:    447
! SUMMARY-  vector .....................................................:  65230
! SUMMARY-  vertex_point ...............................................:  78549
! SUMMARY-                                                               -------
! SUMMARY-  Total                                                        1936731
! STATUS-    
! STATUS-   Converting to Output Form (Phase 2 of 3): 12-JUL-2026 12:00:55 PM
! STATUS-    
! STATUS-    
! STATUS-   Generating UG geometry and placing them in parts
! STATUS-    
! STATUS-   Creating the UG part (Phase 3 of 3): 12-JUL-2026  12:03:15 PM
! INFO-     Filing Part ..: D:\Universidad\11vo semestre\APM\Gemelo digital\gemelo\Linea_2_Y_3\45-2c36_1920_000_e948271952776
! SUMMARY-   
! SUMMARY-  Summary of Unigraphics Part Entities
! SUMMARY-   
! SUMMARY-  Entities Processed             Count
! SUMMARY-  ------------------             -----
! SUMMARY-  Solid/Sheet .................:     1
! SUMMARY-                                 -----
! SUMMARY-  Total                              1
! STATUS-   Creating the UG part (Phase 3 of 3): 12-JUL-2026  12:03:16 PM
! INFO-     Filing Part ..: D:\Universidad\11vo semestre\APM\Gemelo digital\gemelo\Linea_2_Y_3\3ADR059102M0201_CP6201952775
! SUMMARY-   
! SUMMARY-  Summary of Unigraphics Part Entities
! SUMMARY-   
! SUMMARY-  Entities Processed             Count
! SUMMARY-  ------------------             -----
! SUMMARY-  Solid/Sheet .................:   438
! SUMMARY-                                 -----
! SUMMARY-  Total                            438
! STATUS-   Creating the UG part (Phase 3 of 3): 12-JUL-2026  12:03:20 PM
! INFO-     Filing Part ..: D:\Universidad\11vo semestre\APM\Gemelo digital\gemelo\Linea_2_Y_3\nsys3dc5520_141952774
! SUMMARY-   
! SUMMARY-  Summary of Unigraphics Part Entities
! SUMMARY-   
! SUMMARY-  Entities Processed             Count
! SUMMARY-  ------------------             -----
! SUMMARY-  Solid/Sheet .................:     1
! SUMMARY-                                 -----
! SUMMARY-  Total                              1
! STATUS-   Creating the UG part (Phase 3 of 3): 12-JUL-2026  12:03:20 PM
! INFO-     Filing Part ..: D:\Universidad\11vo semestre\APM\Gemelo digital\gemelo\Linea_2_Y_3\nsys3dc5520_131952773
! SUMMARY-   
! SUMMARY-  Summary of Unigraphics Part Entities
! SUMMARY-   
! SUMMARY-  Entities Processed             Count
! SUMMARY-  ------------------             -----
! SUMMARY-  Solid/Sheet .................:     1
! SUMMARY-                                 -----
! SUMMARY-  Total                              1
! STATUS-   Creating the UG part (Phase 3 of 3): 12-JUL-2026  12:03:20 PM
! INFO-     Filing Part ..: D:\Universidad\11vo semestre\APM\Gemelo digital\gemelo\Linea_2_Y_3\nsys3dc5520_121952772
! SUMMARY-   
! SUMMARY-  Summary of Unigraphics Part Entities
! SUMMARY-   
! SUMMARY-  Entities Processed             Count
! SUMMARY-  ------------------             -----
! SUMMARY-  Solid/Sheet .................:     1
! SUMMARY-                                 -----
! SUMMARY-  Total                              1
! STATUS-   Creating the UG part (Phase 3 of 3): 12-JUL-2026  12:03:20 PM
! INFO-     Filing Part ..: D:\Universidad\11vo semestre\APM\Gemelo digital\gemelo\Linea_2_Y_3\nsys3dc5520_111952771
! SUMMARY-   
! SUMMARY-  Summary of Unigraphics Part Entities
! SUMMARY-   
! SUMMARY-  Entities Processed             Count
! SUMMARY-  ------------------             -----
! SUMMARY-  Solid/Sheet .................:     1
! SUMMARY-                                 -----
! SUMMARY-  Total                              1
! STATUS-   Creating the UG part (Phase 3 of 3): 12-JUL-2026  12:03:20 PM
! INFO-     Filing Part ..: D:\Universidad\11vo semestre\APM\Gemelo digital\gemelo\Linea_2_Y_3\nsys3dc5520_101952770
! SUMMARY-   
! SUMMARY-  Summary of Unigraphics Part Entities
! SUMMARY-   
! SUMMARY-  Entities Processed             Count
! SUMMARY-  ------------------             -----
! SUMMARY-  Solid/Sheet .................:     1
! SUMMARY-                                 -----
! SUMMARY-  Total                              1
! STATUS-   Creating the UG part (Phase 3 of 3): 12-JUL-2026  12:03:20 PM
! INFO-     Filing Part ..: D:\Universidad\11vo semestre\APM\Gemelo digital\gemelo\Linea_2_Y_3\nsys3dc5520_091952769
! SUMMARY-   
! SUMMARY-  Summary of Unigraphics Part Entities
! SUMMARY-   
! SUMMARY-  Entities Processed             Count
! SUMMARY-  ------------------             -----
! SUMMARY-  Solid/Sheet .................:     1
! SUMMARY-                                 -----
! SUMMARY-  Total                              1
! STATUS-   Creating the UG part (Phase 3 of 3): 12-JUL-2026  12:03:20 PM
! INFO-     Filing Part ..: D:\Universidad\11vo semestre\APM\Gemelo digital\gemelo\Linea_2_Y_3\nsys3dc5520_081952768
! SUMMARY-   
! SUMMARY-  Summary of Unigraphics Part Entities
! SUMMARY-   
! SUMMARY-  Entities Processed             Count
! SUMMARY-  ------------------             -----
! SUMMARY-  Solid/Sheet .................:     1
! SUMMARY-                                 -----
! SUMMARY-  Total                              1
! STATUS-   Creating the UG part (Phase 3 of 3): 12-JUL-2026  12:03:20 PM
! INFO-     Filing Part ..: D:\Universidad\11vo semestre\APM\Gemelo digital\gemelo\Linea_2_Y_3\nsys3dc5520_071952767
! SUMMARY-   
! SUMMARY-  Summary of Unigraphics Part Entities
! SUMMARY-   
! SUMMARY-  Entities Processed             Count
! SUMMARY-  ------------------             -----
! SUMMARY-  Solid/Sheet .................:     1
! SUMMARY-                                 -----
! SUMMARY-  Total                              1
! STATUS-   Creating the UG part (Phase 3 of 3): 12-JUL-2026  12:03:20 PM
! INFO-     Filing Part ..: D:\Universidad\11vo semestre\APM\Gemelo digital\gemelo\Linea_2_Y_3\nsys3dc5520_061952766
! SUMMARY-   
! SUMMARY-  Summary of Unigraphics Part Entities
! SUMMARY-   
! SUMMARY-  Entities Processed             Count
! SUMMARY-  ------------------             -----
! SUMMARY-  Solid/Sheet .................:     1
! SUMMARY-                                 -----
! SUMMARY-  Total                              1
! STATUS-   Creating the UG part (Phase 3 of 3): 12-JUL-2026  12:03:21 PM
! INFO-     Filing Part ..: D:\Universidad\11vo semestre\APM\Gemelo digital\gemelo\Linea_2_Y_3\nsys3dc5520_051952765
! SUMMARY-   
! SUMMARY-  Summary of Unigraphics Part Entities
! SUMMARY-   
! SUMMARY-  Entities Processed             Count
! SUMMARY-  ------------------             -----
! SUMMARY-  Solid/Sheet .................:     1
! SUMMARY-                                 -----
! SUMMARY-  Total                              1
! STATUS-   Creating the UG part (Phase 3 of 3): 12-JUL-2026  12:03:21 PM
! INFO-     Filing Part ..: D:\Universidad\11vo semestre\APM\Gemelo digital\gemelo\Linea_2_Y_3\nsys3dc5520_041952764
! SUMMARY-   
! SUMMARY-  Summary of Unigraphics Part Entities
! SUMMARY-   
! SUMMARY-  Entities Processed             Count
! SUMMARY-  ------------------             -----
! SUMMARY-  Solid/Sheet .................:     1
! SUMMARY-                                 -----
! SUMMARY-  Total                              1
! STATUS-   Creating the UG part (Phase 3 of 3): 12-JUL-2026  12:03:21 PM
! INFO-     Filing Part ..: D:\Universidad\11vo semestre\APM\Gemelo digital\gemelo\Linea_2_Y_3\nsys3dc5520_031952763
! SUMMARY-   
! SUMMARY-  Summary of Unigraphics Part Entities
! SUMMARY-   
! SUMMARY-  Entities Processed             Count
! SUMMARY-  ------------------             -----
! SUMMARY-  Solid/Sheet .................:     1
! SUMMARY-                                 -----
! SUMMARY-  Total                              1
! STATUS-   Creating the UG part (Phase 3 of 3): 12-JUL-2026  12:03:21 PM
! INFO-     Filing Part ..: D:\Universidad\11vo semestre\APM\Gemelo digital\gemelo\Linea_2_Y_3\nsys3dc5520_021952762
! SUMMARY-   
! SUMMARY-  Summary of Unigraphics Part Entities
! SUMMARY-   
! SUMMARY-  Entities Processed             Count
! SUMMARY-  ------------------             -----
! SUMMARY-  Solid/Sheet .................:     1
! SUMMARY-                                 -----
! SUMMARY-  Total                              1
! STATUS-   Creating the UG part (Phase 3 of 3): 12-JUL-2026  12:03:22 PM
! INFO-     Filing Part ..: D:\Universidad\11vo semestre\APM\Gemelo digital\gemelo\Linea_2_Y_3\nsys3dc5520_011952761
! SUMMARY-   
! SUMMARY-  Summary of Unigraphics Part Entities
! SUMMARY-   
! SUMMARY-  Entities Processed             Count
! SUMMARY-  ------------------             -----
! SUMMARY-  Solid/Sheet .................:     1
! SUMMARY-                                 -----
! SUMMARY-  Total                              1
! STATUS-   Creating the UG part (Phase 3 of 3): 12-JUL-2026  12:03:22 PM
! INFO-     Filing Part ..: D:\Universidad\11vo semestre\APM\Gemelo digital\gemelo\Linea_2_Y_3\Control-Module_IRC5_rev0_11952759
! SUMMARY-   
! SUMMARY-  Summary of Unigraphics Part Entities
! SUMMARY-   
! SUMMARY-  Entities Processed             Count
! SUMMARY-  ------------------             -----
! SUMMARY-  Solid/Sheet .................:     1
! SUMMARY-                                 -----
! SUMMARY-  Total                              1
! STATUS-   Creating the UG part (Phase 3 of 3): 12-JUL-2026  12:03:23 PM
! INFO-     Filing Part ..: D:\Universidad\11vo semestre\APM\Gemelo digital\gemelo\Linea_2_Y_3\354494_021952757
! SUMMARY-   
! SUMMARY-  Summary of Unigraphics Part Entities
! SUMMARY-   
! SUMMARY-  Entities Processed             Count
! SUMMARY-  ------------------             -----
! SUMMARY-  Solid/Sheet .................:     1
! SUMMARY-                                 -----
! SUMMARY-  Total                              1
! STATUS-   Creating the UG part (Phase 3 of 3): 12-JUL-2026  12:03:24 PM
! INFO-     Filing Part ..: D:\Universidad\11vo semestre\APM\Gemelo digital\gemelo\Linea_2_Y_3\354494_011952756
! SUMMARY-   
! SUMMARY-  Summary of Unigraphics Part Entities
! SUMMARY-   
! SUMMARY-  Entities Processed             Count
! SUMMARY-  ------------------             -----
! SUMMARY-  Solid/Sheet .................:     1
! SUMMARY-                                 -----
! SUMMARY-  Total                              1
! STATUS-   Creating the UG part (Phase 3 of 3): 12-JUL-2026  12:03:25 PM
! INFO-     Filing Part ..: D:\Universidad\11vo semestre\APM\Gemelo digital\gemelo\Linea_2_Y_3\TORRE - SB2-31011952754
! SUMMARY-   
! SUMMARY-  Summary of Unigraphics Part Entities
! SUMMARY-   
! SUMMARY-  Entities Processed             Count
! SUMMARY-  ------------------             -----
! SUMMARY-  Solid/Sheet .................:    12
! SUMMARY-                                 -----
! SUMMARY-  Total                             12
! STATUS-   Creating the UG part (Phase 3 of 3): 12-JUL-2026  12:03:26 PM
! INFO-     Filing Part ..: D:\Universidad\11vo semestre\APM\Gemelo digital\gemelo\Linea_2_Y_3\1L PET Bottle1952753
! SUMMARY-   
! SUMMARY-  Summary of Unigraphics Part Entities
! SUMMARY-   
! SUMMARY-  Entities Processed             Count
! SUMMARY-  ------------------             -----
! SUMMARY-  Solid/Sheet .................:     2
! SUMMARY-                                 -----
! SUMMARY-  Total                              2
! STATUS-   Creating the UG part (Phase 3 of 3): 12-JUL-2026  12:03:29 PM
! INFO-     Filing Part ..: D:\Universidad\11vo semestre\APM\Gemelo digital\gemelo\Linea_2_Y_3\pallet_1200x10001952750
! SUMMARY-   
! SUMMARY-  Summary of Unigraphics Part Entities
! SUMMARY-   
! SUMMARY-  Entities Processed             Count
! SUMMARY-  ------------------             -----
! SUMMARY-  Solid/Sheet .................:     1
! SUMMARY-                                 -----
! SUMMARY-  Total                              1
! STATUS-   Creating the UG part (Phase 3 of 3): 12-JUL-2026  12:03:29 PM
! INFO-     Filing Part ..: D:\Universidad\11vo semestre\APM\Gemelo digital\gemelo\Linea_2_Y_3\COCACOLA GLASS1952748
! SUMMARY-   
! SUMMARY-  Summary of Unigraphics Part Entities
! SUMMARY-   
! SUMMARY-  Entities Processed             Count
! SUMMARY-  ------------------             -----
! SUMMARY-  Solid/Sheet .................:     3
! SUMMARY-                                 -----
! SUMMARY-  Total                              3
! STATUS-   Creating the UG part (Phase 3 of 3): 12-JUL-2026  12:03:30 PM
! INFO-     Filing Part ..: D:\Universidad\11vo semestre\APM\Gemelo digital\gemelo\Linea_2_Y_3\Canasta 30 Botellas 350ml1952747
! SUMMARY-   
! SUMMARY-  Summary of Unigraphics Part Entities
! SUMMARY-   
! SUMMARY-  Entities Processed             Count
! SUMMARY-  ------------------             -----
! SUMMARY-  Solid/Sheet .................:     1
! SUMMARY-                                 -----
! SUMMARY-  Total                              1
! STATUS-   Creating the UG part (Phase 3 of 3): 12-JUL-2026  12:03:31 PM
! INFO-     Filing Part ..: D:\Universidad\11vo semestre\APM\Gemelo digital\gemelo\Linea_2_Y_3\1330009_661952743
! SUMMARY-   
! SUMMARY-  Summary of Unigraphics Part Entities
! SUMMARY-   
! SUMMARY-  Entities Processed             Count
! SUMMARY-  ------------------             -----
! SUMMARY-  Solid/Sheet .................:     1
! SUMMARY-                                 -----
! SUMMARY-  Total                              1
! STATUS-   Creating the UG part (Phase 3 of 3): 12-JUL-2026  12:03:31 PM
! INFO-     Filing Part ..: D:\Universidad\11vo semestre\APM\Gemelo digital\gemelo\Linea_2_Y_3\1330009_651952742
! SUMMARY-   
! SUMMARY-  Summary of Unigraphics Part Entities
! SUMMARY-   
! SUMMARY-  Entities Processed             Count
! SUMMARY-  ------------------             -----
! SUMMARY-  Solid/Sheet .................:     1
! SUMMARY-                                 -----
! SUMMARY-  Total                              1
! STATUS-   Creating the UG part (Phase 3 of 3): 12-JUL-2026  12:03:31 PM
! INFO-     Filing Part ..: D:\Universidad\11vo semestre\APM\Gemelo digital\gemelo\Linea_2_Y_3\1330009_641952741
! SUMMARY-   
! SUMMARY-  Summary of Unigraphics Part Entities
! SUMMARY-   
! SUMMARY-  Entities Processed             Count
! SUMMARY-  ------------------             -----
! SUMMARY-  Solid/Sheet .................:     1
! SUMMARY-                                 -----
! SUMMARY-  Total                              1
! STATUS-   Creating the UG part (Phase 3 of 3): 12-JUL-2026  12:03:31 PM
! INFO-     Filing Part ..: D:\Universidad\11vo semestre\APM\Gemelo digital\gemelo\Linea_2_Y_3\1330009_631952740
! SUMMARY-   
! SUMMARY-  Summary of Unigraphics Part Entities
! SUMMARY-   
! SUMMARY-  Entities Processed             Count
! SUMMARY-  ------------------             -----
! SUMMARY-  Solid/Sheet .................:     1
! SUMMARY-                                 -----
! SUMMARY-  Total                              1
! STATUS-   Creating the UG part (Phase 3 of 3): 12-JUL-2026  12:03:31 PM
! INFO-     Filing Part ..: D:\Universidad\11vo semestre\APM\Gemelo digital\gemelo\Linea_2_Y_3\1330009_621952739
! SUMMARY-   
! SUMMARY-  Summary of Unigraphics Part Entities
! SUMMARY-   
! SUMMARY-  Entities Processed             Count
! SUMMARY-  ------------------             -----
! SUMMARY-  Solid/Sheet .................:     1
! SUMMARY-                                 -----
! SUMMARY-  Total                              1
! STATUS-   Creating the UG part (Phase 3 of 3): 12-JUL-2026  12:03:31 PM
! INFO-     Filing Part ..: D:\Universidad\11vo semestre\APM\Gemelo digital\gemelo\Linea_2_Y_3\1330009_611952738
! SUMMARY-   
! SUMMARY-  Summary of Unigraphics Part Entities
! SUMMARY-   
! SUMMARY-  Entities Processed             Count
! SUMMARY-  ------------------             -----
! SUMMARY-  Solid/Sheet .................:     1
! SUMMARY-                                 -----
! SUMMARY-  Total                              1
! STATUS-   Creating the UG part (Phase 3 of 3): 12-JUL-2026  12:03:31 PM
! INFO-     Filing Part ..: D:\Universidad\11vo semestre\APM\Gemelo digital\gemelo\Linea_2_Y_3\1330009_601952737
! SUMMARY-   
! SUMMARY-  Summary of Unigraphics Part Entities
! SUMMARY-   
! SUMMARY-  Entities Processed             Count
! SUMMARY-  ------------------             -----
! SUMMARY-  Solid/Sheet .................:     1
! SUMMARY-                                 -----
! SUMMARY-  Total                              1
! STATUS-   Creating the UG part (Phase 3 of 3): 12-JUL-2026  12:03:31 PM
! INFO-     Filing Part ..: D:\Universidad\11vo semestre\APM\Gemelo digital\gemelo\Linea_2_Y_3\1330009_591952736
! SUMMARY-   
! SUMMARY-  Summary of Unigraphics Part Entities
! SUMMARY-   
! SUMMARY-  Entities Processed             Count
! SUMMARY-  ------------------             -----
! SUMMARY-  Solid/Sheet .................:     1
! SUMMARY-                                 -----
! SUMMARY-  Total                              1
! STATUS-   Creating the UG part (Phase 3 of 3): 12-JUL-2026  12:03:31 PM
! INFO-     Filing Part ..: D:\Universidad\11vo semestre\APM\Gemelo digital\gemelo\Linea_2_Y_3\1330009_501952735
! SUMMARY-   
! SUMMARY-  Summary of Unigraphics Part Entities
! SUMMARY-   
! SUMMARY-  Entities Processed             Count
! SUMMARY-  ------------------             -----
! SUMMARY-  Solid/Sheet .................:     1
! SUMMARY-                                 -----
! SUMMARY-  Total                              1
! STATUS-   Creating the UG part (Phase 3 of 3): 12-JUL-2026  12:03:32 PM
! INFO-     Filing Part ..: D:\Universidad\11vo semestre\APM\Gemelo digital\gemelo\Linea_2_Y_3\1330009_491952734
! SUMMARY-   
! SUMMARY-  Summary of Unigraphics Part Entities
! SUMMARY-   
! SUMMARY-  Entities Processed             Count
! SUMMARY-  ------------------             -----
! SUMMARY-  Solid/Sheet .................:     1
! SUMMARY-                                 -----
! SUMMARY-  Total                              1
! STATUS-   Creating the UG part (Phase 3 of 3): 12-JUL-2026  12:03:32 PM
! INFO-     Filing Part ..: D:\Universidad\11vo semestre\APM\Gemelo digital\gemelo\Linea_2_Y_3\1330009_481952733
! SUMMARY-   
! SUMMARY-  Summary of Unigraphics Part Entities
! SUMMARY-   
! SUMMARY-  Entities Processed             Count
! SUMMARY-  ------------------             -----
! SUMMARY-  Solid/Sheet .................:     1
! SUMMARY-                                 -----
! SUMMARY-  Total                              1
! STATUS-   Creating the UG part (Phase 3 of 3): 12-JUL-2026  12:03:32 PM
! INFO-     Filing Part ..: D:\Universidad\11vo semestre\APM\Gemelo digital\gemelo\Linea_2_Y_3\1330009_471952732
! SUMMARY-   
! SUMMARY-  Summary of Unigraphics Part Entities
! SUMMARY-   
! SUMMARY-  Entities Processed             Count
! SUMMARY-  ------------------             -----
! SUMMARY-  Solid/Sheet .................:     1
! SUMMARY-                                 -----
! SUMMARY-  Total                              1
! STATUS-   Creating the UG part (Phase 3 of 3): 12-JUL-2026  12:03:32 PM
! INFO-     Filing Part ..: D:\Universidad\11vo semestre\APM\Gemelo digital\gemelo\Linea_2_Y_3\1330009_461952731
! SUMMARY-   
! SUMMARY-  Summary of Unigraphics Part Entities
! SUMMARY-   
! SUMMARY-  Entities Processed             Count
! SUMMARY-  ------------------             -----
! SUMMARY-  Solid/Sheet .................:     1
! SUMMARY-                                 -----
! SUMMARY-  Total                              1
! STATUS-   Creating the UG part (Phase 3 of 3): 12-JUL-2026  12:03:32 PM
! INFO-     Filing Part ..: D:\Universidad\11vo semestre\APM\Gemelo digital\gemelo\Linea_2_Y_3\1330009_451952730
! SUMMARY-   
! SUMMARY-  Summary of Unigraphics Part Entities
! SUMMARY-   
! SUMMARY-  Entities Processed             Count
! SUMMARY-  ------------------             -----
! SUMMARY-  Solid/Sheet .................:     1
! SUMMARY-                                 -----
! SUMMARY-  Total                              1
! STATUS-   Creating the UG part (Phase 3 of 3): 12-JUL-2026  12:03:32 PM
! INFO-     Filing Part ..: D:\Universidad\11vo semestre\APM\Gemelo digital\gemelo\Linea_2_Y_3\1330009_441952729
! SUMMARY-   
! SUMMARY-  Summary of Unigraphics Part Entities
! SUMMARY-   
! SUMMARY-  Entities Processed             Count
! SUMMARY-  ------------------             -----
! SUMMARY-  Solid/Sheet .................:     1
! SUMMARY-                                 -----
! SUMMARY-  Total                              1
! STATUS-   Creating the UG part (Phase 3 of 3): 12-JUL-2026  12:03:32 PM
! INFO-     Filing Part ..: D:\Universidad\11vo semestre\APM\Gemelo digital\gemelo\Linea_2_Y_3\1330009_431952728
! SUMMARY-   
! SUMMARY-  Summary of Unigraphics Part Entities
! SUMMARY-   
! SUMMARY-  Entities Processed             Count
! SUMMARY-  ------------------             -----
! SUMMARY-  Solid/Sheet .................:     1
! SUMMARY-                                 -----
! SUMMARY-  Total                              1
! STATUS-   Creating the UG part (Phase 3 of 3): 12-JUL-2026  12:03:32 PM
! INFO-     Filing Part ..: D:\Universidad\11vo semestre\APM\Gemelo digital\gemelo\Linea_2_Y_3\1330009_341952727
! SUMMARY-   
! SUMMARY-  Summary of Unigraphics Part Entities
! SUMMARY-   
! SUMMARY-  Entities Processed             Count
! SUMMARY-  ------------------             -----
! SUMMARY-  Solid/Sheet .................:     1
! SUMMARY-                                 -----
! SUMMARY-  Total                              1
! STATUS-   Creating the UG part (Phase 3 of 3): 12-JUL-2026  12:03:32 PM
! INFO-     Filing Part ..: D:\Universidad\11vo semestre\APM\Gemelo digital\gemelo\Linea_2_Y_3\1330009_331952726
! SUMMARY-   
! SUMMARY-  Summary of Unigraphics Part Entities
! SUMMARY-   
! SUMMARY-  Entities Processed             Count
! SUMMARY-  ------------------             -----
! SUMMARY-  Solid/Sheet .................:     1
! SUMMARY-                                 -----
! SUMMARY-  Total                              1
! STATUS-   Creating the UG part (Phase 3 of 3): 12-JUL-2026  12:03:32 PM
! INFO-     Filing Part ..: D:\Universidad\11vo semestre\APM\Gemelo digital\gemelo\Linea_2_Y_3\1330009_321952725
! SUMMARY-   
! SUMMARY-  Summary of Unigraphics Part Entities
! SUMMARY-   
! SUMMARY-  Entities Processed             Count
! SUMMARY-  ------------------             -----
! SUMMARY-  Solid/Sheet .................:     1
! SUMMARY-                                 -----
! SUMMARY-  Total                              1
! STATUS-   Creating the UG part (Phase 3 of 3): 12-JUL-2026  12:03:32 PM
! INFO-     Filing Part ..: D:\Universidad\11vo semestre\APM\Gemelo digital\gemelo\Linea_2_Y_3\1330009_311952724
! SUMMARY-   
! SUMMARY-  Summary of Unigraphics Part Entities
! SUMMARY-   
! SUMMARY-  Entities Processed             Count
! SUMMARY-  ------------------             -----
! SUMMARY-  Solid/Sheet .................:     1
! SUMMARY-                                 -----
! SUMMARY-  Total                              1
! STATUS-   Creating the UG part (Phase 3 of 3): 12-JUL-2026  12:03:33 PM
! INFO-     Filing Part ..: D:\Universidad\11vo semestre\APM\Gemelo digital\gemelo\Linea_2_Y_3\1330009_301952723
! SUMMARY-   
! SUMMARY-  Summary of Unigraphics Part Entities
! SUMMARY-   
! SUMMARY-  Entities Processed             Count
! SUMMARY-  ------------------             -----
! SUMMARY-  Solid/Sheet .................:     1
! SUMMARY-                                 -----
! SUMMARY-  Total                              1
! STATUS-   Creating the UG part (Phase 3 of 3): 12-JUL-2026  12:03:33 PM
! INFO-     Filing Part ..: D:\Universidad\11vo semestre\APM\Gemelo digital\gemelo\Linea_2_Y_3\1330009_291952722
! SUMMARY-   
! SUMMARY-  Summary of Unigraphics Part Entities
! SUMMARY-   
! SUMMARY-  Entities Processed             Count
! SUMMARY-  ------------------             -----
! SUMMARY-  Solid/Sheet .................:     1
! SUMMARY-                                 -----
! SUMMARY-  Total                              1
! STATUS-   Creating the UG part (Phase 3 of 3): 12-JUL-2026  12:03:33 PM
! INFO-     Filing Part ..: D:\Universidad\11vo semestre\APM\Gemelo digital\gemelo\Linea_2_Y_3\1330009_281952721
! SUMMARY-   
! SUMMARY-  Summary of Unigraphics Part Entities
! SUMMARY-   
! SUMMARY-  Entities Processed             Count
! SUMMARY-  ------------------             -----
! SUMMARY-  Solid/Sheet .................:     1
! SUMMARY-                                 -----
! SUMMARY-  Total                              1
! STATUS-   Creating the UG part (Phase 3 of 3): 12-JUL-2026  12:03:33 PM
! INFO-     Filing Part ..: D:\Universidad\11vo semestre\APM\Gemelo digital\gemelo\Linea_2_Y_3\1330009_271952720
! SUMMARY-   
! SUMMARY-  Summary of Unigraphics Part Entities
! SUMMARY-   
! SUMMARY-  Entities Processed             Count
! SUMMARY-  ------------------             -----
! SUMMARY-  Solid/Sheet .................:     1
! SUMMARY-                                 -----
! SUMMARY-  Total                              1
! STATUS-   Creating the UG part (Phase 3 of 3): 12-JUL-2026  12:03:33 PM
! INFO-     Filing Part ..: D:\Universidad\11vo semestre\APM\Gemelo digital\gemelo\Linea_2_Y_3\1330009_181952719
! SUMMARY-   
! SUMMARY-  Summary of Unigraphics Part Entities
! SUMMARY-   
! SUMMARY-  Entities Processed             Count
! SUMMARY-  ------------------             -----
! SUMMARY-  Solid/Sheet .................:     1
! SUMMARY-                                 -----
! SUMMARY-  Total                              1
! STATUS-   Creating the UG part (Phase 3 of 3): 12-JUL-2026  12:03:33 PM
! INFO-     Filing Part ..: D:\Universidad\11vo semestre\APM\Gemelo digital\gemelo\Linea_2_Y_3\1330009_171952718
! SUMMARY-   
! SUMMARY-  Summary of Unigraphics Part Entities
! SUMMARY-   
! SUMMARY-  Entities Processed             Count
! SUMMARY-  ------------------             -----
! SUMMARY-  Solid/Sheet .................:     1
! SUMMARY-                                 -----
! SUMMARY-  Total                              1
! STATUS-   Creating the UG part (Phase 3 of 3): 12-JUL-2026  12:03:33 PM
! INFO-     Filing Part ..: D:\Universidad\11vo semestre\APM\Gemelo digital\gemelo\Linea_2_Y_3\1330009_161952717
! SUMMARY-   
! SUMMARY-  Summary of Unigraphics Part Entities
! SUMMARY-   
! SUMMARY-  Entities Processed             Count
! SUMMARY-  ------------------             -----
! SUMMARY-  Solid/Sheet .................:     1
! SUMMARY-                                 -----
! SUMMARY-  Total                              1
! STATUS-   Creating the UG part (Phase 3 of 3): 12-JUL-2026  12:03:33 PM
! INFO-     Filing Part ..: D:\Universidad\11vo semestre\APM\Gemelo digital\gemelo\Linea_2_Y_3\1330009_151952716
! SUMMARY-   
! SUMMARY-  Summary of Unigraphics Part Entities
! SUMMARY-   
! SUMMARY-  Entities Processed             Count
! SUMMARY-  ------------------             -----
! SUMMARY-  Solid/Sheet .................:     1
! SUMMARY-                                 -----
! SUMMARY-  Total                              1
! STATUS-   Creating the UG part (Phase 3 of 3): 12-JUL-2026  12:03:33 PM
! INFO-     Filing Part ..: D:\Universidad\11vo semestre\APM\Gemelo digital\gemelo\Linea_2_Y_3\1330009_141952715
! SUMMARY-   
! SUMMARY-  Summary of Unigraphics Part Entities
! SUMMARY-   
! SUMMARY-  Entities Processed             Count
! SUMMARY-  ------------------             -----
! SUMMARY-  Solid/Sheet .................:     1
! SUMMARY-                                 -----
! SUMMARY-  Total                              1
! STATUS-   Creating the UG part (Phase 3 of 3): 12-JUL-2026  12:03:33 PM
! INFO-     Filing Part ..: D:\Universidad\11vo semestre\APM\Gemelo digital\gemelo\Linea_2_Y_3\1330009_131952714
! SUMMARY-   
! SUMMARY-  Summary of Unigraphics Part Entities
! SUMMARY-   
! SUMMARY-  Entities Processed             Count
! SUMMARY-  ------------------             -----
! SUMMARY-  Solid/Sheet .................:     1
! SUMMARY-                                 -----
! SUMMARY-  Total                              1
! STATUS-   Creating the UG part (Phase 3 of 3): 12-JUL-2026  12:03:34 PM
! INFO-     Filing Part ..: D:\Universidad\11vo semestre\APM\Gemelo digital\gemelo\Linea_2_Y_3\1330009_121952713
! SUMMARY-   
! SUMMARY-  Summary of Unigraphics Part Entities
! SUMMARY-   
! SUMMARY-  Entities Processed             Count
! SUMMARY-  ------------------             -----
! SUMMARY-  Solid/Sheet .................:     1
! SUMMARY-                                 -----
! SUMMARY-  Total                              1
! STATUS-   Creating the UG part (Phase 3 of 3): 12-JUL-2026  12:03:34 PM
! INFO-     Filing Part ..: D:\Universidad\11vo semestre\APM\Gemelo digital\gemelo\Linea_2_Y_3\1330009_111952712
! SUMMARY-   
! SUMMARY-  Summary of Unigraphics Part Entities
! SUMMARY-   
! SUMMARY-  Entities Processed             Count
! SUMMARY-  ------------------             -----
! SUMMARY-  Solid/Sheet .................:     1
! SUMMARY-                                 -----
! SUMMARY-  Total                              1
! STATUS-   Creating the UG part (Phase 3 of 3): 12-JUL-2026  12:03:34 PM
! INFO-     Filing Part ..: D:\Universidad\11vo semestre\APM\Gemelo digital\gemelo\Linea_2_Y_3\1330009_101952711
! SUMMARY-   
! SUMMARY-  Summary of Unigraphics Part Entities
! SUMMARY-   
! SUMMARY-  Entities Processed             Count
! SUMMARY-  ------------------             -----
! SUMMARY-  Solid/Sheet .................:     1
! SUMMARY-                                 -----
! SUMMARY-  Total                              1
! STATUS-   Creating the UG part (Phase 3 of 3): 12-JUL-2026  12:03:34 PM
! INFO-     Filing Part ..: D:\Universidad\11vo semestre\APM\Gemelo digital\gemelo\Linea_2_Y_3\1330009_581952709
! SUMMARY-   
! SUMMARY-  Summary of Unigraphics Part Entities
! SUMMARY-   
! SUMMARY-  Entities Processed             Count
! SUMMARY-  ------------------             -----
! SUMMARY-  Solid/Sheet .................:     1
! SUMMARY-                                 -----
! SUMMARY-  Total                              1
! STATUS-   Creating the UG part (Phase 3 of 3): 12-JUL-2026  12:03:34 PM
! INFO-     Filing Part ..: D:\Universidad\11vo semestre\APM\Gemelo digital\gemelo\Linea_2_Y_3\1330009_571952708
! SUMMARY-   
! SUMMARY-  Summary of Unigraphics Part Entities
! SUMMARY-   
! SUMMARY-  Entities Processed             Count
! SUMMARY-  ------------------             -----
! SUMMARY-  Solid/Sheet .................:     1
! SUMMARY-                                 -----
! SUMMARY-  Total                              1
! STATUS-   Creating the UG part (Phase 3 of 3): 12-JUL-2026  12:03:34 PM
! INFO-     Filing Part ..: D:\Universidad\11vo semestre\APM\Gemelo digital\gemelo\Linea_2_Y_3\1330009_561952707
! SUMMARY-   
! SUMMARY-  Summary of Unigraphics Part Entities
! SUMMARY-   
! SUMMARY-  Entities Processed             Count
! SUMMARY-  ------------------             -----
! SUMMARY-  Solid/Sheet .................:     1
! SUMMARY-                                 -----
! SUMMARY-  Total                              1
! STATUS-   Creating the UG part (Phase 3 of 3): 12-JUL-2026  12:03:34 PM
! INFO-     Filing Part ..: D:\Universidad\11vo semestre\APM\Gemelo digital\gemelo\Linea_2_Y_3\1330009_551952706
! SUMMARY-   
! SUMMARY-  Summary of Unigraphics Part Entities
! SUMMARY-   
! SUMMARY-  Entities Processed             Count
! SUMMARY-  ------------------             -----
! SUMMARY-  Solid/Sheet .................:     1
! SUMMARY-                                 -----
! SUMMARY-  Total                              1
! STATUS-   Creating the UG part (Phase 3 of 3): 12-JUL-2026  12:03:34 PM
! INFO-     Filing Part ..: D:\Universidad\11vo semestre\APM\Gemelo digital\gemelo\Linea_2_Y_3\1330009_541952705
! SUMMARY-   
! SUMMARY-  Summary of Unigraphics Part Entities
! SUMMARY-   
! SUMMARY-  Entities Processed             Count
! SUMMARY-  ------------------             -----
! SUMMARY-  Solid/Sheet .................:     1
! SUMMARY-                                 -----
! SUMMARY-  Total                              1
! STATUS-   Creating the UG part (Phase 3 of 3): 12-JUL-2026  12:03:34 PM
! INFO-     Filing Part ..: D:\Universidad\11vo semestre\APM\Gemelo digital\gemelo\Linea_2_Y_3\1330009_531952704
! SUMMARY-   
! SUMMARY-  Summary of Unigraphics Part Entities
! SUMMARY-   
! SUMMARY-  Entities Processed             Count
! SUMMARY-  ------------------             -----
! SUMMARY-  Solid/Sheet .................:     1
! SUMMARY-                                 -----
! SUMMARY-  Total                              1
! STATUS-   Creating the UG part (Phase 3 of 3): 12-JUL-2026  12:03:34 PM
! INFO-     Filing Part ..: D:\Universidad\11vo semestre\APM\Gemelo digital\gemelo\Linea_2_Y_3\1330009_521952703
! SUMMARY-   
! SUMMARY-  Summary of Unigraphics Part Entities
! SUMMARY-   
! SUMMARY-  Entities Processed             Count
! SUMMARY-  ------------------             -----
! SUMMARY-  Solid/Sheet .................:     1
! SUMMARY-                                 -----
! SUMMARY-  Total                              1
! STATUS-   Creating the UG part (Phase 3 of 3): 12-JUL-2026  12:03:35 PM
! INFO-     Filing Part ..: D:\Universidad\11vo semestre\APM\Gemelo digital\gemelo\Linea_2_Y_3\1330009_511952702
! SUMMARY-   
! SUMMARY-  Summary of Unigraphics Part Entities
! SUMMARY-   
! SUMMARY-  Entities Processed             Count
! SUMMARY-  ------------------             -----
! SUMMARY-  Solid/Sheet .................:     1
! SUMMARY-                                 -----
! SUMMARY-  Total                              1
! STATUS-   Creating the UG part (Phase 3 of 3): 12-JUL-2026  12:03:35 PM
! INFO-     Filing Part ..: D:\Universidad\11vo semestre\APM\Gemelo digital\gemelo\Linea_2_Y_3\1330009_421952701
! SUMMARY-   
! SUMMARY-  Summary of Unigraphics Part Entities
! SUMMARY-   
! SUMMARY-  Entities Processed             Count
! SUMMARY-  ------------------             -----
! SUMMARY-  Solid/Sheet .................:     1
! SUMMARY-                                 -----
! SUMMARY-  Total                              1
! STATUS-   Creating the UG part (Phase 3 of 3): 12-JUL-2026  12:03:35 PM
! INFO-     Filing Part ..: D:\Universidad\11vo semestre\APM\Gemelo digital\gemelo\Linea_2_Y_3\1330009_411952700
! SUMMARY-   
! SUMMARY-  Summary of Unigraphics Part Entities
! SUMMARY-   
! SUMMARY-  Entities Processed             Count
! SUMMARY-  ------------------             -----
! SUMMARY-  Solid/Sheet .................:     1
! SUMMARY-                                 -----
! SUMMARY-  Total                              1
! STATUS-   Creating the UG part (Phase 3 of 3): 12-JUL-2026  12:03:35 PM
! INFO-     Filing Part ..: D:\Universidad\11vo semestre\APM\Gemelo digital\gemelo\Linea_2_Y_3\1330009_401952699
! SUMMARY-   
! SUMMARY-  Summary of Unigraphics Part Entities
! SUMMARY-   
! SUMMARY-  Entities Processed             Count
! SUMMARY-  ------------------             -----
! SUMMARY-  Solid/Sheet .................:     1
! SUMMARY-                                 -----
! SUMMARY-  Total                              1
! STATUS-   Creating the UG part (Phase 3 of 3): 12-JUL-2026  12:03:35 PM
! INFO-     Filing Part ..: D:\Universidad\11vo semestre\APM\Gemelo digital\gemelo\Linea_2_Y_3\1330009_391952698
! SUMMARY-   
! SUMMARY-  Summary of Unigraphics Part Entities
! SUMMARY-   
! SUMMARY-  Entities Processed             Count
! SUMMARY-  ------------------             -----
! SUMMARY-  Solid/Sheet .................:     1
! SUMMARY-                                 -----
! SUMMARY-  Total                              1
! STATUS-   Creating the UG part (Phase 3 of 3): 12-JUL-2026  12:03:35 PM
! INFO-     Filing Part ..: D:\Universidad\11vo semestre\APM\Gemelo digital\gemelo\Linea_2_Y_3\1330009_381952697
! SUMMARY-   
! SUMMARY-  Summary of Unigraphics Part Entities
! SUMMARY-   
! SUMMARY-  Entities Processed             Count
! SUMMARY-  ------------------             -----
! SUMMARY-  Solid/Sheet .................:     1
! SUMMARY-                                 -----
! SUMMARY-  Total                              1
! STATUS-   Creating the UG part (Phase 3 of 3): 12-JUL-2026  12:03:35 PM
! INFO-     Filing Part ..: D:\Universidad\11vo semestre\APM\Gemelo digital\gemelo\Linea_2_Y_3\1330009_371952696
! SUMMARY-   
! SUMMARY-  Summary of Unigraphics Part Entities
! SUMMARY-   
! SUMMARY-  Entities Processed             Count
! SUMMARY-  ------------------             -----
! SUMMARY-  Solid/Sheet .................:     1
! SUMMARY-                                 -----
! SUMMARY-  Total                              1
! STATUS-   Creating the UG part (Phase 3 of 3): 12-JUL-2026  12:03:35 PM
! INFO-     Filing Part ..: D:\Universidad\11vo semestre\APM\Gemelo digital\gemelo\Linea_2_Y_3\1330009_361952695
! SUMMARY-   
! SUMMARY-  Summary of Unigraphics Part Entities
! SUMMARY-   
! SUMMARY-  Entities Processed             Count
! SUMMARY-  ------------------             -----
! SUMMARY-  Solid/Sheet .................:     1
! SUMMARY-                                 -----
! SUMMARY-  Total                              1
! STATUS-   Creating the UG part (Phase 3 of 3): 12-JUL-2026  12:03:35 PM
! INFO-     Filing Part ..: D:\Universidad\11vo semestre\APM\Gemelo digital\gemelo\Linea_2_Y_3\1330009_351952694
! SUMMARY-   
! SUMMARY-  Summary of Unigraphics Part Entities
! SUMMARY-   
! SUMMARY-  Entities Processed             Count
! SUMMARY-  ------------------             -----
! SUMMARY-  Solid/Sheet .................:     1
! SUMMARY-                                 -----
! SUMMARY-  Total                              1
! STATUS-   Creating the UG part (Phase 3 of 3): 12-JUL-2026  12:03:35 PM
! INFO-     Filing Part ..: D:\Universidad\11vo semestre\APM\Gemelo digital\gemelo\Linea_2_Y_3\1330009_261952693
! SUMMARY-   
! SUMMARY-  Summary of Unigraphics Part Entities
! SUMMARY-   
! SUMMARY-  Entities Processed             Count
! SUMMARY-  ------------------             -----
! SUMMARY-  Solid/Sheet .................:     1
! SUMMARY-                                 -----
! SUMMARY-  Total                              1
! STATUS-   Creating the UG part (Phase 3 of 3): 12-JUL-2026  12:03:35 PM
! INFO-     Filing Part ..: D:\Universidad\11vo semestre\APM\Gemelo digital\gemelo\Linea_2_Y_3\1330009_251952692
! SUMMARY-   
! SUMMARY-  Summary of Unigraphics Part Entities
! SUMMARY-   
! SUMMARY-  Entities Processed             Count
! SUMMARY-  ------------------             -----
! SUMMARY-  Solid/Sheet .................:     1
! SUMMARY-                                 -----
! SUMMARY-  Total                              1
! STATUS-   Creating the UG part (Phase 3 of 3): 12-JUL-2026  12:03:36 PM
! INFO-     Filing Part ..: D:\Universidad\11vo semestre\APM\Gemelo digital\gemelo\Linea_2_Y_3\1330009_241952691
! SUMMARY-   
! SUMMARY-  Summary of Unigraphics Part Entities
! SUMMARY-   
! SUMMARY-  Entities Processed             Count
! SUMMARY-  ------------------             -----
! SUMMARY-  Solid/Sheet .................:     1
! SUMMARY-                                 -----
! SUMMARY-  Total                              1
! STATUS-   Creating the UG part (Phase 3 of 3): 12-JUL-2026  12:03:36 PM
! INFO-     Filing Part ..: D:\Universidad\11vo semestre\APM\Gemelo digital\gemelo\Linea_2_Y_3\1330009_231952690
! SUMMARY-   
! SUMMARY-  Summary of Unigraphics Part Entities
! SUMMARY-   
! SUMMARY-  Entities Processed             Count
! SUMMARY-  ------------------             -----
! SUMMARY-  Solid/Sheet .................:     1
! SUMMARY-                                 -----
! SUMMARY-  Total                              1
! STATUS-   Creating the UG part (Phase 3 of 3): 12-JUL-2026  12:03:36 PM
! INFO-     Filing Part ..: D:\Universidad\11vo semestre\APM\Gemelo digital\gemelo\Linea_2_Y_3\1330009_221952689
! SUMMARY-   
! SUMMARY-  Summary of Unigraphics Part Entities
! SUMMARY-   
! SUMMARY-  Entities Processed             Count
! SUMMARY-  ------------------             -----
! SUMMARY-  Solid/Sheet .................:     1
! SUMMARY-                                 -----
! SUMMARY-  Total                              1
! STATUS-   Creating the UG part (Phase 3 of 3): 12-JUL-2026  12:03:36 PM
! INFO-     Filing Part ..: D:\Universidad\11vo semestre\APM\Gemelo digital\gemelo\Linea_2_Y_3\1330009_211952688
! SUMMARY-   
! SUMMARY-  Summary of Unigraphics Part Entities
! SUMMARY-   
! SUMMARY-  Entities Processed             Count
! SUMMARY-  ------------------             -----
! SUMMARY-  Solid/Sheet .................:     1
! SUMMARY-                                 -----
! SUMMARY-  Total                              1
! STATUS-   Creating the UG part (Phase 3 of 3): 12-JUL-2026  12:03:36 PM
! INFO-     Filing Part ..: D:\Universidad\11vo semestre\APM\Gemelo digital\gemelo\Linea_2_Y_3\1330009_201952687
! SUMMARY-   
! SUMMARY-  Summary of Unigraphics Part Entities
! SUMMARY-   
! SUMMARY-  Entities Processed             Count
! SUMMARY-  ------------------             -----
! SUMMARY-  Solid/Sheet .................:     1
! SUMMARY-                                 -----
! SUMMARY-  Total                              1
! STATUS-   Creating the UG part (Phase 3 of 3): 12-JUL-2026  12:03:36 PM
! INFO-     Filing Part ..: D:\Universidad\11vo semestre\APM\Gemelo digital\gemelo\Linea_2_Y_3\1330009_191952686
! SUMMARY-   
! SUMMARY-  Summary of Unigraphics Part Entities
! SUMMARY-   
! SUMMARY-  Entities Processed             Count
! SUMMARY-  ------------------             -----
! SUMMARY-  Solid/Sheet .................:     1
! SUMMARY-                                 -----
! SUMMARY-  Total                              1
! STATUS-   Creating the UG part (Phase 3 of 3): 12-JUL-2026  12:03:36 PM
! INFO-     Filing Part ..: D:\Universidad\11vo semestre\APM\Gemelo digital\gemelo\Linea_2_Y_3\1330009_091952685
! SUMMARY-   
! SUMMARY-  Summary of Unigraphics Part Entities
! SUMMARY-   
! SUMMARY-  Entities Processed             Count
! SUMMARY-  ------------------             -----
! SUMMARY-  Solid/Sheet .................:     1
! SUMMARY-                                 -----
! SUMMARY-  Total                              1
! STATUS-   Creating the UG part (Phase 3 of 3): 12-JUL-2026  12:03:36 PM
! INFO-     Filing Part ..: D:\Universidad\11vo semestre\APM\Gemelo digital\gemelo\Linea_2_Y_3\1330009_081952684
! SUMMARY-   
! SUMMARY-  Summary of Unigraphics Part Entities
! SUMMARY-   
! SUMMARY-  Entities Processed             Count
! SUMMARY-  ------------------             -----
! SUMMARY-  Solid/Sheet .................:     1
! SUMMARY-                                 -----
! SUMMARY-  Total                              1
! STATUS-   Creating the UG part (Phase 3 of 3): 12-JUL-2026  12:03:36 PM
! INFO-     Filing Part ..: D:\Universidad\11vo semestre\APM\Gemelo digital\gemelo\Linea_2_Y_3\1330009_071952683
! SUMMARY-   
! SUMMARY-  Summary of Unigraphics Part Entities
! SUMMARY-   
! SUMMARY-  Entities Processed             Count
! SUMMARY-  ------------------             -----
! SUMMARY-  Solid/Sheet .................:     1
! SUMMARY-                                 -----
! SUMMARY-  Total                              1
! STATUS-   Creating the UG part (Phase 3 of 3): 12-JUL-2026  12:03:36 PM
! INFO-     Filing Part ..: D:\Universidad\11vo semestre\APM\Gemelo digital\gemelo\Linea_2_Y_3\1330009_061952682
! SUMMARY-   
! SUMMARY-  Summary of Unigraphics Part Entities
! SUMMARY-   
! SUMMARY-  Entities Processed             Count
! SUMMARY-  ------------------             -----
! SUMMARY-  Solid/Sheet .................:     1
! SUMMARY-                                 -----
! SUMMARY-  Total                              1
! STATUS-   Creating the UG part (Phase 3 of 3): 12-JUL-2026  12:03:37 PM
! INFO-     Filing Part ..: D:\Universidad\11vo semestre\APM\Gemelo digital\gemelo\Linea_2_Y_3\1330009_051952681
! SUMMARY-   
! SUMMARY-  Summary of Unigraphics Part Entities
! SUMMARY-   
! SUMMARY-  Entities Processed             Count
! SUMMARY-  ------------------             -----
! SUMMARY-  Solid/Sheet .................:     1
! SUMMARY-                                 -----
! SUMMARY-  Total                              1
! STATUS-   Creating the UG part (Phase 3 of 3): 12-JUL-2026  12:03:37 PM
! INFO-     Filing Part ..: D:\Universidad\11vo semestre\APM\Gemelo digital\gemelo\Linea_2_Y_3\1330009_041952680
! SUMMARY-   
! SUMMARY-  Summary of Unigraphics Part Entities
! SUMMARY-   
! SUMMARY-  Entities Processed             Count
! SUMMARY-  ------------------             -----
! SUMMARY-  Solid/Sheet .................:     1
! SUMMARY-                                 -----
! SUMMARY-  Total                              1
! STATUS-   Creating the UG part (Phase 3 of 3): 12-JUL-2026  12:03:37 PM
! INFO-     Filing Part ..: D:\Universidad\11vo semestre\APM\Gemelo digital\gemelo\Linea_2_Y_3\1330009_031952679
! SUMMARY-   
! SUMMARY-  Summary of Unigraphics Part Entities
! SUMMARY-   
! SUMMARY-  Entities Processed             Count
! SUMMARY-  ------------------             -----
! SUMMARY-  Solid/Sheet .................:     1
! SUMMARY-                                 -----
! SUMMARY-  Total                              1
! STATUS-   Creating the UG part (Phase 3 of 3): 12-JUL-2026  12:03:37 PM
! INFO-     Filing Part ..: D:\Universidad\11vo semestre\APM\Gemelo digital\gemelo\Linea_2_Y_3\1330009_021952678
! SUMMARY-   
! SUMMARY-  Summary of Unigraphics Part Entities
! SUMMARY-   
! SUMMARY-  Entities Processed             Count
! SUMMARY-  ------------------             -----
! SUMMARY-  Solid/Sheet .................:     1
! SUMMARY-                                 -----
! SUMMARY-  Total                              1
! STATUS-   Creating the UG part (Phase 3 of 3): 12-JUL-2026  12:03:37 PM
! INFO-     Filing Part ..: D:\Universidad\11vo semestre\APM\Gemelo digital\gemelo\Linea_2_Y_3\1330009_011952677
! SUMMARY-   
! SUMMARY-  Summary of Unigraphics Part Entities
! SUMMARY-   
! SUMMARY-  Entities Processed             Count
! SUMMARY-  ------------------             -----
! SUMMARY-  Solid/Sheet .................:     1
! SUMMARY-                                 -----
! SUMMARY-  Total                              1
! STATUS-   Creating the UG part (Phase 3 of 3): 12-JUL-2026  12:03:37 PM
! INFO-     Filing Part ..: D:\Universidad\11vo semestre\APM\Gemelo digital\gemelo\Linea_2_Y_3\u601002029600021_381952675
! SUMMARY-   
! SUMMARY-  Summary of Unigraphics Part Entities
! SUMMARY-   
! SUMMARY-  Entities Processed             Count
! SUMMARY-  ------------------             -----
! SUMMARY-  Solid/Sheet .................:     1
! SUMMARY-                                 -----
! SUMMARY-  Total                              1
! STATUS-   Creating the UG part (Phase 3 of 3): 12-JUL-2026  12:03:38 PM
! INFO-     Filing Part ..: D:\Universidad\11vo semestre\APM\Gemelo digital\gemelo\Linea_2_Y_3\u601002029600021_371952674
! SUMMARY-   
! SUMMARY-  Summary of Unigraphics Part Entities
! SUMMARY-   
! SUMMARY-  Entities Processed             Count
! SUMMARY-  ------------------             -----
! SUMMARY-  Solid/Sheet .................:     1
! SUMMARY-                                 -----
! SUMMARY-  Total                              1
! STATUS-   Creating the UG part (Phase 3 of 3): 12-JUL-2026  12:03:38 PM
! INFO-     Filing Part ..: D:\Universidad\11vo semestre\APM\Gemelo digital\gemelo\Linea_2_Y_3\u601002029600021_361952673
! SUMMARY-   
! SUMMARY-  Summary of Unigraphics Part Entities
! SUMMARY-   
! SUMMARY-  Entities Processed             Count
! SUMMARY-  ------------------             -----
! SUMMARY-  Solid/Sheet .................:     1
! SUMMARY-                                 -----
! SUMMARY-  Total                              1
! STATUS-   Creating the UG part (Phase 3 of 3): 12-JUL-2026  12:03:38 PM
! INFO-     Filing Part ..: D:\Universidad\11vo semestre\APM\Gemelo digital\gemelo\Linea_2_Y_3\u601002029600021_351952672
! SUMMARY-   
! SUMMARY-  Summary of Unigraphics Part Entities
! SUMMARY-   
! SUMMARY-  Entities Processed             Count
! SUMMARY-  ------------------             -----
! SUMMARY-  Solid/Sheet .................:     1
! SUMMARY-                                 -----
! SUMMARY-  Total                              1
! STATUS-   Creating the UG part (Phase 3 of 3): 12-JUL-2026  12:03:38 PM
! INFO-     Filing Part ..: D:\Universidad\11vo semestre\APM\Gemelo digital\gemelo\Linea_2_Y_3\u601002029600021_341952671
! SUMMARY-   
! SUMMARY-  Summary of Unigraphics Part Entities
! SUMMARY-   
! SUMMARY-  Entities Processed             Count
! SUMMARY-  ------------------             -----
! SUMMARY-  Solid/Sheet .................:     1
! SUMMARY-                                 -----
! SUMMARY-  Total                              1
! STATUS-   Creating the UG part (Phase 3 of 3): 12-JUL-2026  12:03:38 PM
! INFO-     Filing Part ..: D:\Universidad\11vo semestre\APM\Gemelo digital\gemelo\Linea_2_Y_3\u601002029600021_331952670
! SUMMARY-   
! SUMMARY-  Summary of Unigraphics Part Entities
! SUMMARY-   
! SUMMARY-  Entities Processed             Count
! SUMMARY-  ------------------             -----
! SUMMARY-  Solid/Sheet .................:     1
! SUMMARY-                                 -----
! SUMMARY-  Total                              1
! STATUS-   Creating the UG part (Phase 3 of 3): 12-JUL-2026  12:03:38 PM
! INFO-     Filing Part ..: D:\Universidad\11vo semestre\APM\Gemelo digital\gemelo\Linea_2_Y_3\u601002029600021_321952669
! SUMMARY-   
! SUMMARY-  Summary of Unigraphics Part Entities
! SUMMARY-   
! SUMMARY-  Entities Processed             Count
! SUMMARY-  ------------------             -----
! SUMMARY-  Solid/Sheet .................:     1
! SUMMARY-                                 -----
! SUMMARY-  Total                              1
! STATUS-   Creating the UG part (Phase 3 of 3): 12-JUL-2026  12:03:39 PM
! INFO-     Filing Part ..: D:\Universidad\11vo semestre\APM\Gemelo digital\gemelo\Linea_2_Y_3\u601002029600021_311952668
! SUMMARY-   
! SUMMARY-  Summary of Unigraphics Part Entities
! SUMMARY-   
! SUMMARY-  Entities Processed             Count
! SUMMARY-  ------------------             -----
! SUMMARY-  Solid/Sheet .................:     1
! SUMMARY-                                 -----
! SUMMARY-  Total                              1
! STATUS-   Creating the UG part (Phase 3 of 3): 12-JUL-2026  12:03:39 PM
! INFO-     Filing Part ..: D:\Universidad\11vo semestre\APM\Gemelo digital\gemelo\Linea_2_Y_3\u601002029600021_301952667
! SUMMARY-   
! SUMMARY-  Summary of Unigraphics Part Entities
! SUMMARY-   
! SUMMARY-  Entities Processed             Count
! SUMMARY-  ------------------             -----
! SUMMARY-  Solid/Sheet .................:     1
! SUMMARY-                                 -----
! SUMMARY-  Total                              1
! STATUS-   Creating the UG part (Phase 3 of 3): 12-JUL-2026  12:03:39 PM
! INFO-     Filing Part ..: D:\Universidad\11vo semestre\APM\Gemelo digital\gemelo\Linea_2_Y_3\u601002029600021_291952666
! SUMMARY-   
! SUMMARY-  Summary of Unigraphics Part Entities
! SUMMARY-   
! SUMMARY-  Entities Processed             Count
! SUMMARY-  ------------------             -----
! SUMMARY-  Solid/Sheet .................:     1
! SUMMARY-                                 -----
! SUMMARY-  Total                              1
! STATUS-   Creating the UG part (Phase 3 of 3): 12-JUL-2026  12:03:39 PM
! INFO-     Filing Part ..: D:\Universidad\11vo semestre\APM\Gemelo digital\gemelo\Linea_2_Y_3\u601002029600021_281952665
! SUMMARY-   
! SUMMARY-  Summary of Unigraphics Part Entities
! SUMMARY-   
! SUMMARY-  Entities Processed             Count
! SUMMARY-  ------------------             -----
! SUMMARY-  Solid/Sheet .................:     1
! SUMMARY-                                 -----
! SUMMARY-  Total                              1
! STATUS-   Creating the UG part (Phase 3 of 3): 12-JUL-2026  12:03:39 PM
! INFO-     Filing Part ..: D:\Universidad\11vo semestre\APM\Gemelo digital\gemelo\Linea_2_Y_3\u601002029600021_271952664
! SUMMARY-   
! SUMMARY-  Summary of Unigraphics Part Entities
! SUMMARY-   
! SUMMARY-  Entities Processed             Count
! SUMMARY-  ------------------             -----
! SUMMARY-  Solid/Sheet .................:     1
! SUMMARY-                                 -----
! SUMMARY-  Total                              1
! STATUS-   Creating the UG part (Phase 3 of 3): 12-JUL-2026  12:03:39 PM
! INFO-     Filing Part ..: D:\Universidad\11vo semestre\APM\Gemelo digital\gemelo\Linea_2_Y_3\u601002029600021_261952663
! SUMMARY-   
! SUMMARY-  Summary of Unigraphics Part Entities
! SUMMARY-   
! SUMMARY-  Entities Processed             Count
! SUMMARY-  ------------------             -----
! SUMMARY-  Solid/Sheet .................:     1
! SUMMARY-                                 -----
! SUMMARY-  Total                              1
! STATUS-   Creating the UG part (Phase 3 of 3): 12-JUL-2026  12:03:39 PM
! INFO-     Filing Part ..: D:\Universidad\11vo semestre\APM\Gemelo digital\gemelo\Linea_2_Y_3\u601002029600021_251952662
! SUMMARY-   
! SUMMARY-  Summary of Unigraphics Part Entities
! SUMMARY-   
! SUMMARY-  Entities Processed             Count
! SUMMARY-  ------------------             -----
! SUMMARY-  Solid/Sheet .................:     1
! SUMMARY-                                 -----
! SUMMARY-  Total                              1
! STATUS-   Creating the UG part (Phase 3 of 3): 12-JUL-2026  12:03:39 PM
! INFO-     Filing Part ..: D:\Universidad\11vo semestre\APM\Gemelo digital\gemelo\Linea_2_Y_3\u601002029600021_241952661
! SUMMARY-   
! SUMMARY-  Summary of Unigraphics Part Entities
! SUMMARY-   
! SUMMARY-  Entities Processed             Count
! SUMMARY-  ------------------             -----
! SUMMARY-  Solid/Sheet .................:     1
! SUMMARY-                                 -----
! SUMMARY-  Total                              1
! STATUS-   Creating the UG part (Phase 3 of 3): 12-JUL-2026  12:03:39 PM
! INFO-     Filing Part ..: D:\Universidad\11vo semestre\APM\Gemelo digital\gemelo\Linea_2_Y_3\u601002029600021_231952660
! SUMMARY-   
! SUMMARY-  Summary of Unigraphics Part Entities
! SUMMARY-   
! SUMMARY-  Entities Processed             Count
! SUMMARY-  ------------------             -----
! SUMMARY-  Solid/Sheet .................:     1
! SUMMARY-                                 -----
! SUMMARY-  Total                              1
! STATUS-   Creating the UG part (Phase 3 of 3): 12-JUL-2026  12:03:40 PM
! INFO-     Filing Part ..: D:\Universidad\11vo semestre\APM\Gemelo digital\gemelo\Linea_2_Y_3\u601002029600021_221952659
! SUMMARY-   
! SUMMARY-  Summary of Unigraphics Part Entities
! SUMMARY-   
! SUMMARY-  Entities Processed             Count
! SUMMARY-  ------------------             -----
! SUMMARY-  Solid/Sheet .................:     1
! SUMMARY-                                 -----
! SUMMARY-  Total                              1
! STATUS-   Creating the UG part (Phase 3 of 3): 12-JUL-2026  12:03:40 PM
! INFO-     Filing Part ..: D:\Universidad\11vo semestre\APM\Gemelo digital\gemelo\Linea_2_Y_3\u601002029600021_211952658
! SUMMARY-   
! SUMMARY-  Summary of Unigraphics Part Entities
! SUMMARY-   
! SUMMARY-  Entities Processed             Count
! SUMMARY-  ------------------             -----
! SUMMARY-  Solid/Sheet .................:     1
! SUMMARY-                                 -----
! SUMMARY-  Total                              1
! STATUS-   Creating the UG part (Phase 3 of 3): 12-JUL-2026  12:03:40 PM
! INFO-     Filing Part ..: D:\Universidad\11vo semestre\APM\Gemelo digital\gemelo\Linea_2_Y_3\u601002029600021_201952657
! SUMMARY-   
! SUMMARY-  Summary of Unigraphics Part Entities
! SUMMARY-   
! SUMMARY-  Entities Processed             Count
! SUMMARY-  ------------------             -----
! SUMMARY-  Solid/Sheet .................:     1
! SUMMARY-                                 -----
! SUMMARY-  Total                              1
! STATUS-   Creating the UG part (Phase 3 of 3): 12-JUL-2026  12:03:40 PM
! INFO-     Filing Part ..: D:\Universidad\11vo semestre\APM\Gemelo digital\gemelo\Linea_2_Y_3\u601002029600021_191952656
! SUMMARY-   
! SUMMARY-  Summary of Unigraphics Part Entities
! SUMMARY-   
! SUMMARY-  Entities Processed             Count
! SUMMARY-  ------------------             -----
! SUMMARY-  Solid/Sheet .................:     1
! SUMMARY-                                 -----
! SUMMARY-  Total                              1
! STATUS-   Creating the UG part (Phase 3 of 3): 12-JUL-2026  12:03:40 PM
! INFO-     Filing Part ..: D:\Universidad\11vo semestre\APM\Gemelo digital\gemelo\Linea_2_Y_3\u601002029600021_181952655
! SUMMARY-   
! SUMMARY-  Summary of Unigraphics Part Entities
! SUMMARY-   
! SUMMARY-  Entities Processed             Count
! SUMMARY-  ------------------             -----
! SUMMARY-  Solid/Sheet .................:     1
! SUMMARY-                                 -----
! SUMMARY-  Total                              1
! STATUS-   Creating the UG part (Phase 3 of 3): 12-JUL-2026  12:03:40 PM
! INFO-     Filing Part ..: D:\Universidad\11vo semestre\APM\Gemelo digital\gemelo\Linea_2_Y_3\u601002029600021_171952654
! SUMMARY-   
! SUMMARY-  Summary of Unigraphics Part Entities
! SUMMARY-   
! SUMMARY-  Entities Processed             Count
! SUMMARY-  ------------------             -----
! SUMMARY-  Solid/Sheet .................:     1
! SUMMARY-                                 -----
! SUMMARY-  Total                              1
! STATUS-   Creating the UG part (Phase 3 of 3): 12-JUL-2026  12:03:40 PM
! INFO-     Filing Part ..: D:\Universidad\11vo semestre\APM\Gemelo digital\gemelo\Linea_2_Y_3\u601002029600021_161952653
! SUMMARY-   
! SUMMARY-  Summary of Unigraphics Part Entities
! SUMMARY-   
! SUMMARY-  Entities Processed             Count
! SUMMARY-  ------------------             -----
! SUMMARY-  Solid/Sheet .................:     1
! SUMMARY-                                 -----
! SUMMARY-  Total                              1
! STATUS-   Creating the UG part (Phase 3 of 3): 12-JUL-2026  12:03:40 PM
! INFO-     Filing Part ..: D:\Universidad\11vo semestre\APM\Gemelo digital\gemelo\Linea_2_Y_3\u601002029600021_151952652
! SUMMARY-   
! SUMMARY-  Summary of Unigraphics Part Entities
! SUMMARY-   
! SUMMARY-  Entities Processed             Count
! SUMMARY-  ------------------             -----
! SUMMARY-  Solid/Sheet .................:     1
! SUMMARY-                                 -----
! SUMMARY-  Total                              1
! STATUS-   Creating the UG part (Phase 3 of 3): 12-JUL-2026  12:03:40 PM
! INFO-     Filing Part ..: D:\Universidad\11vo semestre\APM\Gemelo digital\gemelo\Linea_2_Y_3\u601002029600021_141952651
! SUMMARY-   
! SUMMARY-  Summary of Unigraphics Part Entities
! SUMMARY-   
! SUMMARY-  Entities Processed             Count
! SUMMARY-  ------------------             -----
! SUMMARY-  Solid/Sheet .................:     1
! SUMMARY-                                 -----
! SUMMARY-  Total                              1
! STATUS-   Creating the UG part (Phase 3 of 3): 12-JUL-2026  12:03:40 PM
! INFO-     Filing Part ..: D:\Universidad\11vo semestre\APM\Gemelo digital\gemelo\Linea_2_Y_3\u601002029600021_131952650
! SUMMARY-   
! SUMMARY-  Summary of Unigraphics Part Entities
! SUMMARY-   
! SUMMARY-  Entities Processed             Count
! SUMMARY-  ------------------             -----
! SUMMARY-  Solid/Sheet .................:     1
! SUMMARY-                                 -----
! SUMMARY-  Total                              1
! STATUS-   Creating the UG part (Phase 3 of 3): 12-JUL-2026  12:03:41 PM
! INFO-     Filing Part ..: D:\Universidad\11vo semestre\APM\Gemelo digital\gemelo\Linea_2_Y_3\u601002029600021_121952649
! SUMMARY-   
! SUMMARY-  Summary of Unigraphics Part Entities
! SUMMARY-   
! SUMMARY-  Entities Processed             Count
! SUMMARY-  ------------------             -----
! SUMMARY-  Solid/Sheet .................:     1
! SUMMARY-                                 -----
! SUMMARY-  Total                              1
! STATUS-   Creating the UG part (Phase 3 of 3): 12-JUL-2026  12:03:41 PM
! INFO-     Filing Part ..: D:\Universidad\11vo semestre\APM\Gemelo digital\gemelo\Linea_2_Y_3\u601002029600021_111952648
! SUMMARY-   
! SUMMARY-  Summary of Unigraphics Part Entities
! SUMMARY-   
! SUMMARY-  Entities Processed             Count
! SUMMARY-  ------------------             -----
! SUMMARY-  Solid/Sheet .................:     1
! SUMMARY-                                 -----
! SUMMARY-  Total                              1
! STATUS-   Creating the UG part (Phase 3 of 3): 12-JUL-2026  12:03:41 PM
! INFO-     Filing Part ..: D:\Universidad\11vo semestre\APM\Gemelo digital\gemelo\Linea_2_Y_3\u601002029600021_101952647
! SUMMARY-   
! SUMMARY-  Summary of Unigraphics Part Entities
! SUMMARY-   
! SUMMARY-  Entities Processed             Count
! SUMMARY-  ------------------             -----
! SUMMARY-  Solid/Sheet .................:     1
! SUMMARY-                                 -----
! SUMMARY-  Total                              1
! STATUS-   Creating the UG part (Phase 3 of 3): 12-JUL-2026  12:03:41 PM
! INFO-     Filing Part ..: D:\Universidad\11vo semestre\APM\Gemelo digital\gemelo\Linea_2_Y_3\u601002029600021_091952646
! SUMMARY-   
! SUMMARY-  Summary of Unigraphics Part Entities
! SUMMARY-   
! SUMMARY-  Entities Processed             Count
! SUMMARY-  ------------------             -----
! SUMMARY-  Solid/Sheet .................:     1
! SUMMARY-                                 -----
! SUMMARY-  Total                              1
! STATUS-   Creating the UG part (Phase 3 of 3): 12-JUL-2026  12:03:41 PM
! INFO-     Filing Part ..: D:\Universidad\11vo semestre\APM\Gemelo digital\gemelo\Linea_2_Y_3\u601002029600021_081952645
! SUMMARY-   
! SUMMARY-  Summary of Unigraphics Part Entities
! SUMMARY-   
! SUMMARY-  Entities Processed             Count
! SUMMARY-  ------------------             -----
! SUMMARY-  Solid/Sheet .................:     1
! SUMMARY-                                 -----
! SUMMARY-  Total                              1
! STATUS-   Creating the UG part (Phase 3 of 3): 12-JUL-2026  12:03:41 PM
! INFO-     Filing Part ..: D:\Universidad\11vo semestre\APM\Gemelo digital\gemelo\Linea_2_Y_3\u601002029600021_071952644
! SUMMARY-   
! SUMMARY-  Summary of Unigraphics Part Entities
! SUMMARY-   
! SUMMARY-  Entities Processed             Count
! SUMMARY-  ------------------             -----
! SUMMARY-  Solid/Sheet .................:     1
! SUMMARY-                                 -----
! SUMMARY-  Total                              1
! STATUS-   Creating the UG part (Phase 3 of 3): 12-JUL-2026  12:03:41 PM
! INFO-     Filing Part ..: D:\Universidad\11vo semestre\APM\Gemelo digital\gemelo\Linea_2_Y_3\u601002029600021_061952643
! SUMMARY-   
! SUMMARY-  Summary of Unigraphics Part Entities
! SUMMARY-   
! SUMMARY-  Entities Processed             Count
! SUMMARY-  ------------------             -----
! SUMMARY-  Solid/Sheet .................:     1
! SUMMARY-                                 -----
! SUMMARY-  Total                              1
! STATUS-   Creating the UG part (Phase 3 of 3): 12-JUL-2026  12:03:41 PM
! INFO-     Filing Part ..: D:\Universidad\11vo semestre\APM\Gemelo digital\gemelo\Linea_2_Y_3\u601002029600021_051952642
! SUMMARY-   
! SUMMARY-  Summary of Unigraphics Part Entities
! SUMMARY-   
! SUMMARY-  Entities Processed             Count
! SUMMARY-  ------------------             -----
! SUMMARY-  Solid/Sheet .................:     1
! SUMMARY-                                 -----
! SUMMARY-  Total                              1
! STATUS-   Creating the UG part (Phase 3 of 3): 12-JUL-2026  12:03:41 PM
! INFO-     Filing Part ..: D:\Universidad\11vo semestre\APM\Gemelo digital\gemelo\Linea_2_Y_3\u601002029600021_041952641
! SUMMARY-   
! SUMMARY-  Summary of Unigraphics Part Entities
! SUMMARY-   
! SUMMARY-  Entities Processed             Count
! SUMMARY-  ------------------             -----
! SUMMARY-  Solid/Sheet .................:     1
! SUMMARY-                                 -----
! SUMMARY-  Total                              1
! STATUS-   Creating the UG part (Phase 3 of 3): 12-JUL-2026  12:03:41 PM
! INFO-     Filing Part ..: D:\Universidad\11vo semestre\APM\Gemelo digital\gemelo\Linea_2_Y_3\u601002029600021_031952640
! SUMMARY-   
! SUMMARY-  Summary of Unigraphics Part Entities
! SUMMARY-   
! SUMMARY-  Entities Processed             Count
! SUMMARY-  ------------------             -----
! SUMMARY-  Solid/Sheet .................:     1
! SUMMARY-                                 -----
! SUMMARY-  Total                              1
! STATUS-   Creating the UG part (Phase 3 of 3): 12-JUL-2026  12:03:41 PM
! INFO-     Filing Part ..: D:\Universidad\11vo semestre\APM\Gemelo digital\gemelo\Linea_2_Y_3\u601002029600021_021952639
! SUMMARY-   
! SUMMARY-  Summary of Unigraphics Part Entities
! SUMMARY-   
! SUMMARY-  Entities Processed             Count
! SUMMARY-  ------------------             -----
! SUMMARY-  Solid/Sheet .................:     1
! SUMMARY-                                 -----
! SUMMARY-  Total                              1
! STATUS-   Creating the UG part (Phase 3 of 3): 12-JUL-2026  12:03:42 PM
! INFO-     Filing Part ..: D:\Universidad\11vo semestre\APM\Gemelo digital\gemelo\Linea_2_Y_3\u601002029600021_011952638
! SUMMARY-   
! SUMMARY-  Summary of Unigraphics Part Entities
! SUMMARY-   
! SUMMARY-  Entities Processed             Count
! SUMMARY-  ------------------             -----
! SUMMARY-  Solid/Sheet .................:     1
! SUMMARY-                                 -----
! SUMMARY-  Total                              1
! STATUS-   Creating the UG part (Phase 3 of 3): 12-JUL-2026  12:03:42 PM
! INFO-     Filing Part ..: D:\Universidad\11vo semestre\APM\Gemelo digital\gemelo\Linea_2_Y_3\u601003029600021_381952636
! SUMMARY-   
! SUMMARY-  Summary of Unigraphics Part Entities
! SUMMARY-   
! SUMMARY-  Entities Processed             Count
! SUMMARY-  ------------------             -----
! SUMMARY-  Solid/Sheet .................:     1
! SUMMARY-                                 -----
! SUMMARY-  Total                              1
! STATUS-   Creating the UG part (Phase 3 of 3): 12-JUL-2026  12:03:42 PM
! INFO-     Filing Part ..: D:\Universidad\11vo semestre\APM\Gemelo digital\gemelo\Linea_2_Y_3\u601003029600021_371952635
! SUMMARY-   
! SUMMARY-  Summary of Unigraphics Part Entities
! SUMMARY-   
! SUMMARY-  Entities Processed             Count
! SUMMARY-  ------------------             -----
! SUMMARY-  Solid/Sheet .................:     1
! SUMMARY-                                 -----
! SUMMARY-  Total                              1
! STATUS-   Creating the UG part (Phase 3 of 3): 12-JUL-2026  12:03:43 PM
! INFO-     Filing Part ..: D:\Universidad\11vo semestre\APM\Gemelo digital\gemelo\Linea_2_Y_3\u601003029600021_361952634
! SUMMARY-   
! SUMMARY-  Summary of Unigraphics Part Entities
! SUMMARY-   
! SUMMARY-  Entities Processed             Count
! SUMMARY-  ------------------             -----
! SUMMARY-  Solid/Sheet .................:     1
! SUMMARY-                                 -----
! SUMMARY-  Total                              1
! STATUS-   Creating the UG part (Phase 3 of 3): 12-JUL-2026  12:03:43 PM
! INFO-     Filing Part ..: D:\Universidad\11vo semestre\APM\Gemelo digital\gemelo\Linea_2_Y_3\u601003029600021_351952633
! SUMMARY-   
! SUMMARY-  Summary of Unigraphics Part Entities
! SUMMARY-   
! SUMMARY-  Entities Processed             Count
! SUMMARY-  ------------------             -----
! SUMMARY-  Solid/Sheet .................:     1
! SUMMARY-                                 -----
! SUMMARY-  Total                              1
! STATUS-   Creating the UG part (Phase 3 of 3): 12-JUL-2026  12:03:43 PM
! INFO-     Filing Part ..: D:\Universidad\11vo semestre\APM\Gemelo digital\gemelo\Linea_2_Y_3\u601003029600021_341952632
! SUMMARY-   
! SUMMARY-  Summary of Unigraphics Part Entities
! SUMMARY-   
! SUMMARY-  Entities Processed             Count
! SUMMARY-  ------------------             -----
! SUMMARY-  Solid/Sheet .................:     1
! SUMMARY-                                 -----
! SUMMARY-  Total                              1
! STATUS-   Creating the UG part (Phase 3 of 3): 12-JUL-2026  12:03:43 PM
! INFO-     Filing Part ..: D:\Universidad\11vo semestre\APM\Gemelo digital\gemelo\Linea_2_Y_3\u601003029600021_331952631
! SUMMARY-   
! SUMMARY-  Summary of Unigraphics Part Entities
! SUMMARY-   
! SUMMARY-  Entities Processed             Count
! SUMMARY-  ------------------             -----
! SUMMARY-  Solid/Sheet .................:     1
! SUMMARY-                                 -----
! SUMMARY-  Total                              1
! STATUS-   Creating the UG part (Phase 3 of 3): 12-JUL-2026  12:03:43 PM
! INFO-     Filing Part ..: D:\Universidad\11vo semestre\APM\Gemelo digital\gemelo\Linea_2_Y_3\u601003029600021_321952630
! SUMMARY-   
! SUMMARY-  Summary of Unigraphics Part Entities
! SUMMARY-   
! SUMMARY-  Entities Processed             Count
! SUMMARY-  ------------------             -----
! SUMMARY-  Solid/Sheet .................:     1
! SUMMARY-                                 -----
! SUMMARY-  Total                              1
! STATUS-   Creating the UG part (Phase 3 of 3): 12-JUL-2026  12:03:43 PM
! INFO-     Filing Part ..: D:\Universidad\11vo semestre\APM\Gemelo digital\gemelo\Linea_2_Y_3\u601003029600021_311952629
! SUMMARY-   
! SUMMARY-  Summary of Unigraphics Part Entities
! SUMMARY-   
! SUMMARY-  Entities Processed             Count
! SUMMARY-  ------------------             -----
! SUMMARY-  Solid/Sheet .................:     1
! SUMMARY-                                 -----
! SUMMARY-  Total                              1
! STATUS-   Creating the UG part (Phase 3 of 3): 12-JUL-2026  12:03:43 PM
! INFO-     Filing Part ..: D:\Universidad\11vo semestre\APM\Gemelo digital\gemelo\Linea_2_Y_3\u601003029600021_301952628
! SUMMARY-   
! SUMMARY-  Summary of Unigraphics Part Entities
! SUMMARY-   
! SUMMARY-  Entities Processed             Count
! SUMMARY-  ------------------             -----
! SUMMARY-  Solid/Sheet .................:     1
! SUMMARY-                                 -----
! SUMMARY-  Total                              1
! STATUS-   Creating the UG part (Phase 3 of 3): 12-JUL-2026  12:03:43 PM
! INFO-     Filing Part ..: D:\Universidad\11vo semestre\APM\Gemelo digital\gemelo\Linea_2_Y_3\u601003029600021_291952627
! SUMMARY-   
! SUMMARY-  Summary of Unigraphics Part Entities
! SUMMARY-   
! SUMMARY-  Entities Processed             Count
! SUMMARY-  ------------------             -----
! SUMMARY-  Solid/Sheet .................:     1
! SUMMARY-                                 -----
! SUMMARY-  Total                              1
! STATUS-   Creating the UG part (Phase 3 of 3): 12-JUL-2026  12:03:43 PM
! INFO-     Filing Part ..: D:\Universidad\11vo semestre\APM\Gemelo digital\gemelo\Linea_2_Y_3\u601003029600021_281952626
! SUMMARY-   
! SUMMARY-  Summary of Unigraphics Part Entities
! SUMMARY-   
! SUMMARY-  Entities Processed             Count
! SUMMARY-  ------------------             -----
! SUMMARY-  Solid/Sheet .................:     1
! SUMMARY-                                 -----
! SUMMARY-  Total                              1
! STATUS-   Creating the UG part (Phase 3 of 3): 12-JUL-2026  12:03:43 PM
! INFO-     Filing Part ..: D:\Universidad\11vo semestre\APM\Gemelo digital\gemelo\Linea_2_Y_3\u601003029600021_271952625
! SUMMARY-   
! SUMMARY-  Summary of Unigraphics Part Entities
! SUMMARY-   
! SUMMARY-  Entities Processed             Count
! SUMMARY-  ------------------             -----
! SUMMARY-  Solid/Sheet .................:     1
! SUMMARY-                                 -----
! SUMMARY-  Total                              1
! STATUS-   Creating the UG part (Phase 3 of 3): 12-JUL-2026  12:03:43 PM
! INFO-     Filing Part ..: D:\Universidad\11vo semestre\APM\Gemelo digital\gemelo\Linea_2_Y_3\u601003029600021_261952624
! SUMMARY-   
! SUMMARY-  Summary of Unigraphics Part Entities
! SUMMARY-   
! SUMMARY-  Entities Processed             Count
! SUMMARY-  ------------------             -----
! SUMMARY-  Solid/Sheet .................:     1
! SUMMARY-                                 -----
! SUMMARY-  Total                              1
! STATUS-   Creating the UG part (Phase 3 of 3): 12-JUL-2026  12:03:44 PM
! INFO-     Filing Part ..: D:\Universidad\11vo semestre\APM\Gemelo digital\gemelo\Linea_2_Y_3\u601003029600021_251952623
! SUMMARY-   
! SUMMARY-  Summary of Unigraphics Part Entities
! SUMMARY-   
! SUMMARY-  Entities Processed             Count
! SUMMARY-  ------------------             -----
! SUMMARY-  Solid/Sheet .................:     1
! SUMMARY-                                 -----
! SUMMARY-  Total                              1
! STATUS-   Creating the UG part (Phase 3 of 3): 12-JUL-2026  12:03:44 PM
! INFO-     Filing Part ..: D:\Universidad\11vo semestre\APM\Gemelo digital\gemelo\Linea_2_Y_3\u601003029600021_241952622
! SUMMARY-   
! SUMMARY-  Summary of Unigraphics Part Entities
! SUMMARY-   
! SUMMARY-  Entities Processed             Count
! SUMMARY-  ------------------             -----
! SUMMARY-  Solid/Sheet .................:     1
! SUMMARY-                                 -----
! SUMMARY-  Total                              1
! STATUS-   Creating the UG part (Phase 3 of 3): 12-JUL-2026  12:03:44 PM
! INFO-     Filing Part ..: D:\Universidad\11vo semestre\APM\Gemelo digital\gemelo\Linea_2_Y_3\u601003029600021_231952621
! SUMMARY-   
! SUMMARY-  Summary of Unigraphics Part Entities
! SUMMARY-   
! SUMMARY-  Entities Processed             Count
! SUMMARY-  ------------------             -----
! SUMMARY-  Solid/Sheet .................:     1
! SUMMARY-                                 -----
! SUMMARY-  Total                              1
! STATUS-   Creating the UG part (Phase 3 of 3): 12-JUL-2026  12:03:44 PM
! INFO-     Filing Part ..: D:\Universidad\11vo semestre\APM\Gemelo digital\gemelo\Linea_2_Y_3\u601003029600021_221952620
! SUMMARY-   
! SUMMARY-  Summary of Unigraphics Part Entities
! SUMMARY-   
! SUMMARY-  Entities Processed             Count
! SUMMARY-  ------------------             -----
! SUMMARY-  Solid/Sheet .................:     1
! SUMMARY-                                 -----
! SUMMARY-  Total                              1
! STATUS-   Creating the UG part (Phase 3 of 3): 12-JUL-2026  12:03:44 PM
! INFO-     Filing Part ..: D:\Universidad\11vo semestre\APM\Gemelo digital\gemelo\Linea_2_Y_3\u601003029600021_211952619
! SUMMARY-   
! SUMMARY-  Summary of Unigraphics Part Entities
! SUMMARY-   
! SUMMARY-  Entities Processed             Count
! SUMMARY-  ------------------             -----
! SUMMARY-  Solid/Sheet .................:     1
! SUMMARY-                                 -----
! SUMMARY-  Total                              1
! STATUS-   Creating the UG part (Phase 3 of 3): 12-JUL-2026  12:03:44 PM
! INFO-     Filing Part ..: D:\Universidad\11vo semestre\APM\Gemelo digital\gemelo\Linea_2_Y_3\u601003029600021_201952618
! SUMMARY-   
! SUMMARY-  Summary of Unigraphics Part Entities
! SUMMARY-   
! SUMMARY-  Entities Processed             Count
! SUMMARY-  ------------------             -----
! SUMMARY-  Solid/Sheet .................:     1
! SUMMARY-                                 -----
! SUMMARY-  Total                              1
! STATUS-   Creating the UG part (Phase 3 of 3): 12-JUL-2026  12:03:44 PM
! INFO-     Filing Part ..: D:\Universidad\11vo semestre\APM\Gemelo digital\gemelo\Linea_2_Y_3\u601003029600021_191952617
! SUMMARY-   
! SUMMARY-  Summary of Unigraphics Part Entities
! SUMMARY-   
! SUMMARY-  Entities Processed             Count
! SUMMARY-  ------------------             -----
! SUMMARY-  Solid/Sheet .................:     1
! SUMMARY-                                 -----
! SUMMARY-  Total                              1
! STATUS-   Creating the UG part (Phase 3 of 3): 12-JUL-2026  12:03:44 PM
! INFO-     Filing Part ..: D:\Universidad\11vo semestre\APM\Gemelo digital\gemelo\Linea_2_Y_3\u601003029600021_181952616
! SUMMARY-   
! SUMMARY-  Summary of Unigraphics Part Entities
! SUMMARY-   
! SUMMARY-  Entities Processed             Count
! SUMMARY-  ------------------             -----
! SUMMARY-  Solid/Sheet .................:     1
! SUMMARY-                                 -----
! SUMMARY-  Total                              1
! STATUS-   Creating the UG part (Phase 3 of 3): 12-JUL-2026  12:03:44 PM
! INFO-     Filing Part ..: D:\Universidad\11vo semestre\APM\Gemelo digital\gemelo\Linea_2_Y_3\u601003029600021_171952615
! SUMMARY-   
! SUMMARY-  Summary of Unigraphics Part Entities
! SUMMARY-   
! SUMMARY-  Entities Processed             Count
! SUMMARY-  ------------------             -----
! SUMMARY-  Solid/Sheet .................:     1
! SUMMARY-                                 -----
! SUMMARY-  Total                              1
! STATUS-   Creating the UG part (Phase 3 of 3): 12-JUL-2026  12:03:44 PM
! INFO-     Filing Part ..: D:\Universidad\11vo semestre\APM\Gemelo digital\gemelo\Linea_2_Y_3\u601003029600021_161952614
! SUMMARY-   
! SUMMARY-  Summary of Unigraphics Part Entities
! SUMMARY-   
! SUMMARY-  Entities Processed             Count
! SUMMARY-  ------------------             -----
! SUMMARY-  Solid/Sheet .................:     1
! SUMMARY-                                 -----
! SUMMARY-  Total                              1
! STATUS-   Creating the UG part (Phase 3 of 3): 12-JUL-2026  12:03:45 PM
! INFO-     Filing Part ..: D:\Universidad\11vo semestre\APM\Gemelo digital\gemelo\Linea_2_Y_3\u601003029600021_151952613
! SUMMARY-   
! SUMMARY-  Summary of Unigraphics Part Entities
! SUMMARY-   
! SUMMARY-  Entities Processed             Count
! SUMMARY-  ------------------             -----
! SUMMARY-  Solid/Sheet .................:     1
! SUMMARY-                                 -----
! SUMMARY-  Total                              1
! STATUS-   Creating the UG part (Phase 3 of 3): 12-JUL-2026  12:03:45 PM
! INFO-     Filing Part ..: D:\Universidad\11vo semestre\APM\Gemelo digital\gemelo\Linea_2_Y_3\u601003029600021_141952612
! SUMMARY-   
! SUMMARY-  Summary of Unigraphics Part Entities
! SUMMARY-   
! SUMMARY-  Entities Processed             Count
! SUMMARY-  ------------------             -----
! SUMMARY-  Solid/Sheet .................:     1
! SUMMARY-                                 -----
! SUMMARY-  Total                              1
! STATUS-   Creating the UG part (Phase 3 of 3): 12-JUL-2026  12:03:45 PM
! INFO-     Filing Part ..: D:\Universidad\11vo semestre\APM\Gemelo digital\gemelo\Linea_2_Y_3\u601003029600021_131952611
! SUMMARY-   
! SUMMARY-  Summary of Unigraphics Part Entities
! SUMMARY-   
! SUMMARY-  Entities Processed             Count
! SUMMARY-  ------------------             -----
! SUMMARY-  Solid/Sheet .................:     1
! SUMMARY-                                 -----
! SUMMARY-  Total                              1
! STATUS-   Creating the UG part (Phase 3 of 3): 12-JUL-2026  12:03:45 PM
! INFO-     Filing Part ..: D:\Universidad\11vo semestre\APM\Gemelo digital\gemelo\Linea_2_Y_3\u601003029600021_121952610
! SUMMARY-   
! SUMMARY-  Summary of Unigraphics Part Entities
! SUMMARY-   
! SUMMARY-  Entities Processed             Count
! SUMMARY-  ------------------             -----
! SUMMARY-  Solid/Sheet .................:     1
! SUMMARY-                                 -----
! SUMMARY-  Total                              1
! STATUS-   Creating the UG part (Phase 3 of 3): 12-JUL-2026  12:03:45 PM
! INFO-     Filing Part ..: D:\Universidad\11vo semestre\APM\Gemelo digital\gemelo\Linea_2_Y_3\u601003029600021_111952609
! SUMMARY-   
! SUMMARY-  Summary of Unigraphics Part Entities
! SUMMARY-   
! SUMMARY-  Entities Processed             Count
! SUMMARY-  ------------------             -----
! SUMMARY-  Solid/Sheet .................:     1
! SUMMARY-                                 -----
! SUMMARY-  Total                              1
! STATUS-   Creating the UG part (Phase 3 of 3): 12-JUL-2026  12:03:46 PM
! INFO-     Filing Part ..: D:\Universidad\11vo semestre\APM\Gemelo digital\gemelo\Linea_2_Y_3\u601003029600021_101952608
! SUMMARY-   
! SUMMARY-  Summary of Unigraphics Part Entities
! SUMMARY-   
! SUMMARY-  Entities Processed             Count
! SUMMARY-  ------------------             -----
! SUMMARY-  Solid/Sheet .................:     1
! SUMMARY-                                 -----
! SUMMARY-  Total                              1
! STATUS-   Creating the UG part (Phase 3 of 3): 12-JUL-2026  12:03:46 PM
! INFO-     Filing Part ..: D:\Universidad\11vo semestre\APM\Gemelo digital\gemelo\Linea_2_Y_3\u601003029600021_091952607
! SUMMARY-   
! SUMMARY-  Summary of Unigraphics Part Entities
! SUMMARY-   
! SUMMARY-  Entities Processed             Count
! SUMMARY-  ------------------             -----
! SUMMARY-  Solid/Sheet .................:     1
! SUMMARY-                                 -----
! SUMMARY-  Total                              1
! STATUS-   Creating the UG part (Phase 3 of 3): 12-JUL-2026  12:03:46 PM
! INFO-     Filing Part ..: D:\Universidad\11vo semestre\APM\Gemelo digital\gemelo\Linea_2_Y_3\u601003029600021_081952606
! SUMMARY-   
! SUMMARY-  Summary of Unigraphics Part Entities
! SUMMARY-   
! SUMMARY-  Entities Processed             Count
! SUMMARY-  ------------------             -----
! SUMMARY-  Solid/Sheet .................:     1
! SUMMARY-                                 -----
! SUMMARY-  Total                              1
! STATUS-   Creating the UG part (Phase 3 of 3): 12-JUL-2026  12:03:46 PM
! INFO-     Filing Part ..: D:\Universidad\11vo semestre\APM\Gemelo digital\gemelo\Linea_2_Y_3\u601003029600021_071952605
! SUMMARY-   
! SUMMARY-  Summary of Unigraphics Part Entities
! SUMMARY-   
! SUMMARY-  Entities Processed             Count
! SUMMARY-  ------------------             -----
! SUMMARY-  Solid/Sheet .................:     1
! SUMMARY-                                 -----
! SUMMARY-  Total                              1
! STATUS-   Creating the UG part (Phase 3 of 3): 12-JUL-2026  12:03:46 PM
! INFO-     Filing Part ..: D:\Universidad\11vo semestre\APM\Gemelo digital\gemelo\Linea_2_Y_3\u601003029600021_061952604
! SUMMARY-   
! SUMMARY-  Summary of Unigraphics Part Entities
! SUMMARY-   
! SUMMARY-  Entities Processed             Count
! SUMMARY-  ------------------             -----
! SUMMARY-  Solid/Sheet .................:     1
! SUMMARY-                                 -----
! SUMMARY-  Total                              1
! STATUS-   Creating the UG part (Phase 3 of 3): 12-JUL-2026  12:03:46 PM
! INFO-     Filing Part ..: D:\Universidad\11vo semestre\APM\Gemelo digital\gemelo\Linea_2_Y_3\u601003029600021_051952603
! SUMMARY-   
! SUMMARY-  Summary of Unigraphics Part Entities
! SUMMARY-   
! SUMMARY-  Entities Processed             Count
! SUMMARY-  ------------------             -----
! SUMMARY-  Solid/Sheet .................:     1
! SUMMARY-                                 -----
! SUMMARY-  Total                              1
! STATUS-   Creating the UG part (Phase 3 of 3): 12-JUL-2026  12:03:46 PM
! INFO-     Filing Part ..: D:\Universidad\11vo semestre\APM\Gemelo digital\gemelo\Linea_2_Y_3\u601003029600021_041952602
! SUMMARY-   
! SUMMARY-  Summary of Unigraphics Part Entities
! SUMMARY-   
! SUMMARY-  Entities Processed             Count
! SUMMARY-  ------------------             -----
! SUMMARY-  Solid/Sheet .................:     1
! SUMMARY-                                 -----
! SUMMARY-  Total                              1
! STATUS-   Creating the UG part (Phase 3 of 3): 12-JUL-2026  12:03:46 PM
! INFO-     Filing Part ..: D:\Universidad\11vo semestre\APM\Gemelo digital\gemelo\Linea_2_Y_3\u601003029600021_031952601
! SUMMARY-   
! SUMMARY-  Summary of Unigraphics Part Entities
! SUMMARY-   
! SUMMARY-  Entities Processed             Count
! SUMMARY-  ------------------             -----
! SUMMARY-  Solid/Sheet .................:     1
! SUMMARY-                                 -----
! SUMMARY-  Total                              1
! STATUS-   Creating the UG part (Phase 3 of 3): 12-JUL-2026  12:03:47 PM
! INFO-     Filing Part ..: D:\Universidad\11vo semestre\APM\Gemelo digital\gemelo\Linea_2_Y_3\u601003029600021_021952600
! SUMMARY-   
! SUMMARY-  Summary of Unigraphics Part Entities
! SUMMARY-   
! SUMMARY-  Entities Processed             Count
! SUMMARY-  ------------------             -----
! SUMMARY-  Solid/Sheet .................:     1
! SUMMARY-                                 -----
! SUMMARY-  Total                              1
! STATUS-   Creating the UG part (Phase 3 of 3): 12-JUL-2026  12:03:47 PM
! INFO-     Filing Part ..: D:\Universidad\11vo semestre\APM\Gemelo digital\gemelo\Linea_2_Y_3\u601003029600021_011952599
! SUMMARY-   
! SUMMARY-  Summary of Unigraphics Part Entities
! SUMMARY-   
! SUMMARY-  Entities Processed             Count
! SUMMARY-  ------------------             -----
! SUMMARY-  Solid/Sheet .................:     1
! SUMMARY-                                 -----
! SUMMARY-  Total                              1
! STATUS-   Creating the UG part (Phase 3 of 3): 12-JUL-2026  12:03:47 PM
! INFO-     Filing Part ..: D:\Universidad\11vo semestre\APM\Gemelo digital\gemelo\Linea_2_Y_3\u601008014800021_061952597
! SUMMARY-   
! SUMMARY-  Summary of Unigraphics Part Entities
! SUMMARY-   
! SUMMARY-  Entities Processed             Count
! SUMMARY-  ------------------             -----
! SUMMARY-  Solid/Sheet .................:     1
! SUMMARY-                                 -----
! SUMMARY-  Total                              1
! STATUS-   Creating the UG part (Phase 3 of 3): 12-JUL-2026  12:03:49 PM
! INFO-     Filing Part ..: D:\Universidad\11vo semestre\APM\Gemelo digital\gemelo\Linea_2_Y_3\u601008014800021_051952596
! SUMMARY-   
! SUMMARY-  Summary of Unigraphics Part Entities
! SUMMARY-   
! SUMMARY-  Entities Processed             Count
! SUMMARY-  ------------------             -----
! SUMMARY-  Solid/Sheet .................:     1
! SUMMARY-                                 -----
! SUMMARY-  Total                              1
! STATUS-   Creating the UG part (Phase 3 of 3): 12-JUL-2026  12:03:49 PM
! INFO-     Filing Part ..: D:\Universidad\11vo semestre\APM\Gemelo digital\gemelo\Linea_2_Y_3\u601008014800021_041952595
! SUMMARY-   
! SUMMARY-  Summary of Unigraphics Part Entities
! SUMMARY-   
! SUMMARY-  Entities Processed             Count
! SUMMARY-  ------------------             -----
! SUMMARY-  Solid/Sheet .................:     1
! SUMMARY-                                 -----
! SUMMARY-  Total                              1
! STATUS-   Creating the UG part (Phase 3 of 3): 12-JUL-2026  12:03:49 PM
! INFO-     Filing Part ..: D:\Universidad\11vo semestre\APM\Gemelo digital\gemelo\Linea_2_Y_3\u601008014800021_031952594
! SUMMARY-   
! SUMMARY-  Summary of Unigraphics Part Entities
! SUMMARY-   
! SUMMARY-  Entities Processed             Count
! SUMMARY-  ------------------             -----
! SUMMARY-  Solid/Sheet .................:     1
! SUMMARY-                                 -----
! SUMMARY-  Total                              1
! STATUS-   Creating the UG part (Phase 3 of 3): 12-JUL-2026  12:03:49 PM
! INFO-     Filing Part ..: D:\Universidad\11vo semestre\APM\Gemelo digital\gemelo\Linea_2_Y_3\u601008014800021_021952593
! SUMMARY-   
! SUMMARY-  Summary of Unigraphics Part Entities
! SUMMARY-   
! SUMMARY-  Entities Processed             Count
! SUMMARY-  ------------------             -----
! SUMMARY-  Solid/Sheet .................:     1
! SUMMARY-                                 -----
! SUMMARY-  Total                              1
! STATUS-   Creating the UG part (Phase 3 of 3): 12-JUL-2026  12:03:49 PM
! INFO-     Filing Part ..: D:\Universidad\11vo semestre\APM\Gemelo digital\gemelo\Linea_2_Y_3\u601008014800021_011952592
! SUMMARY-   
! SUMMARY-  Summary of Unigraphics Part Entities
! SUMMARY-   
! SUMMARY-  Entities Processed             Count
! SUMMARY-  ------------------             -----
! SUMMARY-  Solid/Sheet .................:     1
! SUMMARY-                                 -----
! SUMMARY-  Total                              1
! STATUS-   Creating the UG part (Phase 3 of 3): 12-JUL-2026  12:03:49 PM
! INFO-     Filing Part ..: D:\Universidad\11vo semestre\APM\Gemelo digital\gemelo\Linea_2_Y_3\u601010014800021_061952590
! SUMMARY-   
! SUMMARY-  Summary of Unigraphics Part Entities
! SUMMARY-   
! SUMMARY-  Entities Processed             Count
! SUMMARY-  ------------------             -----
! SUMMARY-  Solid/Sheet .................:     1
! SUMMARY-                                 -----
! SUMMARY-  Total                              1
! STATUS-   Creating the UG part (Phase 3 of 3): 12-JUL-2026  12:03:52 PM
! INFO-     Filing Part ..: D:\Universidad\11vo semestre\APM\Gemelo digital\gemelo\Linea_2_Y_3\u601010014800021_051952589
! SUMMARY-   
! SUMMARY-  Summary of Unigraphics Part Entities
! SUMMARY-   
! SUMMARY-  Entities Processed             Count
! SUMMARY-  ------------------             -----
! SUMMARY-  Solid/Sheet .................:     1
! SUMMARY-                                 -----
! SUMMARY-  Total                              1
! STATUS-   Creating the UG part (Phase 3 of 3): 12-JUL-2026  12:03:52 PM
! INFO-     Filing Part ..: D:\Universidad\11vo semestre\APM\Gemelo digital\gemelo\Linea_2_Y_3\u601010014800021_041952588
! SUMMARY-   
! SUMMARY-  Summary of Unigraphics Part Entities
! SUMMARY-   
! SUMMARY-  Entities Processed             Count
! SUMMARY-  ------------------             -----
! SUMMARY-  Solid/Sheet .................:     1
! SUMMARY-                                 -----
! SUMMARY-  Total                              1
! STATUS-   Creating the UG part (Phase 3 of 3): 12-JUL-2026  12:03:52 PM
! INFO-     Filing Part ..: D:\Universidad\11vo semestre\APM\Gemelo digital\gemelo\Linea_2_Y_3\u601010014800021_031952587
! SUMMARY-   
! SUMMARY-  Summary of Unigraphics Part Entities
! SUMMARY-   
! SUMMARY-  Entities Processed             Count
! SUMMARY-  ------------------             -----
! SUMMARY-  Solid/Sheet .................:     1
! SUMMARY-                                 -----
! SUMMARY-  Total                              1
! STATUS-   Creating the UG part (Phase 3 of 3): 12-JUL-2026  12:03:52 PM
! INFO-     Filing Part ..: D:\Universidad\11vo semestre\APM\Gemelo digital\gemelo\Linea_2_Y_3\u601010014800021_021952586
! SUMMARY-   
! SUMMARY-  Summary of Unigraphics Part Entities
! SUMMARY-   
! SUMMARY-  Entities Processed             Count
! SUMMARY-  ------------------             -----
! SUMMARY-  Solid/Sheet .................:     1
! SUMMARY-                                 -----
! SUMMARY-  Total                              1
! STATUS-   Creating the UG part (Phase 3 of 3): 12-JUL-2026  12:03:52 PM
! INFO-     Filing Part ..: D:\Universidad\11vo semestre\APM\Gemelo digital\gemelo\Linea_2_Y_3\u601010014800021_011952585
! SUMMARY-   
! SUMMARY-  Summary of Unigraphics Part Entities
! SUMMARY-   
! SUMMARY-  Entities Processed             Count
! SUMMARY-  ------------------             -----
! SUMMARY-  Solid/Sheet .................:     1
! SUMMARY-                                 -----
! SUMMARY-  Total                              1
! STATUS-   Creating the UG part (Phase 3 of 3): 12-JUL-2026  12:03:52 PM
! INFO-     Filing Part ..: D:\Universidad\11vo semestre\APM\Gemelo digital\gemelo\Linea_2_Y_3\u601007014800021_071952583
! SUMMARY-   
! SUMMARY-  Summary of Unigraphics Part Entities
! SUMMARY-   
! SUMMARY-  Entities Processed             Count
! SUMMARY-  ------------------             -----
! SUMMARY-  Solid/Sheet .................:     1
! SUMMARY-                                 -----
! SUMMARY-  Total                              1
! STATUS-   Creating the UG part (Phase 3 of 3): 12-JUL-2026  12:03:54 PM
! INFO-     Filing Part ..: D:\Universidad\11vo semestre\APM\Gemelo digital\gemelo\Linea_2_Y_3\u601007014800021_061952582
! SUMMARY-   
! SUMMARY-  Summary of Unigraphics Part Entities
! SUMMARY-   
! SUMMARY-  Entities Processed             Count
! SUMMARY-  ------------------             -----
! SUMMARY-  Solid/Sheet .................:     1
! SUMMARY-                                 -----
! SUMMARY-  Total                              1
! STATUS-   Creating the UG part (Phase 3 of 3): 12-JUL-2026  12:03:54 PM
! INFO-     Filing Part ..: D:\Universidad\11vo semestre\APM\Gemelo digital\gemelo\Linea_2_Y_3\u601007014800021_051952581
! SUMMARY-   
! SUMMARY-  Summary of Unigraphics Part Entities
! SUMMARY-   
! SUMMARY-  Entities Processed             Count
! SUMMARY-  ------------------             -----
! SUMMARY-  Solid/Sheet .................:     1
! SUMMARY-                                 -----
! SUMMARY-  Total                              1
! STATUS-   Creating the UG part (Phase 3 of 3): 12-JUL-2026  12:03:54 PM
! INFO-     Filing Part ..: D:\Universidad\11vo semestre\APM\Gemelo digital\gemelo\Linea_2_Y_3\u601007014800021_041952580
! SUMMARY-   
! SUMMARY-  Summary of Unigraphics Part Entities
! SUMMARY-   
! SUMMARY-  Entities Processed             Count
! SUMMARY-  ------------------             -----
! SUMMARY-  Solid/Sheet .................:     1
! SUMMARY-                                 -----
! SUMMARY-  Total                              1
! STATUS-   Creating the UG part (Phase 3 of 3): 12-JUL-2026  12:03:54 PM
! INFO-     Filing Part ..: D:\Universidad\11vo semestre\APM\Gemelo digital\gemelo\Linea_2_Y_3\u601007014800021_031952579
! SUMMARY-   
! SUMMARY-  Summary of Unigraphics Part Entities
! SUMMARY-   
! SUMMARY-  Entities Processed             Count
! SUMMARY-  ------------------             -----
! SUMMARY-  Solid/Sheet .................:     1
! SUMMARY-                                 -----
! SUMMARY-  Total                              1
! STATUS-   Creating the UG part (Phase 3 of 3): 12-JUL-2026  12:03:54 PM
! INFO-     Filing Part ..: D:\Universidad\11vo semestre\APM\Gemelo digital\gemelo\Linea_2_Y_3\u601007014800021_021952578
! SUMMARY-   
! SUMMARY-  Summary of Unigraphics Part Entities
! SUMMARY-   
! SUMMARY-  Entities Processed             Count
! SUMMARY-  ------------------             -----
! SUMMARY-  Solid/Sheet .................:     1
! SUMMARY-                                 -----
! SUMMARY-  Total                              1
! STATUS-   Creating the UG part (Phase 3 of 3): 12-JUL-2026  12:03:54 PM
! INFO-     Filing Part ..: D:\Universidad\11vo semestre\APM\Gemelo digital\gemelo\Linea_2_Y_3\u601007014800021_011952577
! SUMMARY-   
! SUMMARY-  Summary of Unigraphics Part Entities
! SUMMARY-   
! SUMMARY-  Entities Processed             Count
! SUMMARY-  ------------------             -----
! SUMMARY-                                 -----
! SUMMARY-  Total                              0
! STATUS-   Creating the UG part (Phase 3 of 3): 12-JUL-2026  12:03:55 PM
! INFO-     Filing Part ..: D:\Universidad\11vo semestre\APM\Gemelo digital\gemelo\Linea_2_Y_3\u403000000000001-3120-60-30_1221952575
! SUMMARY-   
! SUMMARY-  Summary of Unigraphics Part Entities
! SUMMARY-   
! SUMMARY-  Entities Processed             Count
! SUMMARY-  ------------------             -----
! SUMMARY-  Solid/Sheet .................:     1
! SUMMARY-                                 -----
! SUMMARY-  Total                              1
! STATUS-   Creating the UG part (Phase 3 of 3): 12-JUL-2026  12:03:55 PM
! INFO-     Filing Part ..: D:\Universidad\11vo semestre\APM\Gemelo digital\gemelo\Linea_2_Y_3\u403000000000001-3120-60-30_1211952574
! SUMMARY-   
! SUMMARY-  Summary of Unigraphics Part Entities
! SUMMARY-   
! SUMMARY-  Entities Processed             Count
! SUMMARY-  ------------------             -----
! SUMMARY-  Solid/Sheet .................:     1
! SUMMARY-                                 -----
! SUMMARY-  Total                              1
! STATUS-   Creating the UG part (Phase 3 of 3): 12-JUL-2026  12:03:55 PM
! INFO-     Filing Part ..: D:\Universidad\11vo semestre\APM\Gemelo digital\gemelo\Linea_2_Y_3\u403000000000001-3120-60-30_1201952573
! SUMMARY-   
! SUMMARY-  Summary of Unigraphics Part Entities
! SUMMARY-   
! SUMMARY-  Entities Processed             Count
! SUMMARY-  ------------------             -----
! SUMMARY-  Solid/Sheet .................:     1
! SUMMARY-                                 -----
! SUMMARY-  Total                              1
! STATUS-   Creating the UG part (Phase 3 of 3): 12-JUL-2026  12:03:55 PM
! INFO-     Filing Part ..: D:\Universidad\11vo semestre\APM\Gemelo digital\gemelo\Linea_2_Y_3\u403000000000001-3120-60-30_1191952572
! SUMMARY-   
! SUMMARY-  Summary of Unigraphics Part Entities
! SUMMARY-   
! SUMMARY-  Entities Processed             Count
! SUMMARY-  ------------------             -----
! SUMMARY-  Solid/Sheet .................:     1
! SUMMARY-                                 -----
! SUMMARY-  Total                              1
! STATUS-   Creating the UG part (Phase 3 of 3): 12-JUL-2026  12:03:55 PM
! INFO-     Filing Part ..: D:\Universidad\11vo semestre\APM\Gemelo digital\gemelo\Linea_2_Y_3\u403000000000001-3120-60-30_1181952571
! SUMMARY-   
! SUMMARY-  Summary of Unigraphics Part Entities
! SUMMARY-   
! SUMMARY-  Entities Processed             Count
! SUMMARY-  ------------------             -----
! SUMMARY-  Solid/Sheet .................:     1
! SUMMARY-                                 -----
! SUMMARY-  Total                              1
! STATUS-   Creating the UG part (Phase 3 of 3): 12-JUL-2026  12:03:55 PM
! INFO-     Filing Part ..: D:\Universidad\11vo semestre\APM\Gemelo digital\gemelo\Linea_2_Y_3\u403000000000001-3120-60-30_1171952570
! SUMMARY-   
! SUMMARY-  Summary of Unigraphics Part Entities
! SUMMARY-   
! SUMMARY-  Entities Processed             Count
! SUMMARY-  ------------------             -----
! SUMMARY-  Solid/Sheet .................:     1
! SUMMARY-                                 -----
! SUMMARY-  Total                              1
! STATUS-   Creating the UG part (Phase 3 of 3): 12-JUL-2026  12:03:55 PM
! INFO-     Filing Part ..: D:\Universidad\11vo semestre\APM\Gemelo digital\gemelo\Linea_2_Y_3\u403000000000001-3120-60-30_1161952569
! SUMMARY-   
! SUMMARY-  Summary of Unigraphics Part Entities
! SUMMARY-   
! SUMMARY-  Entities Processed             Count
! SUMMARY-  ------------------             -----
! SUMMARY-  Solid/Sheet .................:     1
! SUMMARY-                                 -----
! SUMMARY-  Total                              1
! STATUS-   Creating the UG part (Phase 3 of 3): 12-JUL-2026  12:03:55 PM
! INFO-     Filing Part ..: D:\Universidad\11vo semestre\APM\Gemelo digital\gemelo\Linea_2_Y_3\u403000000000001-3120-60-30_1151952568
! SUMMARY-   
! SUMMARY-  Summary of Unigraphics Part Entities
! SUMMARY-   
! SUMMARY-  Entities Processed             Count
! SUMMARY-  ------------------             -----
! SUMMARY-  Solid/Sheet .................:     1
! SUMMARY-                                 -----
! SUMMARY-  Total                              1
! STATUS-   Creating the UG part (Phase 3 of 3): 12-JUL-2026  12:03:55 PM
! INFO-     Filing Part ..: D:\Universidad\11vo semestre\APM\Gemelo digital\gemelo\Linea_2_Y_3\u403000000000001-3120-60-30_1141952567
! SUMMARY-   
! SUMMARY-  Summary of Unigraphics Part Entities
! SUMMARY-   
! SUMMARY-  Entities Processed             Count
! SUMMARY-  ------------------             -----
! SUMMARY-  Solid/Sheet .................:     1
! SUMMARY-                                 -----
! SUMMARY-  Total                              1
! STATUS-   Creating the UG part (Phase 3 of 3): 12-JUL-2026  12:03:56 PM
! INFO-     Filing Part ..: D:\Universidad\11vo semestre\APM\Gemelo digital\gemelo\Linea_2_Y_3\u403000000000001-3120-60-30_1131952566
! SUMMARY-   
! SUMMARY-  Summary of Unigraphics Part Entities
! SUMMARY-   
! SUMMARY-  Entities Processed             Count
! SUMMARY-  ------------------             -----
! SUMMARY-  Solid/Sheet .................:     1
! SUMMARY-                                 -----
! SUMMARY-  Total                              1
! STATUS-   Creating the UG part (Phase 3 of 3): 12-JUL-2026  12:03:56 PM
! INFO-     Filing Part ..: D:\Universidad\11vo semestre\APM\Gemelo digital\gemelo\Linea_2_Y_3\u403000000000001-3120-60-30_1121952565
! SUMMARY-   
! SUMMARY-  Summary of Unigraphics Part Entities
! SUMMARY-   
! SUMMARY-  Entities Processed             Count
! SUMMARY-  ------------------             -----
! SUMMARY-  Solid/Sheet .................:     1
! SUMMARY-                                 -----
! SUMMARY-  Total                              1
! STATUS-   Creating the UG part (Phase 3 of 3): 12-JUL-2026  12:03:56 PM
! INFO-     Filing Part ..: D:\Universidad\11vo semestre\APM\Gemelo digital\gemelo\Linea_2_Y_3\u403000000000001-3120-60-30_1111952564
! SUMMARY-   
! SUMMARY-  Summary of Unigraphics Part Entities
! SUMMARY-   
! SUMMARY-  Entities Processed             Count
! SUMMARY-  ------------------             -----
! SUMMARY-  Solid/Sheet .................:     1
! SUMMARY-                                 -----
! SUMMARY-  Total                              1
! STATUS-   Creating the UG part (Phase 3 of 3): 12-JUL-2026  12:03:56 PM
! INFO-     Filing Part ..: D:\Universidad\11vo semestre\APM\Gemelo digital\gemelo\Linea_2_Y_3\u403000000000001-3120-60-30_1101952563
! SUMMARY-   
! SUMMARY-  Summary of Unigraphics Part Entities
! SUMMARY-   
! SUMMARY-  Entities Processed             Count
! SUMMARY-  ------------------             -----
! SUMMARY-  Solid/Sheet .................:     1
! SUMMARY-                                 -----
! SUMMARY-  Total                              1
! STATUS-   Creating the UG part (Phase 3 of 3): 12-JUL-2026  12:03:56 PM
! INFO-     Filing Part ..: D:\Universidad\11vo semestre\APM\Gemelo digital\gemelo\Linea_2_Y_3\u403000000000001-3120-60-30_1091952562
! SUMMARY-   
! SUMMARY-  Summary of Unigraphics Part Entities
! SUMMARY-   
! SUMMARY-  Entities Processed             Count
! SUMMARY-  ------------------             -----
! SUMMARY-  Solid/Sheet .................:     1
! SUMMARY-                                 -----
! SUMMARY-  Total                              1
! STATUS-   Creating the UG part (Phase 3 of 3): 12-JUL-2026  12:03:56 PM
! INFO-     Filing Part ..: D:\Universidad\11vo semestre\APM\Gemelo digital\gemelo\Linea_2_Y_3\u403000000000001-3120-60-30_1081952561
! SUMMARY-   
! SUMMARY-  Summary of Unigraphics Part Entities
! SUMMARY-   
! SUMMARY-  Entities Processed             Count
! SUMMARY-  ------------------             -----
! SUMMARY-  Solid/Sheet .................:     1
! SUMMARY-                                 -----
! SUMMARY-  Total                              1
! STATUS-   Creating the UG part (Phase 3 of 3): 12-JUL-2026  12:03:56 PM
! INFO-     Filing Part ..: D:\Universidad\11vo semestre\APM\Gemelo digital\gemelo\Linea_2_Y_3\u403000000000001-3120-60-30_1071952560
! SUMMARY-   
! SUMMARY-  Summary of Unigraphics Part Entities
! SUMMARY-   
! SUMMARY-  Entities Processed             Count
! SUMMARY-  ------------------             -----
! SUMMARY-  Solid/Sheet .................:     1
! SUMMARY-                                 -----
! SUMMARY-  Total                              1
! STATUS-   Creating the UG part (Phase 3 of 3): 12-JUL-2026  12:03:56 PM
! INFO-     Filing Part ..: D:\Universidad\11vo semestre\APM\Gemelo digital\gemelo\Linea_2_Y_3\u403000000000001-3120-60-30_1061952559
! SUMMARY-   
! SUMMARY-  Summary of Unigraphics Part Entities
! SUMMARY-   
! SUMMARY-  Entities Processed             Count
! SUMMARY-  ------------------             -----
! SUMMARY-  Solid/Sheet .................:     1
! SUMMARY-                                 -----
! SUMMARY-  Total                              1
! STATUS-   Creating the UG part (Phase 3 of 3): 12-JUL-2026  12:03:56 PM
! INFO-     Filing Part ..: D:\Universidad\11vo semestre\APM\Gemelo digital\gemelo\Linea_2_Y_3\u403000000000001-3120-60-30_1051952558
! SUMMARY-   
! SUMMARY-  Summary of Unigraphics Part Entities
! SUMMARY-   
! SUMMARY-  Entities Processed             Count
! SUMMARY-  ------------------             -----
! SUMMARY-  Solid/Sheet .................:     1
! SUMMARY-                                 -----
! SUMMARY-  Total                              1
! STATUS-   Creating the UG part (Phase 3 of 3): 12-JUL-2026  12:03:56 PM
! INFO-     Filing Part ..: D:\Universidad\11vo semestre\APM\Gemelo digital\gemelo\Linea_2_Y_3\u403000000000001-3120-60-30_1041952557
! SUMMARY-   
! SUMMARY-  Summary of Unigraphics Part Entities
! SUMMARY-   
! SUMMARY-  Entities Processed             Count
! SUMMARY-  ------------------             -----
! SUMMARY-  Solid/Sheet .................:     1
! SUMMARY-                                 -----
! SUMMARY-  Total                              1
! STATUS-   Creating the UG part (Phase 3 of 3): 12-JUL-2026  12:03:56 PM
! INFO-     Filing Part ..: D:\Universidad\11vo semestre\APM\Gemelo digital\gemelo\Linea_2_Y_3\u403000000000001-3120-60-30_1031952556
! SUMMARY-   
! SUMMARY-  Summary of Unigraphics Part Entities
! SUMMARY-   
! SUMMARY-  Entities Processed             Count
! SUMMARY-  ------------------             -----
! SUMMARY-  Solid/Sheet .................:     1
! SUMMARY-                                 -----
! SUMMARY-  Total                              1
! STATUS-   Creating the UG part (Phase 3 of 3): 12-JUL-2026  12:03:57 PM
! INFO-     Filing Part ..: D:\Universidad\11vo semestre\APM\Gemelo digital\gemelo\Linea_2_Y_3\u403000000000001-3120-60-30_1021952555
! SUMMARY-   
! SUMMARY-  Summary of Unigraphics Part Entities
! SUMMARY-   
! SUMMARY-  Entities Processed             Count
! SUMMARY-  ------------------             -----
! SUMMARY-  Solid/Sheet .................:     1
! SUMMARY-                                 -----
! SUMMARY-  Total                              1
! STATUS-   Creating the UG part (Phase 3 of 3): 12-JUL-2026  12:03:57 PM
! INFO-     Filing Part ..: D:\Universidad\11vo semestre\APM\Gemelo digital\gemelo\Linea_2_Y_3\u403000000000001-3120-60-30_1011952554
! SUMMARY-   
! SUMMARY-  Summary of Unigraphics Part Entities
! SUMMARY-   
! SUMMARY-  Entities Processed             Count
! SUMMARY-  ------------------             -----
! SUMMARY-  Solid/Sheet .................:     1
! SUMMARY-                                 -----
! SUMMARY-  Total                              1
! STATUS-   Creating the UG part (Phase 3 of 3): 12-JUL-2026  12:03:57 PM
! INFO-     Filing Part ..: D:\Universidad\11vo semestre\APM\Gemelo digital\gemelo\Linea_2_Y_3\u403000000000001-3120-60-30_1001952553
! SUMMARY-   
! SUMMARY-  Summary of Unigraphics Part Entities
! SUMMARY-   
! SUMMARY-  Entities Processed             Count
! SUMMARY-  ------------------             -----
! SUMMARY-  Solid/Sheet .................:     1
! SUMMARY-                                 -----
! SUMMARY-  Total                              1
! STATUS-   Creating the UG part (Phase 3 of 3): 12-JUL-2026  12:03:57 PM
! INFO-     Filing Part ..: D:\Universidad\11vo semestre\APM\Gemelo digital\gemelo\Linea_2_Y_3\u403000000000001-3120-60-30_991952552
! SUMMARY-   
! SUMMARY-  Summary of Unigraphics Part Entities
! SUMMARY-   
! SUMMARY-  Entities Processed             Count
! SUMMARY-  ------------------             -----
! SUMMARY-  Solid/Sheet .................:     1
! SUMMARY-                                 -----
! SUMMARY-  Total                              1
! STATUS-   Creating the UG part (Phase 3 of 3): 12-JUL-2026  12:03:57 PM
! INFO-     Filing Part ..: D:\Universidad\11vo semestre\APM\Gemelo digital\gemelo\Linea_2_Y_3\u403000000000001-3120-60-30_981952551
! SUMMARY-   
! SUMMARY-  Summary of Unigraphics Part Entities
! SUMMARY-   
! SUMMARY-  Entities Processed             Count
! SUMMARY-  ------------------             -----
! SUMMARY-  Solid/Sheet .................:     1
! SUMMARY-                                 -----
! SUMMARY-  Total                              1
! STATUS-   Creating the UG part (Phase 3 of 3): 12-JUL-2026  12:03:57 PM
! INFO-     Filing Part ..: D:\Universidad\11vo semestre\APM\Gemelo digital\gemelo\Linea_2_Y_3\u403000000000001-3120-60-30_971952550
! SUMMARY-   
! SUMMARY-  Summary of Unigraphics Part Entities
! SUMMARY-   
! SUMMARY-  Entities Processed             Count
! SUMMARY-  ------------------             -----
! SUMMARY-  Solid/Sheet .................:     1
! SUMMARY-                                 -----
! SUMMARY-  Total                              1
! STATUS-   Creating the UG part (Phase 3 of 3): 12-JUL-2026  12:03:57 PM
! INFO-     Filing Part ..: D:\Universidad\11vo semestre\APM\Gemelo digital\gemelo\Linea_2_Y_3\u403000000000001-3120-60-30_961952549
! SUMMARY-   
! SUMMARY-  Summary of Unigraphics Part Entities
! SUMMARY-   
! SUMMARY-  Entities Processed             Count
! SUMMARY-  ------------------             -----
! SUMMARY-  Solid/Sheet .................:     1
! SUMMARY-                                 -----
! SUMMARY-  Total                              1
! STATUS-   Creating the UG part (Phase 3 of 3): 12-JUL-2026  12:03:57 PM
! INFO-     Filing Part ..: D:\Universidad\11vo semestre\APM\Gemelo digital\gemelo\Linea_2_Y_3\u403000000000001-3120-60-30_951952548
! SUMMARY-   
! SUMMARY-  Summary of Unigraphics Part Entities
! SUMMARY-   
! SUMMARY-  Entities Processed             Count
! SUMMARY-  ------------------             -----
! SUMMARY-  Solid/Sheet .................:     1
! SUMMARY-                                 -----
! SUMMARY-  Total                              1
! STATUS-   Creating the UG part (Phase 3 of 3): 12-JUL-2026  12:03:58 PM
! INFO-     Filing Part ..: D:\Universidad\11vo semestre\APM\Gemelo digital\gemelo\Linea_2_Y_3\u403000000000001-3120-60-30_941952547
! SUMMARY-   
! SUMMARY-  Summary of Unigraphics Part Entities
! SUMMARY-   
! SUMMARY-  Entities Processed             Count
! SUMMARY-  ------------------             -----
! SUMMARY-  Solid/Sheet .................:     1
! SUMMARY-                                 -----
! SUMMARY-  Total                              1
! STATUS-   Creating the UG part (Phase 3 of 3): 12-JUL-2026  12:03:58 PM
! INFO-     Filing Part ..: D:\Universidad\11vo semestre\APM\Gemelo digital\gemelo\Linea_2_Y_3\u403000000000001-3120-60-30_931952546
! SUMMARY-   
! SUMMARY-  Summary of Unigraphics Part Entities
! SUMMARY-   
! SUMMARY-  Entities Processed             Count
! SUMMARY-  ------------------             -----
! SUMMARY-  Solid/Sheet .................:     1
! SUMMARY-                                 -----
! SUMMARY-  Total                              1
! STATUS-   Creating the UG part (Phase 3 of 3): 12-JUL-2026  12:03:58 PM
! INFO-     Filing Part ..: D:\Universidad\11vo semestre\APM\Gemelo digital\gemelo\Linea_2_Y_3\u403000000000001-3120-60-30_921952545
! SUMMARY-   
! SUMMARY-  Summary of Unigraphics Part Entities
! SUMMARY-   
! SUMMARY-  Entities Processed             Count
! SUMMARY-  ------------------             -----
! SUMMARY-  Solid/Sheet .................:     1
! SUMMARY-                                 -----
! SUMMARY-  Total                              1
! STATUS-   Creating the UG part (Phase 3 of 3): 12-JUL-2026  12:03:58 PM
! INFO-     Filing Part ..: D:\Universidad\11vo semestre\APM\Gemelo digital\gemelo\Linea_2_Y_3\u403000000000001-3120-60-30_911952544
! SUMMARY-   
! SUMMARY-  Summary of Unigraphics Part Entities
! SUMMARY-   
! SUMMARY-  Entities Processed             Count
! SUMMARY-  ------------------             -----
! SUMMARY-  Solid/Sheet .................:     1
! SUMMARY-                                 -----
! SUMMARY-  Total                              1
! STATUS-   Creating the UG part (Phase 3 of 3): 12-JUL-2026  12:03:58 PM
! INFO-     Filing Part ..: D:\Universidad\11vo semestre\APM\Gemelo digital\gemelo\Linea_2_Y_3\u403000000000001-3120-60-30_901952543
! SUMMARY-   
! SUMMARY-  Summary of Unigraphics Part Entities
! SUMMARY-   
! SUMMARY-  Entities Processed             Count
! SUMMARY-  ------------------             -----
! SUMMARY-  Solid/Sheet .................:     1
! SUMMARY-                                 -----
! SUMMARY-  Total                              1
! STATUS-   Creating the UG part (Phase 3 of 3): 12-JUL-2026  12:03:58 PM
! INFO-     Filing Part ..: D:\Universidad\11vo semestre\APM\Gemelo digital\gemelo\Linea_2_Y_3\u403000000000001-3120-60-30_891952542
! SUMMARY-   
! SUMMARY-  Summary of Unigraphics Part Entities
! SUMMARY-   
! SUMMARY-  Entities Processed             Count
! SUMMARY-  ------------------             -----
! SUMMARY-  Solid/Sheet .................:     1
! SUMMARY-                                 -----
! SUMMARY-  Total                              1
! STATUS-   Creating the UG part (Phase 3 of 3): 12-JUL-2026  12:03:58 PM
! INFO-     Filing Part ..: D:\Universidad\11vo semestre\APM\Gemelo digital\gemelo\Linea_2_Y_3\u403000000000001-3120-60-30_881952541
! SUMMARY-   
! SUMMARY-  Summary of Unigraphics Part Entities
! SUMMARY-   
! SUMMARY-  Entities Processed             Count
! SUMMARY-  ------------------             -----
! SUMMARY-  Solid/Sheet .................:     1
! SUMMARY-                                 -----
! SUMMARY-  Total                              1
! STATUS-   Creating the UG part (Phase 3 of 3): 12-JUL-2026  12:03:58 PM
! INFO-     Filing Part ..: D:\Universidad\11vo semestre\APM\Gemelo digital\gemelo\Linea_2_Y_3\u403000000000001-3120-60-30_871952540
! SUMMARY-   
! SUMMARY-  Summary of Unigraphics Part Entities
! SUMMARY-   
! SUMMARY-  Entities Processed             Count
! SUMMARY-  ------------------             -----
! SUMMARY-  Solid/Sheet .................:     1
! SUMMARY-                                 -----
! SUMMARY-  Total                              1
! STATUS-   Creating the UG part (Phase 3 of 3): 12-JUL-2026  12:03:58 PM
! INFO-     Filing Part ..: D:\Universidad\11vo semestre\APM\Gemelo digital\gemelo\Linea_2_Y_3\u403000000000001-3120-60-30_861952539
! SUMMARY-   
! SUMMARY-  Summary of Unigraphics Part Entities
! SUMMARY-   
! SUMMARY-  Entities Processed             Count
! SUMMARY-  ------------------             -----
! SUMMARY-  Solid/Sheet .................:     1
! SUMMARY-                                 -----
! SUMMARY-  Total                              1
! STATUS-   Creating the UG part (Phase 3 of 3): 12-JUL-2026  12:03:58 PM
! INFO-     Filing Part ..: D:\Universidad\11vo semestre\APM\Gemelo digital\gemelo\Linea_2_Y_3\u403000000000001-3120-60-30_851952538
! SUMMARY-   
! SUMMARY-  Summary of Unigraphics Part Entities
! SUMMARY-   
! SUMMARY-  Entities Processed             Count
! SUMMARY-  ------------------             -----
! SUMMARY-  Solid/Sheet .................:     1
! SUMMARY-                                 -----
! SUMMARY-  Total                              1
! STATUS-   Creating the UG part (Phase 3 of 3): 12-JUL-2026  12:03:59 PM
! INFO-     Filing Part ..: D:\Universidad\11vo semestre\APM\Gemelo digital\gemelo\Linea_2_Y_3\u403000000000001-3120-60-30_841952537
! SUMMARY-   
! SUMMARY-  Summary of Unigraphics Part Entities
! SUMMARY-   
! SUMMARY-  Entities Processed             Count
! SUMMARY-  ------------------             -----
! SUMMARY-  Solid/Sheet .................:     1
! SUMMARY-                                 -----
! SUMMARY-  Total                              1
! STATUS-   Creating the UG part (Phase 3 of 3): 12-JUL-2026  12:03:59 PM
! INFO-     Filing Part ..: D:\Universidad\11vo semestre\APM\Gemelo digital\gemelo\Linea_2_Y_3\u403000000000001-3120-60-30_831952536
! SUMMARY-   
! SUMMARY-  Summary of Unigraphics Part Entities
! SUMMARY-   
! SUMMARY-  Entities Processed             Count
! SUMMARY-  ------------------             -----
! SUMMARY-  Solid/Sheet .................:     1
! SUMMARY-                                 -----
! SUMMARY-  Total                              1
! STATUS-   Creating the UG part (Phase 3 of 3): 12-JUL-2026  12:03:59 PM
! INFO-     Filing Part ..: D:\Universidad\11vo semestre\APM\Gemelo digital\gemelo\Linea_2_Y_3\u403000000000001-3120-60-30_821952535
! SUMMARY-   
! SUMMARY-  Summary of Unigraphics Part Entities
! SUMMARY-   
! SUMMARY-  Entities Processed             Count
! SUMMARY-  ------------------             -----
! SUMMARY-  Solid/Sheet .................:     1
! SUMMARY-                                 -----
! SUMMARY-  Total                              1
! STATUS-   Creating the UG part (Phase 3 of 3): 12-JUL-2026  12:03:59 PM
! INFO-     Filing Part ..: D:\Universidad\11vo semestre\APM\Gemelo digital\gemelo\Linea_2_Y_3\u403000000000001-3120-60-30_811952534
! SUMMARY-   
! SUMMARY-  Summary of Unigraphics Part Entities
! SUMMARY-   
! SUMMARY-  Entities Processed             Count
! SUMMARY-  ------------------             -----
! SUMMARY-  Solid/Sheet .................:     1
! SUMMARY-                                 -----
! SUMMARY-  Total                              1
! STATUS-   Creating the UG part (Phase 3 of 3): 12-JUL-2026  12:03:59 PM
! INFO-     Filing Part ..: D:\Universidad\11vo semestre\APM\Gemelo digital\gemelo\Linea_2_Y_3\u403000000000001-3120-60-30_801952533
! SUMMARY-   
! SUMMARY-  Summary of Unigraphics Part Entities
! SUMMARY-   
! SUMMARY-  Entities Processed             Count
! SUMMARY-  ------------------             -----
! SUMMARY-  Solid/Sheet .................:     1
! SUMMARY-                                 -----
! SUMMARY-  Total                              1
! STATUS-   Creating the UG part (Phase 3 of 3): 12-JUL-2026  12:03:59 PM
! INFO-     Filing Part ..: D:\Universidad\11vo semestre\APM\Gemelo digital\gemelo\Linea_2_Y_3\u403000000000001-3120-60-30_791952532
! SUMMARY-   
! SUMMARY-  Summary of Unigraphics Part Entities
! SUMMARY-   
! SUMMARY-  Entities Processed             Count
! SUMMARY-  ------------------             -----
! SUMMARY-  Solid/Sheet .................:     1
! SUMMARY-                                 -----
! SUMMARY-  Total                              1
! STATUS-   Creating the UG part (Phase 3 of 3): 12-JUL-2026  12:03:59 PM
! INFO-     Filing Part ..: D:\Universidad\11vo semestre\APM\Gemelo digital\gemelo\Linea_2_Y_3\u403000000000001-3120-60-30_781952531
! SUMMARY-   
! SUMMARY-  Summary of Unigraphics Part Entities
! SUMMARY-   
! SUMMARY-  Entities Processed             Count
! SUMMARY-  ------------------             -----
! SUMMARY-  Solid/Sheet .................:     1
! SUMMARY-                                 -----
! SUMMARY-  Total                              1
! STATUS-   Creating the UG part (Phase 3 of 3): 12-JUL-2026  12:03:59 PM
! INFO-     Filing Part ..: D:\Universidad\11vo semestre\APM\Gemelo digital\gemelo\Linea_2_Y_3\u403000000000001-3120-60-30_771952530
! SUMMARY-   
! SUMMARY-  Summary of Unigraphics Part Entities
! SUMMARY-   
! SUMMARY-  Entities Processed             Count
! SUMMARY-  ------------------             -----
! SUMMARY-  Solid/Sheet .................:     1
! SUMMARY-                                 -----
! SUMMARY-  Total                              1
! STATUS-   Creating the UG part (Phase 3 of 3): 12-JUL-2026  12:03:59 PM
! INFO-     Filing Part ..: D:\Universidad\11vo semestre\APM\Gemelo digital\gemelo\Linea_2_Y_3\u403000000000001-3120-60-30_761952529
! SUMMARY-   
! SUMMARY-  Summary of Unigraphics Part Entities
! SUMMARY-   
! SUMMARY-  Entities Processed             Count
! SUMMARY-  ------------------             -----
! SUMMARY-  Solid/Sheet .................:     1
! SUMMARY-                                 -----
! SUMMARY-  Total                              1
! STATUS-   Creating the UG part (Phase 3 of 3): 12-JUL-2026  12:03:59 PM
! INFO-     Filing Part ..: D:\Universidad\11vo semestre\APM\Gemelo digital\gemelo\Linea_2_Y_3\u403000000000001-3120-60-30_751952528
! SUMMARY-   
! SUMMARY-  Summary of Unigraphics Part Entities
! SUMMARY-   
! SUMMARY-  Entities Processed             Count
! SUMMARY-  ------------------             -----
! SUMMARY-  Solid/Sheet .................:     1
! SUMMARY-                                 -----
! SUMMARY-  Total                              1
! STATUS-   Creating the UG part (Phase 3 of 3): 12-JUL-2026  12:04:00 PM
! INFO-     Filing Part ..: D:\Universidad\11vo semestre\APM\Gemelo digital\gemelo\Linea_2_Y_3\u403000000000001-3120-60-30_741952527
! SUMMARY-   
! SUMMARY-  Summary of Unigraphics Part Entities
! SUMMARY-   
! SUMMARY-  Entities Processed             Count
! SUMMARY-  ------------------             -----
! SUMMARY-  Solid/Sheet .................:     1
! SUMMARY-                                 -----
! SUMMARY-  Total                              1
! STATUS-   Creating the UG part (Phase 3 of 3): 12-JUL-2026  12:04:00 PM
! INFO-     Filing Part ..: D:\Universidad\11vo semestre\APM\Gemelo digital\gemelo\Linea_2_Y_3\u403000000000001-3120-60-30_731952526
! SUMMARY-   
! SUMMARY-  Summary of Unigraphics Part Entities
! SUMMARY-   
! SUMMARY-  Entities Processed             Count
! SUMMARY-  ------------------             -----
! SUMMARY-  Solid/Sheet .................:     1
! SUMMARY-                                 -----
! SUMMARY-  Total                              1
! STATUS-   Creating the UG part (Phase 3 of 3): 12-JUL-2026  12:04:00 PM
! INFO-     Filing Part ..: D:\Universidad\11vo semestre\APM\Gemelo digital\gemelo\Linea_2_Y_3\u403000000000001-3120-60-30_721952525
! SUMMARY-   
! SUMMARY-  Summary of Unigraphics Part Entities
! SUMMARY-   
! SUMMARY-  Entities Processed             Count
! SUMMARY-  ------------------             -----
! SUMMARY-  Solid/Sheet .................:     1
! SUMMARY-                                 -----
! SUMMARY-  Total                              1
! STATUS-   Creating the UG part (Phase 3 of 3): 12-JUL-2026  12:04:00 PM
! INFO-     Filing Part ..: D:\Universidad\11vo semestre\APM\Gemelo digital\gemelo\Linea_2_Y_3\u403000000000001-3120-60-30_711952524
! SUMMARY-   
! SUMMARY-  Summary of Unigraphics Part Entities
! SUMMARY-   
! SUMMARY-  Entities Processed             Count
! SUMMARY-  ------------------             -----
! SUMMARY-  Solid/Sheet .................:     1
! SUMMARY-                                 -----
! SUMMARY-  Total                              1
! STATUS-   Creating the UG part (Phase 3 of 3): 12-JUL-2026  12:04:00 PM
! INFO-     Filing Part ..: D:\Universidad\11vo semestre\APM\Gemelo digital\gemelo\Linea_2_Y_3\u403000000000001-3120-60-30_701952523
! SUMMARY-   
! SUMMARY-  Summary of Unigraphics Part Entities
! SUMMARY-   
! SUMMARY-  Entities Processed             Count
! SUMMARY-  ------------------             -----
! SUMMARY-  Solid/Sheet .................:     1
! SUMMARY-                                 -----
! SUMMARY-  Total                              1
! STATUS-   Creating the UG part (Phase 3 of 3): 12-JUL-2026  12:04:00 PM
! INFO-     Filing Part ..: D:\Universidad\11vo semestre\APM\Gemelo digital\gemelo\Linea_2_Y_3\u403000000000001-3120-60-30_691952522
! SUMMARY-   
! SUMMARY-  Summary of Unigraphics Part Entities
! SUMMARY-   
! SUMMARY-  Entities Processed             Count
! SUMMARY-  ------------------             -----
! SUMMARY-  Solid/Sheet .................:     1
! SUMMARY-                                 -----
! SUMMARY-  Total                              1
! STATUS-   Creating the UG part (Phase 3 of 3): 12-JUL-2026  12:04:00 PM
! INFO-     Filing Part ..: D:\Universidad\11vo semestre\APM\Gemelo digital\gemelo\Linea_2_Y_3\u403000000000001-3120-60-30_681952521
! SUMMARY-   
! SUMMARY-  Summary of Unigraphics Part Entities
! SUMMARY-   
! SUMMARY-  Entities Processed             Count
! SUMMARY-  ------------------             -----
! SUMMARY-  Solid/Sheet .................:     1
! SUMMARY-                                 -----
! SUMMARY-  Total                              1
! STATUS-   Creating the UG part (Phase 3 of 3): 12-JUL-2026  12:04:00 PM
! INFO-     Filing Part ..: D:\Universidad\11vo semestre\APM\Gemelo digital\gemelo\Linea_2_Y_3\u403000000000001-3120-60-30_671952520
! SUMMARY-   
! SUMMARY-  Summary of Unigraphics Part Entities
! SUMMARY-   
! SUMMARY-  Entities Processed             Count
! SUMMARY-  ------------------             -----
! SUMMARY-  Solid/Sheet .................:     1
! SUMMARY-                                 -----
! SUMMARY-  Total                              1
! STATUS-   Creating the UG part (Phase 3 of 3): 12-JUL-2026  12:04:00 PM
! INFO-     Filing Part ..: D:\Universidad\11vo semestre\APM\Gemelo digital\gemelo\Linea_2_Y_3\u403000000000001-3120-60-30_661952519
! SUMMARY-   
! SUMMARY-  Summary of Unigraphics Part Entities
! SUMMARY-   
! SUMMARY-  Entities Processed             Count
! SUMMARY-  ------------------             -----
! SUMMARY-  Solid/Sheet .................:     1
! SUMMARY-                                 -----
! SUMMARY-  Total                              1
! STATUS-   Creating the UG part (Phase 3 of 3): 12-JUL-2026  12:04:00 PM
! INFO-     Filing Part ..: D:\Universidad\11vo semestre\APM\Gemelo digital\gemelo\Linea_2_Y_3\u403000000000001-3120-60-30_651952518
! SUMMARY-   
! SUMMARY-  Summary of Unigraphics Part Entities
! SUMMARY-   
! SUMMARY-  Entities Processed             Count
! SUMMARY-  ------------------             -----
! SUMMARY-  Solid/Sheet .................:     1
! SUMMARY-                                 -----
! SUMMARY-  Total                              1
! STATUS-   Creating the UG part (Phase 3 of 3): 12-JUL-2026  12:04:03 PM
! INFO-     Filing Part ..: D:\Universidad\11vo semestre\APM\Gemelo digital\gemelo\Linea_2_Y_3\u403000000000001-3120-60-30_641952517
! SUMMARY-   
! SUMMARY-  Summary of Unigraphics Part Entities
! SUMMARY-   
! SUMMARY-  Entities Processed             Count
! SUMMARY-  ------------------             -----
! SUMMARY-  Solid/Sheet .................:     1
! SUMMARY-                                 -----
! SUMMARY-  Total                              1
! STATUS-   Creating the UG part (Phase 3 of 3): 12-JUL-2026  12:04:03 PM
! INFO-     Filing Part ..: D:\Universidad\11vo semestre\APM\Gemelo digital\gemelo\Linea_2_Y_3\u403000000000001-3120-60-30_631952516
! SUMMARY-   
! SUMMARY-  Summary of Unigraphics Part Entities
! SUMMARY-   
! SUMMARY-  Entities Processed             Count
! SUMMARY-  ------------------             -----
! SUMMARY-  Solid/Sheet .................:     1
! SUMMARY-                                 -----
! SUMMARY-  Total                              1
! STATUS-   Creating the UG part (Phase 3 of 3): 12-JUL-2026  12:04:03 PM
! INFO-     Filing Part ..: D:\Universidad\11vo semestre\APM\Gemelo digital\gemelo\Linea_2_Y_3\u403000000000001-3120-60-30_621952515
! SUMMARY-   
! SUMMARY-  Summary of Unigraphics Part Entities
! SUMMARY-   
! SUMMARY-  Entities Processed             Count
! SUMMARY-  ------------------             -----
! SUMMARY-  Solid/Sheet .................:     1
! SUMMARY-                                 -----
! SUMMARY-  Total                              1
! STATUS-   Creating the UG part (Phase 3 of 3): 12-JUL-2026  12:04:03 PM
! INFO-     Filing Part ..: D:\Universidad\11vo semestre\APM\Gemelo digital\gemelo\Linea_2_Y_3\u403000000000001-3120-60-30_611952514
! SUMMARY-   
! SUMMARY-  Summary of Unigraphics Part Entities
! SUMMARY-   
! SUMMARY-  Entities Processed             Count
! SUMMARY-  ------------------             -----
! SUMMARY-  Solid/Sheet .................:     1
! SUMMARY-                                 -----
! SUMMARY-  Total                              1
! STATUS-   Creating the UG part (Phase 3 of 3): 12-JUL-2026  12:04:03 PM
! INFO-     Filing Part ..: D:\Universidad\11vo semestre\APM\Gemelo digital\gemelo\Linea_2_Y_3\u403000000000001-3120-60-30_601952513
! SUMMARY-   
! SUMMARY-  Summary of Unigraphics Part Entities
! SUMMARY-   
! SUMMARY-  Entities Processed             Count
! SUMMARY-  ------------------             -----
! SUMMARY-  Solid/Sheet .................:     1
! SUMMARY-                                 -----
! SUMMARY-  Total                              1
! STATUS-   Creating the UG part (Phase 3 of 3): 12-JUL-2026  12:04:03 PM
! INFO-     Filing Part ..: D:\Universidad\11vo semestre\APM\Gemelo digital\gemelo\Linea_2_Y_3\u403000000000001-3120-60-30_591952512
! SUMMARY-   
! SUMMARY-  Summary of Unigraphics Part Entities
! SUMMARY-   
! SUMMARY-  Entities Processed             Count
! SUMMARY-  ------------------             -----
! SUMMARY-  Solid/Sheet .................:     1
! SUMMARY-                                 -----
! SUMMARY-  Total                              1
! STATUS-   Creating the UG part (Phase 3 of 3): 12-JUL-2026  12:04:06 PM
! INFO-     Filing Part ..: D:\Universidad\11vo semestre\APM\Gemelo digital\gemelo\Linea_2_Y_3\u403000000000001-3120-60-30_581952511
! SUMMARY-   
! SUMMARY-  Summary of Unigraphics Part Entities
! SUMMARY-   
! SUMMARY-  Entities Processed             Count
! SUMMARY-  ------------------             -----
! SUMMARY-  Solid/Sheet .................:     1
! SUMMARY-                                 -----
! SUMMARY-  Total                              1
! STATUS-   Creating the UG part (Phase 3 of 3): 12-JUL-2026  12:04:06 PM
! INFO-     Filing Part ..: D:\Universidad\11vo semestre\APM\Gemelo digital\gemelo\Linea_2_Y_3\u403000000000001-3120-60-30_571952510
! SUMMARY-   
! SUMMARY-  Summary of Unigraphics Part Entities
! SUMMARY-   
! SUMMARY-  Entities Processed             Count
! SUMMARY-  ------------------             -----
! SUMMARY-  Solid/Sheet .................:     1
! SUMMARY-                                 -----
! SUMMARY-  Total                              1
! STATUS-   Creating the UG part (Phase 3 of 3): 12-JUL-2026  12:04:06 PM
! INFO-     Filing Part ..: D:\Universidad\11vo semestre\APM\Gemelo digital\gemelo\Linea_2_Y_3\u403000000000001-3120-60-30_561952509
! SUMMARY-   
! SUMMARY-  Summary of Unigraphics Part Entities
! SUMMARY-   
! SUMMARY-  Entities Processed             Count
! SUMMARY-  ------------------             -----
! SUMMARY-  Solid/Sheet .................:     1
! SUMMARY-                                 -----
! SUMMARY-  Total                              1
! STATUS-   Creating the UG part (Phase 3 of 3): 12-JUL-2026  12:04:06 PM
! INFO-     Filing Part ..: D:\Universidad\11vo semestre\APM\Gemelo digital\gemelo\Linea_2_Y_3\u403000000000001-3120-60-30_551952508
! SUMMARY-   
! SUMMARY-  Summary of Unigraphics Part Entities
! SUMMARY-   
! SUMMARY-  Entities Processed             Count
! SUMMARY-  ------------------             -----
! SUMMARY-  Solid/Sheet .................:     1
! SUMMARY-                                 -----
! SUMMARY-  Total                              1
! STATUS-   Creating the UG part (Phase 3 of 3): 12-JUL-2026  12:04:06 PM
! INFO-     Filing Part ..: D:\Universidad\11vo semestre\APM\Gemelo digital\gemelo\Linea_2_Y_3\u403000000000001-3120-60-30_541952507
! SUMMARY-   
! SUMMARY-  Summary of Unigraphics Part Entities
! SUMMARY-   
! SUMMARY-  Entities Processed             Count
! SUMMARY-  ------------------             -----
! SUMMARY-  Solid/Sheet .................:     1
! SUMMARY-                                 -----
! SUMMARY-  Total                              1
! STATUS-   Creating the UG part (Phase 3 of 3): 12-JUL-2026  12:04:06 PM
! INFO-     Filing Part ..: D:\Universidad\11vo semestre\APM\Gemelo digital\gemelo\Linea_2_Y_3\u403000000000001-3120-60-30_531952506
! SUMMARY-   
! SUMMARY-  Summary of Unigraphics Part Entities
! SUMMARY-   
! SUMMARY-  Entities Processed             Count
! SUMMARY-  ------------------             -----
! SUMMARY-  Solid/Sheet .................:     1
! SUMMARY-                                 -----
! SUMMARY-  Total                              1
! STATUS-   Creating the UG part (Phase 3 of 3): 12-JUL-2026  12:04:07 PM
! INFO-     Filing Part ..: D:\Universidad\11vo semestre\APM\Gemelo digital\gemelo\Linea_2_Y_3\u403000000000001-3120-60-30_521952505
! SUMMARY-   
! SUMMARY-  Summary of Unigraphics Part Entities
! SUMMARY-   
! SUMMARY-  Entities Processed             Count
! SUMMARY-  ------------------             -----
! SUMMARY-  Solid/Sheet .................:     1
! SUMMARY-                                 -----
! SUMMARY-  Total                              1
! STATUS-   Creating the UG part (Phase 3 of 3): 12-JUL-2026  12:04:07 PM
! INFO-     Filing Part ..: D:\Universidad\11vo semestre\APM\Gemelo digital\gemelo\Linea_2_Y_3\u403000000000001-3120-60-30_511952504
! SUMMARY-   
! SUMMARY-  Summary of Unigraphics Part Entities
! SUMMARY-   
! SUMMARY-  Entities Processed             Count
! SUMMARY-  ------------------             -----
! SUMMARY-  Solid/Sheet .................:     1
! SUMMARY-                                 -----
! SUMMARY-  Total                              1
! STATUS-   Creating the UG part (Phase 3 of 3): 12-JUL-2026  12:04:07 PM
! INFO-     Filing Part ..: D:\Universidad\11vo semestre\APM\Gemelo digital\gemelo\Linea_2_Y_3\u403000000000001-3120-60-30_501952503
! SUMMARY-   
! SUMMARY-  Summary of Unigraphics Part Entities
! SUMMARY-   
! SUMMARY-  Entities Processed             Count
! SUMMARY-  ------------------             -----
! SUMMARY-  Solid/Sheet .................:     1
! SUMMARY-                                 -----
! SUMMARY-  Total                              1
! STATUS-   Creating the UG part (Phase 3 of 3): 12-JUL-2026  12:04:07 PM
! INFO-     Filing Part ..: D:\Universidad\11vo semestre\APM\Gemelo digital\gemelo\Linea_2_Y_3\u403000000000001-3120-60-30_491952502
! SUMMARY-   
! SUMMARY-  Summary of Unigraphics Part Entities
! SUMMARY-   
! SUMMARY-  Entities Processed             Count
! SUMMARY-  ------------------             -----
! SUMMARY-  Solid/Sheet .................:     1
! SUMMARY-                                 -----
! SUMMARY-  Total                              1
! STATUS-   Creating the UG part (Phase 3 of 3): 12-JUL-2026  12:04:07 PM
! INFO-     Filing Part ..: D:\Universidad\11vo semestre\APM\Gemelo digital\gemelo\Linea_2_Y_3\u403000000000001-3120-60-30_481952501
! SUMMARY-   
! SUMMARY-  Summary of Unigraphics Part Entities
! SUMMARY-   
! SUMMARY-  Entities Processed             Count
! SUMMARY-  ------------------             -----
! SUMMARY-  Solid/Sheet .................:     1
! SUMMARY-                                 -----
! SUMMARY-  Total                              1
! STATUS-   Creating the UG part (Phase 3 of 3): 12-JUL-2026  12:04:07 PM
! INFO-     Filing Part ..: D:\Universidad\11vo semestre\APM\Gemelo digital\gemelo\Linea_2_Y_3\u403000000000001-3120-60-30_471952500
! SUMMARY-   
! SUMMARY-  Summary of Unigraphics Part Entities
! SUMMARY-   
! SUMMARY-  Entities Processed             Count
! SUMMARY-  ------------------             -----
! SUMMARY-  Solid/Sheet .................:     1
! SUMMARY-                                 -----
! SUMMARY-  Total                              1
! STATUS-   Creating the UG part (Phase 3 of 3): 12-JUL-2026  12:04:07 PM
! INFO-     Filing Part ..: D:\Universidad\11vo semestre\APM\Gemelo digital\gemelo\Linea_2_Y_3\u403000000000001-3120-60-30_461952499
! SUMMARY-   
! SUMMARY-  Summary of Unigraphics Part Entities
! SUMMARY-   
! SUMMARY-  Entities Processed             Count
! SUMMARY-  ------------------             -----
! SUMMARY-  Solid/Sheet .................:     1
! SUMMARY-                                 -----
! SUMMARY-  Total                              1
! STATUS-   Creating the UG part (Phase 3 of 3): 12-JUL-2026  12:04:07 PM
! INFO-     Filing Part ..: D:\Universidad\11vo semestre\APM\Gemelo digital\gemelo\Linea_2_Y_3\u403000000000001-3120-60-30_451952498
! SUMMARY-   
! SUMMARY-  Summary of Unigraphics Part Entities
! SUMMARY-   
! SUMMARY-  Entities Processed             Count
! SUMMARY-  ------------------             -----
! SUMMARY-  Solid/Sheet .................:     1
! SUMMARY-                                 -----
! SUMMARY-  Total                              1
! STATUS-   Creating the UG part (Phase 3 of 3): 12-JUL-2026  12:04:07 PM
! INFO-     Filing Part ..: D:\Universidad\11vo semestre\APM\Gemelo digital\gemelo\Linea_2_Y_3\u403000000000001-3120-60-30_441952497
! SUMMARY-   
! SUMMARY-  Summary of Unigraphics Part Entities
! SUMMARY-   
! SUMMARY-  Entities Processed             Count
! SUMMARY-  ------------------             -----
! SUMMARY-  Solid/Sheet .................:     1
! SUMMARY-                                 -----
! SUMMARY-  Total                              1
! STATUS-   Creating the UG part (Phase 3 of 3): 12-JUL-2026  12:04:08 PM
! INFO-     Filing Part ..: D:\Universidad\11vo semestre\APM\Gemelo digital\gemelo\Linea_2_Y_3\u403000000000001-3120-60-30_431952496
! SUMMARY-   
! SUMMARY-  Summary of Unigraphics Part Entities
! SUMMARY-   
! SUMMARY-  Entities Processed             Count
! SUMMARY-  ------------------             -----
! SUMMARY-  Solid/Sheet .................:     1
! SUMMARY-                                 -----
! SUMMARY-  Total                              1
! STATUS-   Creating the UG part (Phase 3 of 3): 12-JUL-2026  12:04:08 PM
! INFO-     Filing Part ..: D:\Universidad\11vo semestre\APM\Gemelo digital\gemelo\Linea_2_Y_3\u403000000000001-3120-60-30_421952495
! SUMMARY-   
! SUMMARY-  Summary of Unigraphics Part Entities
! SUMMARY-   
! SUMMARY-  Entities Processed             Count
! SUMMARY-  ------------------             -----
! SUMMARY-  Solid/Sheet .................:     1
! SUMMARY-                                 -----
! SUMMARY-  Total                              1
! STATUS-   Creating the UG part (Phase 3 of 3): 12-JUL-2026  12:04:08 PM
! INFO-     Filing Part ..: D:\Universidad\11vo semestre\APM\Gemelo digital\gemelo\Linea_2_Y_3\u403000000000001-3120-60-30_411952494
! SUMMARY-   
! SUMMARY-  Summary of Unigraphics Part Entities
! SUMMARY-   
! SUMMARY-  Entities Processed             Count
! SUMMARY-  ------------------             -----
! SUMMARY-  Solid/Sheet .................:     1
! SUMMARY-                                 -----
! SUMMARY-  Total                              1
! STATUS-   Creating the UG part (Phase 3 of 3): 12-JUL-2026  12:04:08 PM
! INFO-     Filing Part ..: D:\Universidad\11vo semestre\APM\Gemelo digital\gemelo\Linea_2_Y_3\u403000000000001-3120-60-30_401952493
! SUMMARY-   
! SUMMARY-  Summary of Unigraphics Part Entities
! SUMMARY-   
! SUMMARY-  Entities Processed             Count
! SUMMARY-  ------------------             -----
! SUMMARY-  Solid/Sheet .................:     1
! SUMMARY-                                 -----
! SUMMARY-  Total                              1
! STATUS-   Creating the UG part (Phase 3 of 3): 12-JUL-2026  12:04:08 PM
! INFO-     Filing Part ..: D:\Universidad\11vo semestre\APM\Gemelo digital\gemelo\Linea_2_Y_3\u403000000000001-3120-60-30_391952492
! SUMMARY-   
! SUMMARY-  Summary of Unigraphics Part Entities
! SUMMARY-   
! SUMMARY-  Entities Processed             Count
! SUMMARY-  ------------------             -----
! SUMMARY-  Solid/Sheet .................:     1
! SUMMARY-                                 -----
! SUMMARY-  Total                              1
! STATUS-   Creating the UG part (Phase 3 of 3): 12-JUL-2026  12:04:08 PM
! INFO-     Filing Part ..: D:\Universidad\11vo semestre\APM\Gemelo digital\gemelo\Linea_2_Y_3\u403000000000001-3120-60-30_381952491
! SUMMARY-   
! SUMMARY-  Summary of Unigraphics Part Entities
! SUMMARY-   
! SUMMARY-  Entities Processed             Count
! SUMMARY-  ------------------             -----
! SUMMARY-  Solid/Sheet .................:     1
! SUMMARY-                                 -----
! SUMMARY-  Total                              1
! STATUS-   Creating the UG part (Phase 3 of 3): 12-JUL-2026  12:04:08 PM
! INFO-     Filing Part ..: D:\Universidad\11vo semestre\APM\Gemelo digital\gemelo\Linea_2_Y_3\u403000000000001-3120-60-30_371952490
! SUMMARY-   
! SUMMARY-  Summary of Unigraphics Part Entities
! SUMMARY-   
! SUMMARY-  Entities Processed             Count
! SUMMARY-  ------------------             -----
! SUMMARY-  Solid/Sheet .................:     1
! SUMMARY-                                 -----
! SUMMARY-  Total                              1
! STATUS-   Creating the UG part (Phase 3 of 3): 12-JUL-2026  12:04:08 PM
! INFO-     Filing Part ..: D:\Universidad\11vo semestre\APM\Gemelo digital\gemelo\Linea_2_Y_3\u403000000000001-3120-60-30_361952489
! SUMMARY-   
! SUMMARY-  Summary of Unigraphics Part Entities
! SUMMARY-   
! SUMMARY-  Entities Processed             Count
! SUMMARY-  ------------------             -----
! SUMMARY-  Solid/Sheet .................:     1
! SUMMARY-                                 -----
! SUMMARY-  Total                              1
! STATUS-   Creating the UG part (Phase 3 of 3): 12-JUL-2026  12:04:08 PM
! INFO-     Filing Part ..: D:\Universidad\11vo semestre\APM\Gemelo digital\gemelo\Linea_2_Y_3\u403000000000001-3120-60-30_351952488
! SUMMARY-   
! SUMMARY-  Summary of Unigraphics Part Entities
! SUMMARY-   
! SUMMARY-  Entities Processed             Count
! SUMMARY-  ------------------             -----
! SUMMARY-  Solid/Sheet .................:     1
! SUMMARY-                                 -----
! SUMMARY-  Total                              1
! STATUS-   Creating the UG part (Phase 3 of 3): 12-JUL-2026  12:04:09 PM
! INFO-     Filing Part ..: D:\Universidad\11vo semestre\APM\Gemelo digital\gemelo\Linea_2_Y_3\u403000000000001-3120-60-30_341952487
! SUMMARY-   
! SUMMARY-  Summary of Unigraphics Part Entities
! SUMMARY-   
! SUMMARY-  Entities Processed             Count
! SUMMARY-  ------------------             -----
! SUMMARY-  Solid/Sheet .................:     1
! SUMMARY-                                 -----
! SUMMARY-  Total                              1
! STATUS-   Creating the UG part (Phase 3 of 3): 12-JUL-2026  12:04:09 PM
! INFO-     Filing Part ..: D:\Universidad\11vo semestre\APM\Gemelo digital\gemelo\Linea_2_Y_3\u403000000000001-3120-60-30_331952486
! SUMMARY-   
! SUMMARY-  Summary of Unigraphics Part Entities
! SUMMARY-   
! SUMMARY-  Entities Processed             Count
! SUMMARY-  ------------------             -----
! SUMMARY-  Solid/Sheet .................:     1
! SUMMARY-                                 -----
! SUMMARY-  Total                              1
! STATUS-   Creating the UG part (Phase 3 of 3): 12-JUL-2026  12:04:09 PM
! INFO-     Filing Part ..: D:\Universidad\11vo semestre\APM\Gemelo digital\gemelo\Linea_2_Y_3\u403000000000001-3120-60-30_321952485
! SUMMARY-   
! SUMMARY-  Summary of Unigraphics Part Entities
! SUMMARY-   
! SUMMARY-  Entities Processed             Count
! SUMMARY-  ------------------             -----
! SUMMARY-  Solid/Sheet .................:     1
! SUMMARY-                                 -----
! SUMMARY-  Total                              1
! STATUS-   Creating the UG part (Phase 3 of 3): 12-JUL-2026  12:04:09 PM
! INFO-     Filing Part ..: D:\Universidad\11vo semestre\APM\Gemelo digital\gemelo\Linea_2_Y_3\u403000000000001-3120-60-30_311952484
! SUMMARY-   
! SUMMARY-  Summary of Unigraphics Part Entities
! SUMMARY-   
! SUMMARY-  Entities Processed             Count
! SUMMARY-  ------------------             -----
! SUMMARY-  Solid/Sheet .................:     1
! SUMMARY-                                 -----
! SUMMARY-  Total                              1
! STATUS-   Creating the UG part (Phase 3 of 3): 12-JUL-2026  12:04:09 PM
! INFO-     Filing Part ..: D:\Universidad\11vo semestre\APM\Gemelo digital\gemelo\Linea_2_Y_3\u403000000000001-3120-60-30_301952483
! SUMMARY-   
! SUMMARY-  Summary of Unigraphics Part Entities
! SUMMARY-   
! SUMMARY-  Entities Processed             Count
! SUMMARY-  ------------------             -----
! SUMMARY-  Solid/Sheet .................:     1
! SUMMARY-                                 -----
! SUMMARY-  Total                              1
! STATUS-   Creating the UG part (Phase 3 of 3): 12-JUL-2026  12:04:09 PM
! INFO-     Filing Part ..: D:\Universidad\11vo semestre\APM\Gemelo digital\gemelo\Linea_2_Y_3\u403000000000001-3120-60-30_291952482
! SUMMARY-   
! SUMMARY-  Summary of Unigraphics Part Entities
! SUMMARY-   
! SUMMARY-  Entities Processed             Count
! SUMMARY-  ------------------             -----
! SUMMARY-  Solid/Sheet .................:     1
! SUMMARY-                                 -----
! SUMMARY-  Total                              1
! STATUS-   Creating the UG part (Phase 3 of 3): 12-JUL-2026  12:04:09 PM
! INFO-     Filing Part ..: D:\Universidad\11vo semestre\APM\Gemelo digital\gemelo\Linea_2_Y_3\u403000000000001-3120-60-30_281952481
! SUMMARY-   
! SUMMARY-  Summary of Unigraphics Part Entities
! SUMMARY-   
! SUMMARY-  Entities Processed             Count
! SUMMARY-  ------------------             -----
! SUMMARY-  Solid/Sheet .................:     1
! SUMMARY-                                 -----
! SUMMARY-  Total                              1
! STATUS-   Creating the UG part (Phase 3 of 3): 12-JUL-2026  12:04:09 PM
! INFO-     Filing Part ..: D:\Universidad\11vo semestre\APM\Gemelo digital\gemelo\Linea_2_Y_3\u403000000000001-3120-60-30_271952480
! SUMMARY-   
! SUMMARY-  Summary of Unigraphics Part Entities
! SUMMARY-   
! SUMMARY-  Entities Processed             Count
! SUMMARY-  ------------------             -----
! SUMMARY-  Solid/Sheet .................:     1
! SUMMARY-                                 -----
! SUMMARY-  Total                              1
! STATUS-   Creating the UG part (Phase 3 of 3): 12-JUL-2026  12:04:10 PM
! INFO-     Filing Part ..: D:\Universidad\11vo semestre\APM\Gemelo digital\gemelo\Linea_2_Y_3\u403000000000001-3120-60-30_261952479
! SUMMARY-   
! SUMMARY-  Summary of Unigraphics Part Entities
! SUMMARY-   
! SUMMARY-  Entities Processed             Count
! SUMMARY-  ------------------             -----
! SUMMARY-  Solid/Sheet .................:     1
! SUMMARY-                                 -----
! SUMMARY-  Total                              1
! STATUS-   Creating the UG part (Phase 3 of 3): 12-JUL-2026  12:04:10 PM
! INFO-     Filing Part ..: D:\Universidad\11vo semestre\APM\Gemelo digital\gemelo\Linea_2_Y_3\u403000000000001-3120-60-30_251952478
! SUMMARY-   
! SUMMARY-  Summary of Unigraphics Part Entities
! SUMMARY-   
! SUMMARY-  Entities Processed             Count
! SUMMARY-  ------------------             -----
! SUMMARY-  Solid/Sheet .................:     1
! SUMMARY-                                 -----
! SUMMARY-  Total                              1
! STATUS-   Creating the UG part (Phase 3 of 3): 12-JUL-2026  12:04:10 PM
! INFO-     Filing Part ..: D:\Universidad\11vo semestre\APM\Gemelo digital\gemelo\Linea_2_Y_3\u403000000000001-3120-60-30_241952477
! SUMMARY-   
! SUMMARY-  Summary of Unigraphics Part Entities
! SUMMARY-   
! SUMMARY-  Entities Processed             Count
! SUMMARY-  ------------------             -----
! SUMMARY-  Solid/Sheet .................:     1
! SUMMARY-                                 -----
! SUMMARY-  Total                              1
! STATUS-   Creating the UG part (Phase 3 of 3): 12-JUL-2026  12:04:10 PM
! INFO-     Filing Part ..: D:\Universidad\11vo semestre\APM\Gemelo digital\gemelo\Linea_2_Y_3\u403000000000001-3120-60-30_231952476
! SUMMARY-   
! SUMMARY-  Summary of Unigraphics Part Entities
! SUMMARY-   
! SUMMARY-  Entities Processed             Count
! SUMMARY-  ------------------             -----
! SUMMARY-  Solid/Sheet .................:     1
! SUMMARY-                                 -----
! SUMMARY-  Total                              1
! STATUS-   Creating the UG part (Phase 3 of 3): 12-JUL-2026  12:04:10 PM
! INFO-     Filing Part ..: D:\Universidad\11vo semestre\APM\Gemelo digital\gemelo\Linea_2_Y_3\u403000000000001-3120-60-30_221952475
! SUMMARY-   
! SUMMARY-  Summary of Unigraphics Part Entities
! SUMMARY-   
! SUMMARY-  Entities Processed             Count
! SUMMARY-  ------------------             -----
! SUMMARY-  Solid/Sheet .................:     1
! SUMMARY-                                 -----
! SUMMARY-  Total                              1
! STATUS-   Creating the UG part (Phase 3 of 3): 12-JUL-2026  12:04:10 PM
! INFO-     Filing Part ..: D:\Universidad\11vo semestre\APM\Gemelo digital\gemelo\Linea_2_Y_3\u403000000000001-3120-60-30_211952474
! SUMMARY-   
! SUMMARY-  Summary of Unigraphics Part Entities
! SUMMARY-   
! SUMMARY-  Entities Processed             Count
! SUMMARY-  ------------------             -----
! SUMMARY-  Solid/Sheet .................:     1
! SUMMARY-                                 -----
! SUMMARY-  Total                              1
! STATUS-   Creating the UG part (Phase 3 of 3): 12-JUL-2026  12:04:10 PM
! INFO-     Filing Part ..: D:\Universidad\11vo semestre\APM\Gemelo digital\gemelo\Linea_2_Y_3\u403000000000001-3120-60-30_201952473
! SUMMARY-   
! SUMMARY-  Summary of Unigraphics Part Entities
! SUMMARY-   
! SUMMARY-  Entities Processed             Count
! SUMMARY-  ------------------             -----
! SUMMARY-  Solid/Sheet .................:     1
! SUMMARY-                                 -----
! SUMMARY-  Total                              1
! STATUS-   Creating the UG part (Phase 3 of 3): 12-JUL-2026  12:04:11 PM
! INFO-     Filing Part ..: D:\Universidad\11vo semestre\APM\Gemelo digital\gemelo\Linea_2_Y_3\u403000000000001-3120-60-30_191952472
! SUMMARY-   
! SUMMARY-  Summary of Unigraphics Part Entities
! SUMMARY-   
! SUMMARY-  Entities Processed             Count
! SUMMARY-  ------------------             -----
! SUMMARY-  Solid/Sheet .................:     1
! SUMMARY-                                 -----
! SUMMARY-  Total                              1
! STATUS-   Creating the UG part (Phase 3 of 3): 12-JUL-2026  12:04:11 PM
! INFO-     Filing Part ..: D:\Universidad\11vo semestre\APM\Gemelo digital\gemelo\Linea_2_Y_3\u403000000000001-3120-60-30_181952471
! SUMMARY-   
! SUMMARY-  Summary of Unigraphics Part Entities
! SUMMARY-   
! SUMMARY-  Entities Processed             Count
! SUMMARY-  ------------------             -----
! SUMMARY-  Solid/Sheet .................:     1
! SUMMARY-                                 -----
! SUMMARY-  Total                              1
! STATUS-   Creating the UG part (Phase 3 of 3): 12-JUL-2026  12:04:11 PM
! INFO-     Filing Part ..: D:\Universidad\11vo semestre\APM\Gemelo digital\gemelo\Linea_2_Y_3\u403000000000001-3120-60-30_171952470
! SUMMARY-   
! SUMMARY-  Summary of Unigraphics Part Entities
! SUMMARY-   
! SUMMARY-  Entities Processed             Count
! SUMMARY-  ------------------             -----
! SUMMARY-  Solid/Sheet .................:     1
! SUMMARY-                                 -----
! SUMMARY-  Total                              1
! STATUS-   Creating the UG part (Phase 3 of 3): 12-JUL-2026  12:04:11 PM
! INFO-     Filing Part ..: D:\Universidad\11vo semestre\APM\Gemelo digital\gemelo\Linea_2_Y_3\u403000000000001-3120-60-30_161952469
! SUMMARY-   
! SUMMARY-  Summary of Unigraphics Part Entities
! SUMMARY-   
! SUMMARY-  Entities Processed             Count
! SUMMARY-  ------------------             -----
! SUMMARY-  Solid/Sheet .................:     1
! SUMMARY-                                 -----
! SUMMARY-  Total                              1
! STATUS-   Creating the UG part (Phase 3 of 3): 12-JUL-2026  12:04:11 PM
! INFO-     Filing Part ..: D:\Universidad\11vo semestre\APM\Gemelo digital\gemelo\Linea_2_Y_3\u403000000000001-3120-60-30_151952468
! SUMMARY-   
! SUMMARY-  Summary of Unigraphics Part Entities
! SUMMARY-   
! SUMMARY-  Entities Processed             Count
! SUMMARY-  ------------------             -----
! SUMMARY-  Solid/Sheet .................:     1
! SUMMARY-                                 -----
! SUMMARY-  Total                              1
! STATUS-   Creating the UG part (Phase 3 of 3): 12-JUL-2026  12:04:11 PM
! INFO-     Filing Part ..: D:\Universidad\11vo semestre\APM\Gemelo digital\gemelo\Linea_2_Y_3\u403000000000001-3120-60-30_141952467
! SUMMARY-   
! SUMMARY-  Summary of Unigraphics Part Entities
! SUMMARY-   
! SUMMARY-  Entities Processed             Count
! SUMMARY-  ------------------             -----
! SUMMARY-  Solid/Sheet .................:     1
! SUMMARY-                                 -----
! SUMMARY-  Total                              1
! STATUS-   Creating the UG part (Phase 3 of 3): 12-JUL-2026  12:04:11 PM
! INFO-     Filing Part ..: D:\Universidad\11vo semestre\APM\Gemelo digital\gemelo\Linea_2_Y_3\u403000000000001-3120-60-30_131952466
! SUMMARY-   
! SUMMARY-  Summary of Unigraphics Part Entities
! SUMMARY-   
! SUMMARY-  Entities Processed             Count
! SUMMARY-  ------------------             -----
! SUMMARY-  Solid/Sheet .................:     1
! SUMMARY-                                 -----
! SUMMARY-  Total                              1
! STATUS-   Creating the UG part (Phase 3 of 3): 12-JUL-2026  12:04:11 PM
! INFO-     Filing Part ..: D:\Universidad\11vo semestre\APM\Gemelo digital\gemelo\Linea_2_Y_3\u403000000000001-3120-60-30_121952465
! SUMMARY-   
! SUMMARY-  Summary of Unigraphics Part Entities
! SUMMARY-   
! SUMMARY-  Entities Processed             Count
! SUMMARY-  ------------------             -----
! SUMMARY-  Solid/Sheet .................:     1
! SUMMARY-                                 -----
! SUMMARY-  Total                              1
! STATUS-   Creating the UG part (Phase 3 of 3): 12-JUL-2026  12:04:12 PM
! INFO-     Filing Part ..: D:\Universidad\11vo semestre\APM\Gemelo digital\gemelo\Linea_2_Y_3\u403000000000001-3120-60-30_111952464
! SUMMARY-   
! SUMMARY-  Summary of Unigraphics Part Entities
! SUMMARY-   
! SUMMARY-  Entities Processed             Count
! SUMMARY-  ------------------             -----
! SUMMARY-  Solid/Sheet .................:     1
! SUMMARY-                                 -----
! SUMMARY-  Total                              1
! STATUS-   Creating the UG part (Phase 3 of 3): 12-JUL-2026  12:04:12 PM
! INFO-     Filing Part ..: D:\Universidad\11vo semestre\APM\Gemelo digital\gemelo\Linea_2_Y_3\u403000000000001-3120-60-30_101952463
! SUMMARY-   
! SUMMARY-  Summary of Unigraphics Part Entities
! SUMMARY-   
! SUMMARY-  Entities Processed             Count
! SUMMARY-  ------------------             -----
! SUMMARY-  Solid/Sheet .................:     1
! SUMMARY-                                 -----
! SUMMARY-  Total                              1
! STATUS-   Creating the UG part (Phase 3 of 3): 12-JUL-2026  12:04:12 PM
! INFO-     Filing Part ..: D:\Universidad\11vo semestre\APM\Gemelo digital\gemelo\Linea_2_Y_3\u403000000000001-3120-60-30_091952462
! SUMMARY-   
! SUMMARY-  Summary of Unigraphics Part Entities
! SUMMARY-   
! SUMMARY-  Entities Processed             Count
! SUMMARY-  ------------------             -----
! SUMMARY-  Solid/Sheet .................:     1
! SUMMARY-                                 -----
! SUMMARY-  Total                              1
! STATUS-   Creating the UG part (Phase 3 of 3): 12-JUL-2026  12:04:12 PM
! INFO-     Filing Part ..: D:\Universidad\11vo semestre\APM\Gemelo digital\gemelo\Linea_2_Y_3\u403000000000001-3120-60-30_081952461
! SUMMARY-   
! SUMMARY-  Summary of Unigraphics Part Entities
! SUMMARY-   
! SUMMARY-  Entities Processed             Count
! SUMMARY-  ------------------             -----
! SUMMARY-  Solid/Sheet .................:     1
! SUMMARY-                                 -----
! SUMMARY-  Total                              1
! STATUS-   Creating the UG part (Phase 3 of 3): 12-JUL-2026  12:04:12 PM
! INFO-     Filing Part ..: D:\Universidad\11vo semestre\APM\Gemelo digital\gemelo\Linea_2_Y_3\u403000000000001-3120-60-30_071952460
! SUMMARY-   
! SUMMARY-  Summary of Unigraphics Part Entities
! SUMMARY-   
! SUMMARY-  Entities Processed             Count
! SUMMARY-  ------------------             -----
! SUMMARY-  Solid/Sheet .................:     1
! SUMMARY-                                 -----
! SUMMARY-  Total                              1
! STATUS-   Creating the UG part (Phase 3 of 3): 12-JUL-2026  12:04:12 PM
! INFO-     Filing Part ..: D:\Universidad\11vo semestre\APM\Gemelo digital\gemelo\Linea_2_Y_3\u403000000000001-3120-60-30_061952459
! SUMMARY-   
! SUMMARY-  Summary of Unigraphics Part Entities
! SUMMARY-   
! SUMMARY-  Entities Processed             Count
! SUMMARY-  ------------------             -----
! SUMMARY-  Solid/Sheet .................:     1
! SUMMARY-                                 -----
! SUMMARY-  Total                              1
! STATUS-   Creating the UG part (Phase 3 of 3): 12-JUL-2026  12:04:12 PM
! INFO-     Filing Part ..: D:\Universidad\11vo semestre\APM\Gemelo digital\gemelo\Linea_2_Y_3\u403000000000001-3120-60-30_051952458
! SUMMARY-   
! SUMMARY-  Summary of Unigraphics Part Entities
! SUMMARY-   
! SUMMARY-  Entities Processed             Count
! SUMMARY-  ------------------             -----
! SUMMARY-  Solid/Sheet .................:     1
! SUMMARY-                                 -----
! SUMMARY-  Total                              1
! STATUS-   Creating the UG part (Phase 3 of 3): 12-JUL-2026  12:04:12 PM
! INFO-     Filing Part ..: D:\Universidad\11vo semestre\APM\Gemelo digital\gemelo\Linea_2_Y_3\u403000000000001-3120-60-30_041952457
! SUMMARY-   
! SUMMARY-  Summary of Unigraphics Part Entities
! SUMMARY-   
! SUMMARY-  Entities Processed             Count
! SUMMARY-  ------------------             -----
! SUMMARY-  Solid/Sheet .................:     1
! SUMMARY-                                 -----
! SUMMARY-  Total                              1
! STATUS-   Creating the UG part (Phase 3 of 3): 12-JUL-2026  12:04:12 PM
! INFO-     Filing Part ..: D:\Universidad\11vo semestre\APM\Gemelo digital\gemelo\Linea_2_Y_3\u403000000000001-3120-60-30_031952456
! SUMMARY-   
! SUMMARY-  Summary of Unigraphics Part Entities
! SUMMARY-   
! SUMMARY-  Entities Processed             Count
! SUMMARY-  ------------------             -----
! SUMMARY-  Solid/Sheet .................:     1
! SUMMARY-                                 -----
! SUMMARY-  Total                              1
! STATUS-   Creating the UG part (Phase 3 of 3): 12-JUL-2026  12:04:12 PM
! INFO-     Filing Part ..: D:\Universidad\11vo semestre\APM\Gemelo digital\gemelo\Linea_2_Y_3\u403000000000001-3120-60-30_021952455
! SUMMARY-   
! SUMMARY-  Summary of Unigraphics Part Entities
! SUMMARY-   
! SUMMARY-  Entities Processed             Count
! SUMMARY-  ------------------             -----
! SUMMARY-  Solid/Sheet .................:     1
! SUMMARY-                                 -----
! SUMMARY-  Total                              1
! STATUS-   Creating the UG part (Phase 3 of 3): 12-JUL-2026  12:04:12 PM
! INFO-     Filing Part ..: D:\Universidad\11vo semestre\APM\Gemelo digital\gemelo\Linea_2_Y_3\u403000000000001-3120-60-30_011952454
! SUMMARY-   
! SUMMARY-  Summary of Unigraphics Part Entities
! SUMMARY-   
! SUMMARY-  Entities Processed             Count
! SUMMARY-  ------------------             -----
! SUMMARY-  Solid/Sheet .................:     1
! SUMMARY-                                 -----
! SUMMARY-  Total                              1
! STATUS-   Creating the UG part (Phase 3 of 3): 12-JUL-2026  12:04:13 PM
! INFO-     Filing Part ..: D:\Universidad\11vo semestre\APM\Gemelo digital\gemelo\Linea_2_Y_3\sistema_impactguard_h3120_s60_t30_761952452
! SUMMARY-   
! SUMMARY-  Summary of Unigraphics Part Entities
! SUMMARY-   
! SUMMARY-  Entities Processed             Count
! SUMMARY-  ------------------             -----
! SUMMARY-  Solid/Sheet .................:     1
! SUMMARY-                                 -----
! SUMMARY-  Total                              1
! STATUS-   Creating the UG part (Phase 3 of 3): 12-JUL-2026  12:04:13 PM
! INFO-     Filing Part ..: D:\Universidad\11vo semestre\APM\Gemelo digital\gemelo\Linea_2_Y_3\sistema_impactguard_h3120_s60_t30_241952451
! SUMMARY-   
! SUMMARY-  Summary of Unigraphics Part Entities
! SUMMARY-   
! SUMMARY-  Entities Processed             Count
! SUMMARY-  ------------------             -----
! SUMMARY-  Solid/Sheet .................:     1
! SUMMARY-                                 -----
! SUMMARY-  Total                              1
! STATUS-   Creating the UG part (Phase 3 of 3): 12-JUL-2026  12:04:13 PM
! INFO-     Filing Part ..: D:\Universidad\11vo semestre\APM\Gemelo digital\gemelo\Linea_2_Y_3\sistema_impactguard_h3120_s60_t30_231952450
! SUMMARY-   
! SUMMARY-  Summary of Unigraphics Part Entities
! SUMMARY-   
! SUMMARY-  Entities Processed             Count
! SUMMARY-  ------------------             -----
! SUMMARY-  Solid/Sheet .................:     1
! SUMMARY-                                 -----
! SUMMARY-  Total                              1
! STATUS-   Creating the UG part (Phase 3 of 3): 12-JUL-2026  12:04:13 PM
! INFO-     Filing Part ..: D:\Universidad\11vo semestre\APM\Gemelo digital\gemelo\Linea_2_Y_3\sistema_impactguard_h3120_s60_t30_221952449
! SUMMARY-   
! SUMMARY-  Summary of Unigraphics Part Entities
! SUMMARY-   
! SUMMARY-  Entities Processed             Count
! SUMMARY-  ------------------             -----
! SUMMARY-  Solid/Sheet .................:     1
! SUMMARY-                                 -----
! SUMMARY-  Total                              1
! STATUS-   Creating the UG part (Phase 3 of 3): 12-JUL-2026  12:04:13 PM
! INFO-     Filing Part ..: D:\Universidad\11vo semestre\APM\Gemelo digital\gemelo\Linea_2_Y_3\sistema_impactguard_h3120_s60_t30_211952448
! SUMMARY-   
! SUMMARY-  Summary of Unigraphics Part Entities
! SUMMARY-   
! SUMMARY-  Entities Processed             Count
! SUMMARY-  ------------------             -----
! SUMMARY-  Solid/Sheet .................:     1
! SUMMARY-                                 -----
! SUMMARY-  Total                              1
! STATUS-   Creating the UG part (Phase 3 of 3): 12-JUL-2026  12:04:13 PM
! INFO-     Filing Part ..: D:\Universidad\11vo semestre\APM\Gemelo digital\gemelo\Linea_2_Y_3\sistema_impactguard_h3120_s60_t30_201952447
! SUMMARY-   
! SUMMARY-  Summary of Unigraphics Part Entities
! SUMMARY-   
! SUMMARY-  Entities Processed             Count
! SUMMARY-  ------------------             -----
! SUMMARY-  Solid/Sheet .................:     1
! SUMMARY-                                 -----
! SUMMARY-  Total                              1
! STATUS-   Creating the UG part (Phase 3 of 3): 12-JUL-2026  12:04:13 PM
! INFO-     Filing Part ..: D:\Universidad\11vo semestre\APM\Gemelo digital\gemelo\Linea_2_Y_3\sistema_impactguard_h3120_s60_t30_191952446
! SUMMARY-   
! SUMMARY-  Summary of Unigraphics Part Entities
! SUMMARY-   
! SUMMARY-  Entities Processed             Count
! SUMMARY-  ------------------             -----
! SUMMARY-  Solid/Sheet .................:     1
! SUMMARY-                                 -----
! SUMMARY-  Total                              1
! STATUS-   Creating the UG part (Phase 3 of 3): 12-JUL-2026  12:04:13 PM
! INFO-     Filing Part ..: D:\Universidad\11vo semestre\APM\Gemelo digital\gemelo\Linea_2_Y_3\sistema_impactguard_h3120_s60_t30_181952445
! SUMMARY-   
! SUMMARY-  Summary of Unigraphics Part Entities
! SUMMARY-   
! SUMMARY-  Entities Processed             Count
! SUMMARY-  ------------------             -----
! SUMMARY-  Solid/Sheet .................:     1
! SUMMARY-                                 -----
! SUMMARY-  Total                              1
! STATUS-   Creating the UG part (Phase 3 of 3): 12-JUL-2026  12:04:13 PM
! INFO-     Filing Part ..: D:\Universidad\11vo semestre\APM\Gemelo digital\gemelo\Linea_2_Y_3\sistema_impactguard_h3120_s60_t30_171952444
! SUMMARY-   
! SUMMARY-  Summary of Unigraphics Part Entities
! SUMMARY-   
! SUMMARY-  Entities Processed             Count
! SUMMARY-  ------------------             -----
! SUMMARY-  Solid/Sheet .................:     1
! SUMMARY-                                 -----
! SUMMARY-  Total                              1
! STATUS-   Creating the UG part (Phase 3 of 3): 12-JUL-2026  12:04:13 PM
! INFO-     Filing Part ..: D:\Universidad\11vo semestre\APM\Gemelo digital\gemelo\Linea_2_Y_3\sistema_impactguard_h3120_s60_t30_161952443
! SUMMARY-   
! SUMMARY-  Summary of Unigraphics Part Entities
! SUMMARY-   
! SUMMARY-  Entities Processed             Count
! SUMMARY-  ------------------             -----
! SUMMARY-  Solid/Sheet .................:     1
! SUMMARY-                                 -----
! SUMMARY-  Total                              1
! STATUS-   Creating the UG part (Phase 3 of 3): 12-JUL-2026  12:04:14 PM
! INFO-     Filing Part ..: D:\Universidad\11vo semestre\APM\Gemelo digital\gemelo\Linea_2_Y_3\sistema_impactguard_h3120_s60_t30_061952442
! SUMMARY-   
! SUMMARY-  Summary of Unigraphics Part Entities
! SUMMARY-   
! SUMMARY-  Entities Processed             Count
! SUMMARY-  ------------------             -----
! SUMMARY-  Solid/Sheet .................:     1
! SUMMARY-                                 -----
! SUMMARY-  Total                              1
! STATUS-   Creating the UG part (Phase 3 of 3): 12-JUL-2026  12:04:14 PM
! INFO-     Filing Part ..: D:\Universidad\11vo semestre\APM\Gemelo digital\gemelo\Linea_2_Y_3\sistema_impactguard_h3120_s60_t30_051952441
! SUMMARY-   
! SUMMARY-  Summary of Unigraphics Part Entities
! SUMMARY-   
! SUMMARY-  Entities Processed             Count
! SUMMARY-  ------------------             -----
! SUMMARY-  Solid/Sheet .................:     1
! SUMMARY-                                 -----
! SUMMARY-  Total                              1
! STATUS-   Creating the UG part (Phase 3 of 3): 12-JUL-2026  12:04:14 PM
! INFO-     Filing Part ..: D:\Universidad\11vo semestre\APM\Gemelo digital\gemelo\Linea_2_Y_3\sistema_impactguard_h3120_s60_t30_041952440
! SUMMARY-   
! SUMMARY-  Summary of Unigraphics Part Entities
! SUMMARY-   
! SUMMARY-  Entities Processed             Count
! SUMMARY-  ------------------             -----
! SUMMARY-  Solid/Sheet .................:     1
! SUMMARY-                                 -----
! SUMMARY-  Total                              1
! STATUS-   Creating the UG part (Phase 3 of 3): 12-JUL-2026  12:04:14 PM
! INFO-     Filing Part ..: D:\Universidad\11vo semestre\APM\Gemelo digital\gemelo\Linea_2_Y_3\sistema_impactguard_h3120_s60_t30_721952438
! SUMMARY-   
! SUMMARY-  Summary of Unigraphics Part Entities
! SUMMARY-   
! SUMMARY-  Entities Processed             Count
! SUMMARY-  ------------------             -----
! SUMMARY-  Solid/Sheet .................:     1
! SUMMARY-                                 -----
! SUMMARY-  Total                              1
! STATUS-   Creating the UG part (Phase 3 of 3): 12-JUL-2026  12:04:14 PM
! INFO-     Filing Part ..: D:\Universidad\11vo semestre\APM\Gemelo digital\gemelo\Linea_2_Y_3\sistema_impactguard_h3120_s60_t30_711952437
! SUMMARY-   
! SUMMARY-  Summary of Unigraphics Part Entities
! SUMMARY-   
! SUMMARY-  Entities Processed             Count
! SUMMARY-  ------------------             -----
! SUMMARY-  Solid/Sheet .................:     1
! SUMMARY-                                 -----
! SUMMARY-  Total                              1
! STATUS-   Creating the UG part (Phase 3 of 3): 12-JUL-2026  12:04:14 PM
! INFO-     Filing Part ..: D:\Universidad\11vo semestre\APM\Gemelo digital\gemelo\Linea_2_Y_3\sistema_impactguard_h3120_s60_t30_601952436
! SUMMARY-   
! SUMMARY-  Summary of Unigraphics Part Entities
! SUMMARY-   
! SUMMARY-  Entities Processed             Count
! SUMMARY-  ------------------             -----
! SUMMARY-  Solid/Sheet .................:     1
! SUMMARY-                                 -----
! SUMMARY-  Total                              1
! STATUS-   Creating the UG part (Phase 3 of 3): 12-JUL-2026  12:04:14 PM
! INFO-     Filing Part ..: D:\Universidad\11vo semestre\APM\Gemelo digital\gemelo\Linea_2_Y_3\sistema_impactguard_h3120_s60_t30_581952435
! SUMMARY-   
! SUMMARY-  Summary of Unigraphics Part Entities
! SUMMARY-   
! SUMMARY-  Entities Processed             Count
! SUMMARY-  ------------------             -----
! SUMMARY-  Solid/Sheet .................:     1
! SUMMARY-                                 -----
! SUMMARY-  Total                              1
! STATUS-   Creating the UG part (Phase 3 of 3): 12-JUL-2026  12:04:15 PM
! INFO-     Filing Part ..: D:\Universidad\11vo semestre\APM\Gemelo digital\gemelo\Linea_2_Y_3\sistema_impactguard_h3120_s60_t30_561952434
! SUMMARY-   
! SUMMARY-  Summary of Unigraphics Part Entities
! SUMMARY-   
! SUMMARY-  Entities Processed             Count
! SUMMARY-  ------------------             -----
! SUMMARY-  Solid/Sheet .................:     1
! SUMMARY-                                 -----
! SUMMARY-  Total                              1
! STATUS-   Creating the UG part (Phase 3 of 3): 12-JUL-2026  12:04:15 PM
! INFO-     Filing Part ..: D:\Universidad\11vo semestre\APM\Gemelo digital\gemelo\Linea_2_Y_3\sistema_impactguard_h3120_s60_t30_551952433
! SUMMARY-   
! SUMMARY-  Summary of Unigraphics Part Entities
! SUMMARY-   
! SUMMARY-  Entities Processed             Count
! SUMMARY-  ------------------             -----
! SUMMARY-  Solid/Sheet .................:     1
! SUMMARY-                                 -----
! SUMMARY-  Total                              1
! STATUS-   Creating the UG part (Phase 3 of 3): 12-JUL-2026  12:04:15 PM
! INFO-     Filing Part ..: D:\Universidad\11vo semestre\APM\Gemelo digital\gemelo\Linea_2_Y_3\sistema_impactguard_h3120_s60_t30_541952432
! SUMMARY-   
! SUMMARY-  Summary of Unigraphics Part Entities
! SUMMARY-   
! SUMMARY-  Entities Processed             Count
! SUMMARY-  ------------------             -----
! SUMMARY-  Solid/Sheet .................:     1
! SUMMARY-                                 -----
! SUMMARY-  Total                              1
! STATUS-   Creating the UG part (Phase 3 of 3): 12-JUL-2026  12:04:17 PM
! INFO-     Filing Part ..: D:\Universidad\11vo semestre\APM\Gemelo digital\gemelo\Linea_2_Y_3\sistema_impactguard_h3120_s60_t30_531952431
! SUMMARY-   
! SUMMARY-  Summary of Unigraphics Part Entities
! SUMMARY-   
! SUMMARY-  Entities Processed             Count
! SUMMARY-  ------------------             -----
! SUMMARY-  Solid/Sheet .................:     1
! SUMMARY-                                 -----
! SUMMARY-  Total                              1
! STATUS-   Creating the UG part (Phase 3 of 3): 12-JUL-2026  12:04:17 PM
! INFO-     Filing Part ..: D:\Universidad\11vo semestre\APM\Gemelo digital\gemelo\Linea_2_Y_3\sistema_impactguard_h3120_s60_t30_521952430
! SUMMARY-   
! SUMMARY-  Summary of Unigraphics Part Entities
! SUMMARY-   
! SUMMARY-  Entities Processed             Count
! SUMMARY-  ------------------             -----
! SUMMARY-  Solid/Sheet .................:     1
! SUMMARY-                                 -----
! SUMMARY-  Total                              1
! STATUS-   Creating the UG part (Phase 3 of 3): 12-JUL-2026  12:04:17 PM
! INFO-     Filing Part ..: D:\Universidad\11vo semestre\APM\Gemelo digital\gemelo\Linea_2_Y_3\sistema_impactguard_h3120_s60_t30_511952429
! SUMMARY-   
! SUMMARY-  Summary of Unigraphics Part Entities
! SUMMARY-   
! SUMMARY-  Entities Processed             Count
! SUMMARY-  ------------------             -----
! SUMMARY-  Solid/Sheet .................:     1
! SUMMARY-                                 -----
! SUMMARY-  Total                              1
! STATUS-   Creating the UG part (Phase 3 of 3): 12-JUL-2026  12:04:17 PM
! INFO-     Filing Part ..: D:\Universidad\11vo semestre\APM\Gemelo digital\gemelo\Linea_2_Y_3\sistema_impactguard_h3120_s60_t30_501952428
! SUMMARY-   
! SUMMARY-  Summary of Unigraphics Part Entities
! SUMMARY-   
! SUMMARY-  Entities Processed             Count
! SUMMARY-  ------------------             -----
! SUMMARY-  Solid/Sheet .................:     1
! SUMMARY-                                 -----
! SUMMARY-  Total                              1
! STATUS-   Creating the UG part (Phase 3 of 3): 12-JUL-2026  12:04:18 PM
! INFO-     Filing Part ..: D:\Universidad\11vo semestre\APM\Gemelo digital\gemelo\Linea_2_Y_3\sistema_impactguard_h3120_s60_t30_491952427
! SUMMARY-   
! SUMMARY-  Summary of Unigraphics Part Entities
! SUMMARY-   
! SUMMARY-  Entities Processed             Count
! SUMMARY-  ------------------             -----
! SUMMARY-  Solid/Sheet .................:     1
! SUMMARY-                                 -----
! SUMMARY-  Total                              1
! STATUS-   Creating the UG part (Phase 3 of 3): 12-JUL-2026  12:04:18 PM
! INFO-     Filing Part ..: D:\Universidad\11vo semestre\APM\Gemelo digital\gemelo\Linea_2_Y_3\sistema_impactguard_h3120_s60_t30_321952426
! SUMMARY-   
! SUMMARY-  Summary of Unigraphics Part Entities
! SUMMARY-   
! SUMMARY-  Entities Processed             Count
! SUMMARY-  ------------------             -----
! SUMMARY-  Solid/Sheet .................:     1
! SUMMARY-                                 -----
! SUMMARY-  Total                              1
! STATUS-   Creating the UG part (Phase 3 of 3): 12-JUL-2026  12:04:18 PM
! INFO-     Filing Part ..: D:\Universidad\11vo semestre\APM\Gemelo digital\gemelo\Linea_2_Y_3\sistema_impactguard_h3120_s60_t30_301952425
! SUMMARY-   
! SUMMARY-  Summary of Unigraphics Part Entities
! SUMMARY-   
! SUMMARY-  Entities Processed             Count
! SUMMARY-  ------------------             -----
! SUMMARY-  Solid/Sheet .................:     1
! SUMMARY-                                 -----
! SUMMARY-  Total                              1
! STATUS-   Creating the UG part (Phase 3 of 3): 12-JUL-2026  12:04:18 PM
! INFO-     Filing Part ..: D:\Universidad\11vo semestre\APM\Gemelo digital\gemelo\Linea_2_Y_3\sistema_impactguard_h3120_s60_t30_801952423
! SUMMARY-   
! SUMMARY-  Summary of Unigraphics Part Entities
! SUMMARY-   
! SUMMARY-  Entities Processed             Count
! SUMMARY-  ------------------             -----
! SUMMARY-  Solid/Sheet .................:     1
! SUMMARY-                                 -----
! SUMMARY-  Total                              1
! STATUS-   Creating the UG part (Phase 3 of 3): 12-JUL-2026  12:04:18 PM
! INFO-     Filing Part ..: D:\Universidad\11vo semestre\APM\Gemelo digital\gemelo\Linea_2_Y_3\sistema_impactguard_h3120_s60_t30_791952422
! SUMMARY-   
! SUMMARY-  Summary of Unigraphics Part Entities
! SUMMARY-   
! SUMMARY-  Entities Processed             Count
! SUMMARY-  ------------------             -----
! SUMMARY-  Solid/Sheet .................:     1
! SUMMARY-                                 -----
! SUMMARY-  Total                              1
! STATUS-   Creating the UG part (Phase 3 of 3): 12-JUL-2026  12:04:18 PM
! INFO-     Filing Part ..: D:\Universidad\11vo semestre\APM\Gemelo digital\gemelo\Linea_2_Y_3\sistema_impactguard_h3120_s60_t30_781952421
! SUMMARY-   
! SUMMARY-  Summary of Unigraphics Part Entities
! SUMMARY-   
! SUMMARY-  Entities Processed             Count
! SUMMARY-  ------------------             -----
! SUMMARY-  Solid/Sheet .................:     1
! SUMMARY-                                 -----
! SUMMARY-  Total                              1
! STATUS-   Creating the UG part (Phase 3 of 3): 12-JUL-2026  12:04:18 PM
! INFO-     Filing Part ..: D:\Universidad\11vo semestre\APM\Gemelo digital\gemelo\Linea_2_Y_3\sistema_impactguard_h3120_s60_t30_771952420
! SUMMARY-   
! SUMMARY-  Summary of Unigraphics Part Entities
! SUMMARY-   
! SUMMARY-  Entities Processed             Count
! SUMMARY-  ------------------             -----
! SUMMARY-  Solid/Sheet .................:     1
! SUMMARY-                                 -----
! SUMMARY-  Total                              1
! STATUS-   Creating the UG part (Phase 3 of 3): 12-JUL-2026  12:04:18 PM
! INFO-     Filing Part ..: D:\Universidad\11vo semestre\APM\Gemelo digital\gemelo\Linea_2_Y_3\sistema_impactguard_h3120_s60_t30_751952419
! SUMMARY-   
! SUMMARY-  Summary of Unigraphics Part Entities
! SUMMARY-   
! SUMMARY-  Entities Processed             Count
! SUMMARY-  ------------------             -----
! SUMMARY-  Solid/Sheet .................:     1
! SUMMARY-                                 -----
! SUMMARY-  Total                              1
! STATUS-   Creating the UG part (Phase 3 of 3): 12-JUL-2026  12:04:18 PM
! INFO-     Filing Part ..: D:\Universidad\11vo semestre\APM\Gemelo digital\gemelo\Linea_2_Y_3\sistema_impactguard_h3120_s60_t30_741952418
! SUMMARY-   
! SUMMARY-  Summary of Unigraphics Part Entities
! SUMMARY-   
! SUMMARY-  Entities Processed             Count
! SUMMARY-  ------------------             -----
! SUMMARY-  Solid/Sheet .................:     1
! SUMMARY-                                 -----
! SUMMARY-  Total                              1
! STATUS-   Creating the UG part (Phase 3 of 3): 12-JUL-2026  12:04:18 PM
! INFO-     Filing Part ..: D:\Universidad\11vo semestre\APM\Gemelo digital\gemelo\Linea_2_Y_3\sistema_impactguard_h3120_s60_t30_731952417
! SUMMARY-   
! SUMMARY-  Summary of Unigraphics Part Entities
! SUMMARY-   
! SUMMARY-  Entities Processed             Count
! SUMMARY-  ------------------             -----
! SUMMARY-  Solid/Sheet .................:     1
! SUMMARY-                                 -----
! SUMMARY-  Total                              1
! STATUS-   Creating the UG part (Phase 3 of 3): 12-JUL-2026  12:04:19 PM
! INFO-     Filing Part ..: D:\Universidad\11vo semestre\APM\Gemelo digital\gemelo\Linea_2_Y_3\sistema_impactguard_h3120_s60_t30_701952416
! SUMMARY-   
! SUMMARY-  Summary of Unigraphics Part Entities
! SUMMARY-   
! SUMMARY-  Entities Processed             Count
! SUMMARY-  ------------------             -----
! SUMMARY-  Solid/Sheet .................:     1
! SUMMARY-                                 -----
! SUMMARY-  Total                              1
! STATUS-   Creating the UG part (Phase 3 of 3): 12-JUL-2026  12:04:19 PM
! INFO-     Filing Part ..: D:\Universidad\11vo semestre\APM\Gemelo digital\gemelo\Linea_2_Y_3\sistema_impactguard_h3120_s60_t30_691952415
! SUMMARY-   
! SUMMARY-  Summary of Unigraphics Part Entities
! SUMMARY-   
! SUMMARY-  Entities Processed             Count
! SUMMARY-  ------------------             -----
! SUMMARY-  Solid/Sheet .................:     1
! SUMMARY-                                 -----
! SUMMARY-  Total                              1
! STATUS-   Creating the UG part (Phase 3 of 3): 12-JUL-2026  12:04:19 PM
! INFO-     Filing Part ..: D:\Universidad\11vo semestre\APM\Gemelo digital\gemelo\Linea_2_Y_3\sistema_impactguard_h3120_s60_t30_681952414
! SUMMARY-   
! SUMMARY-  Summary of Unigraphics Part Entities
! SUMMARY-   
! SUMMARY-  Entities Processed             Count
! SUMMARY-  ------------------             -----
! SUMMARY-  Solid/Sheet .................:     1
! SUMMARY-                                 -----
! SUMMARY-  Total                              1
! STATUS-   Creating the UG part (Phase 3 of 3): 12-JUL-2026  12:04:19 PM
! INFO-     Filing Part ..: D:\Universidad\11vo semestre\APM\Gemelo digital\gemelo\Linea_2_Y_3\sistema_impactguard_h3120_s60_t30_671952413
! SUMMARY-   
! SUMMARY-  Summary of Unigraphics Part Entities
! SUMMARY-   
! SUMMARY-  Entities Processed             Count
! SUMMARY-  ------------------             -----
! SUMMARY-  Solid/Sheet .................:     1
! SUMMARY-                                 -----
! SUMMARY-  Total                              1
! STATUS-   Creating the UG part (Phase 3 of 3): 12-JUL-2026  12:04:19 PM
! INFO-     Filing Part ..: D:\Universidad\11vo semestre\APM\Gemelo digital\gemelo\Linea_2_Y_3\sistema_impactguard_h3120_s60_t30_661952412
! SUMMARY-   
! SUMMARY-  Summary of Unigraphics Part Entities
! SUMMARY-   
! SUMMARY-  Entities Processed             Count
! SUMMARY-  ------------------             -----
! SUMMARY-  Solid/Sheet .................:     1
! SUMMARY-                                 -----
! SUMMARY-  Total                              1
! STATUS-   Creating the UG part (Phase 3 of 3): 12-JUL-2026  12:04:19 PM
! INFO-     Filing Part ..: D:\Universidad\11vo semestre\APM\Gemelo digital\gemelo\Linea_2_Y_3\sistema_impactguard_h3120_s60_t30_651952411
! SUMMARY-   
! SUMMARY-  Summary of Unigraphics Part Entities
! SUMMARY-   
! SUMMARY-  Entities Processed             Count
! SUMMARY-  ------------------             -----
! SUMMARY-  Solid/Sheet .................:     1
! SUMMARY-                                 -----
! SUMMARY-  Total                              1
! STATUS-   Creating the UG part (Phase 3 of 3): 12-JUL-2026  12:04:19 PM
! INFO-     Filing Part ..: D:\Universidad\11vo semestre\APM\Gemelo digital\gemelo\Linea_2_Y_3\sistema_impactguard_h3120_s60_t30_641952410
! SUMMARY-   
! SUMMARY-  Summary of Unigraphics Part Entities
! SUMMARY-   
! SUMMARY-  Entities Processed             Count
! SUMMARY-  ------------------             -----
! SUMMARY-  Solid/Sheet .................:     1
! SUMMARY-                                 -----
! SUMMARY-  Total                              1
! STATUS-   Creating the UG part (Phase 3 of 3): 12-JUL-2026  12:04:19 PM
! INFO-     Filing Part ..: D:\Universidad\11vo semestre\APM\Gemelo digital\gemelo\Linea_2_Y_3\sistema_impactguard_h3120_s60_t30_631952409
! SUMMARY-   
! SUMMARY-  Summary of Unigraphics Part Entities
! SUMMARY-   
! SUMMARY-  Entities Processed             Count
! SUMMARY-  ------------------             -----
! SUMMARY-  Solid/Sheet .................:     1
! SUMMARY-                                 -----
! SUMMARY-  Total                              1
! STATUS-   Creating the UG part (Phase 3 of 3): 12-JUL-2026  12:04:19 PM
! INFO-     Filing Part ..: D:\Universidad\11vo semestre\APM\Gemelo digital\gemelo\Linea_2_Y_3\sistema_impactguard_h3120_s60_t30_621952408
! SUMMARY-   
! SUMMARY-  Summary of Unigraphics Part Entities
! SUMMARY-   
! SUMMARY-  Entities Processed             Count
! SUMMARY-  ------------------             -----
! SUMMARY-  Solid/Sheet .................:     1
! SUMMARY-                                 -----
! SUMMARY-  Total                              1
! STATUS-   Creating the UG part (Phase 3 of 3): 12-JUL-2026  12:04:19 PM
! INFO-     Filing Part ..: D:\Universidad\11vo semestre\APM\Gemelo digital\gemelo\Linea_2_Y_3\sistema_impactguard_h3120_s60_t30_611952407
! SUMMARY-   
! SUMMARY-  Summary of Unigraphics Part Entities
! SUMMARY-   
! SUMMARY-  Entities Processed             Count
! SUMMARY-  ------------------             -----
! SUMMARY-  Solid/Sheet .................:     1
! SUMMARY-                                 -----
! SUMMARY-  Total                              1
! STATUS-   Creating the UG part (Phase 3 of 3): 12-JUL-2026  12:04:19 PM
! INFO-     Filing Part ..: D:\Universidad\11vo semestre\APM\Gemelo digital\gemelo\Linea_2_Y_3\sistema_impactguard_h3120_s60_t30_591952406
! SUMMARY-   
! SUMMARY-  Summary of Unigraphics Part Entities
! SUMMARY-   
! SUMMARY-  Entities Processed             Count
! SUMMARY-  ------------------             -----
! SUMMARY-  Solid/Sheet .................:     1
! SUMMARY-                                 -----
! SUMMARY-  Total                              1
! STATUS-   Creating the UG part (Phase 3 of 3): 12-JUL-2026  12:04:20 PM
! INFO-     Filing Part ..: D:\Universidad\11vo semestre\APM\Gemelo digital\gemelo\Linea_2_Y_3\sistema_impactguard_h3120_s60_t30_571952405
! SUMMARY-   
! SUMMARY-  Summary of Unigraphics Part Entities
! SUMMARY-   
! SUMMARY-  Entities Processed             Count
! SUMMARY-  ------------------             -----
! SUMMARY-  Solid/Sheet .................:     1
! SUMMARY-                                 -----
! SUMMARY-  Total                              1
! STATUS-   Creating the UG part (Phase 3 of 3): 12-JUL-2026  12:04:20 PM
! INFO-     Filing Part ..: D:\Universidad\11vo semestre\APM\Gemelo digital\gemelo\Linea_2_Y_3\sistema_impactguard_h3120_s60_t30_481952404
! SUMMARY-   
! SUMMARY-  Summary of Unigraphics Part Entities
! SUMMARY-   
! SUMMARY-  Entities Processed             Count
! SUMMARY-  ------------------             -----
! SUMMARY-  Solid/Sheet .................:     1
! SUMMARY-                                 -----
! SUMMARY-  Total                              1
! STATUS-   Creating the UG part (Phase 3 of 3): 12-JUL-2026  12:04:22 PM
! INFO-     Filing Part ..: D:\Universidad\11vo semestre\APM\Gemelo digital\gemelo\Linea_2_Y_3\sistema_impactguard_h3120_s60_t30_471952403
! SUMMARY-   
! SUMMARY-  Summary of Unigraphics Part Entities
! SUMMARY-   
! SUMMARY-  Entities Processed             Count
! SUMMARY-  ------------------             -----
! SUMMARY-  Solid/Sheet .................:     1
! SUMMARY-                                 -----
! SUMMARY-  Total                              1
! STATUS-   Creating the UG part (Phase 3 of 3): 12-JUL-2026  12:04:22 PM
! INFO-     Filing Part ..: D:\Universidad\11vo semestre\APM\Gemelo digital\gemelo\Linea_2_Y_3\sistema_impactguard_h3120_s60_t30_461952402
! SUMMARY-   
! SUMMARY-  Summary of Unigraphics Part Entities
! SUMMARY-   
! SUMMARY-  Entities Processed             Count
! SUMMARY-  ------------------             -----
! SUMMARY-  Solid/Sheet .................:     1
! SUMMARY-                                 -----
! SUMMARY-  Total                              1
! STATUS-   Creating the UG part (Phase 3 of 3): 12-JUL-2026  12:04:22 PM
! INFO-     Filing Part ..: D:\Universidad\11vo semestre\APM\Gemelo digital\gemelo\Linea_2_Y_3\sistema_impactguard_h3120_s60_t30_451952401
! SUMMARY-   
! SUMMARY-  Summary of Unigraphics Part Entities
! SUMMARY-   
! SUMMARY-  Entities Processed             Count
! SUMMARY-  ------------------             -----
! SUMMARY-  Solid/Sheet .................:     1
! SUMMARY-                                 -----
! SUMMARY-  Total                              1
! STATUS-   Creating the UG part (Phase 3 of 3): 12-JUL-2026  12:04:22 PM
! INFO-     Filing Part ..: D:\Universidad\11vo semestre\APM\Gemelo digital\gemelo\Linea_2_Y_3\sistema_impactguard_h3120_s60_t30_441952400
! SUMMARY-   
! SUMMARY-  Summary of Unigraphics Part Entities
! SUMMARY-   
! SUMMARY-  Entities Processed             Count
! SUMMARY-  ------------------             -----
! SUMMARY-  Solid/Sheet .................:     1
! SUMMARY-                                 -----
! SUMMARY-  Total                              1
! STATUS-   Creating the UG part (Phase 3 of 3): 12-JUL-2026  12:04:22 PM
! INFO-     Filing Part ..: D:\Universidad\11vo semestre\APM\Gemelo digital\gemelo\Linea_2_Y_3\sistema_impactguard_h3120_s60_t30_431952399
! SUMMARY-   
! SUMMARY-  Summary of Unigraphics Part Entities
! SUMMARY-   
! SUMMARY-  Entities Processed             Count
! SUMMARY-  ------------------             -----
! SUMMARY-  Solid/Sheet .................:     1
! SUMMARY-                                 -----
! SUMMARY-  Total                              1
! STATUS-   Creating the UG part (Phase 3 of 3): 12-JUL-2026  12:04:23 PM
! INFO-     Filing Part ..: D:\Universidad\11vo semestre\APM\Gemelo digital\gemelo\Linea_2_Y_3\sistema_impactguard_h3120_s60_t30_421952398
! SUMMARY-   
! SUMMARY-  Summary of Unigraphics Part Entities
! SUMMARY-   
! SUMMARY-  Entities Processed             Count
! SUMMARY-  ------------------             -----
! SUMMARY-  Solid/Sheet .................:     1
! SUMMARY-                                 -----
! SUMMARY-  Total                              1
! STATUS-   Creating the UG part (Phase 3 of 3): 12-JUL-2026  12:04:23 PM
! INFO-     Filing Part ..: D:\Universidad\11vo semestre\APM\Gemelo digital\gemelo\Linea_2_Y_3\sistema_impactguard_h3120_s60_t30_411952397
! SUMMARY-   
! SUMMARY-  Summary of Unigraphics Part Entities
! SUMMARY-   
! SUMMARY-  Entities Processed             Count
! SUMMARY-  ------------------             -----
! SUMMARY-  Solid/Sheet .................:     1
! SUMMARY-                                 -----
! SUMMARY-  Total                              1
! STATUS-   Creating the UG part (Phase 3 of 3): 12-JUL-2026  12:04:23 PM
! INFO-     Filing Part ..: D:\Universidad\11vo semestre\APM\Gemelo digital\gemelo\Linea_2_Y_3\sistema_impactguard_h3120_s60_t30_401952396
! SUMMARY-   
! SUMMARY-  Summary of Unigraphics Part Entities
! SUMMARY-   
! SUMMARY-  Entities Processed             Count
! SUMMARY-  ------------------             -----
! SUMMARY-  Solid/Sheet .................:     1
! SUMMARY-                                 -----
! SUMMARY-  Total                              1
! STATUS-   Creating the UG part (Phase 3 of 3): 12-JUL-2026  12:04:23 PM
! INFO-     Filing Part ..: D:\Universidad\11vo semestre\APM\Gemelo digital\gemelo\Linea_2_Y_3\sistema_impactguard_h3120_s60_t30_391952395
! SUMMARY-   
! SUMMARY-  Summary of Unigraphics Part Entities
! SUMMARY-   
! SUMMARY-  Entities Processed             Count
! SUMMARY-  ------------------             -----
! SUMMARY-  Solid/Sheet .................:     1
! SUMMARY-                                 -----
! SUMMARY-  Total                              1
! STATUS-   Creating the UG part (Phase 3 of 3): 12-JUL-2026  12:04:23 PM
! INFO-     Filing Part ..: D:\Universidad\11vo semestre\APM\Gemelo digital\gemelo\Linea_2_Y_3\sistema_impactguard_h3120_s60_t30_381952394
! SUMMARY-   
! SUMMARY-  Summary of Unigraphics Part Entities
! SUMMARY-   
! SUMMARY-  Entities Processed             Count
! SUMMARY-  ------------------             -----
! SUMMARY-  Solid/Sheet .................:     1
! SUMMARY-                                 -----
! SUMMARY-  Total                              1
! STATUS-   Creating the UG part (Phase 3 of 3): 12-JUL-2026  12:04:23 PM
! INFO-     Filing Part ..: D:\Universidad\11vo semestre\APM\Gemelo digital\gemelo\Linea_2_Y_3\sistema_impactguard_h3120_s60_t30_371952393
! SUMMARY-   
! SUMMARY-  Summary of Unigraphics Part Entities
! SUMMARY-   
! SUMMARY-  Entities Processed             Count
! SUMMARY-  ------------------             -----
! SUMMARY-  Solid/Sheet .................:     1
! SUMMARY-                                 -----
! SUMMARY-  Total                              1
! STATUS-   Creating the UG part (Phase 3 of 3): 12-JUL-2026  12:04:23 PM
! INFO-     Filing Part ..: D:\Universidad\11vo semestre\APM\Gemelo digital\gemelo\Linea_2_Y_3\sistema_impactguard_h3120_s60_t30_361952392
! SUMMARY-   
! SUMMARY-  Summary of Unigraphics Part Entities
! SUMMARY-   
! SUMMARY-  Entities Processed             Count
! SUMMARY-  ------------------             -----
! SUMMARY-  Solid/Sheet .................:     1
! SUMMARY-                                 -----
! SUMMARY-  Total                              1
! STATUS-   Creating the UG part (Phase 3 of 3): 12-JUL-2026  12:04:23 PM
! INFO-     Filing Part ..: D:\Universidad\11vo semestre\APM\Gemelo digital\gemelo\Linea_2_Y_3\sistema_impactguard_h3120_s60_t30_351952391
! SUMMARY-   
! SUMMARY-  Summary of Unigraphics Part Entities
! SUMMARY-   
! SUMMARY-  Entities Processed             Count
! SUMMARY-  ------------------             -----
! SUMMARY-  Solid/Sheet .................:     1
! SUMMARY-                                 -----
! SUMMARY-  Total                              1
! STATUS-   Creating the UG part (Phase 3 of 3): 12-JUL-2026  12:04:23 PM
! INFO-     Filing Part ..: D:\Universidad\11vo semestre\APM\Gemelo digital\gemelo\Linea_2_Y_3\sistema_impactguard_h3120_s60_t30_341952390
! SUMMARY-   
! SUMMARY-  Summary of Unigraphics Part Entities
! SUMMARY-   
! SUMMARY-  Entities Processed             Count
! SUMMARY-  ------------------             -----
! SUMMARY-  Solid/Sheet .................:     1
! SUMMARY-                                 -----
! SUMMARY-  Total                              1
! STATUS-   Creating the UG part (Phase 3 of 3): 12-JUL-2026  12:04:23 PM
! INFO-     Filing Part ..: D:\Universidad\11vo semestre\APM\Gemelo digital\gemelo\Linea_2_Y_3\sistema_impactguard_h3120_s60_t30_331952389
! SUMMARY-   
! SUMMARY-  Summary of Unigraphics Part Entities
! SUMMARY-   
! SUMMARY-  Entities Processed             Count
! SUMMARY-  ------------------             -----
! SUMMARY-  Solid/Sheet .................:     1
! SUMMARY-                                 -----
! SUMMARY-  Total                              1
! STATUS-   Creating the UG part (Phase 3 of 3): 12-JUL-2026  12:04:24 PM
! INFO-     Filing Part ..: D:\Universidad\11vo semestre\APM\Gemelo digital\gemelo\Linea_2_Y_3\sistema_impactguard_h3120_s60_t30_311952388
! SUMMARY-   
! SUMMARY-  Summary of Unigraphics Part Entities
! SUMMARY-   
! SUMMARY-  Entities Processed             Count
! SUMMARY-  ------------------             -----
! SUMMARY-  Solid/Sheet .................:     1
! SUMMARY-                                 -----
! SUMMARY-  Total                              1
! STATUS-   Creating the UG part (Phase 3 of 3): 12-JUL-2026  12:04:24 PM
! INFO-     Filing Part ..: D:\Universidad\11vo semestre\APM\Gemelo digital\gemelo\Linea_2_Y_3\sistema_impactguard_h3120_s60_t30_291952387
! SUMMARY-   
! SUMMARY-  Summary of Unigraphics Part Entities
! SUMMARY-   
! SUMMARY-  Entities Processed             Count
! SUMMARY-  ------------------             -----
! SUMMARY-  Solid/Sheet .................:     1
! SUMMARY-                                 -----
! SUMMARY-  Total                              1
! STATUS-   Creating the UG part (Phase 3 of 3): 12-JUL-2026  12:04:24 PM
! INFO-     Filing Part ..: D:\Universidad\11vo semestre\APM\Gemelo digital\gemelo\Linea_2_Y_3\sistema_impactguard_h3120_s60_t30_281952386
! SUMMARY-   
! SUMMARY-  Summary of Unigraphics Part Entities
! SUMMARY-   
! SUMMARY-  Entities Processed             Count
! SUMMARY-  ------------------             -----
! SUMMARY-  Solid/Sheet .................:     1
! SUMMARY-                                 -----
! SUMMARY-  Total                              1
! STATUS-   Creating the UG part (Phase 3 of 3): 12-JUL-2026  12:04:24 PM
! INFO-     Filing Part ..: D:\Universidad\11vo semestre\APM\Gemelo digital\gemelo\Linea_2_Y_3\sistema_impactguard_h3120_s60_t30_271952385
! SUMMARY-   
! SUMMARY-  Summary of Unigraphics Part Entities
! SUMMARY-   
! SUMMARY-  Entities Processed             Count
! SUMMARY-  ------------------             -----
! SUMMARY-  Solid/Sheet .................:     1
! SUMMARY-                                 -----
! SUMMARY-  Total                              1
! STATUS-   Creating the UG part (Phase 3 of 3): 12-JUL-2026  12:04:24 PM
! INFO-     Filing Part ..: D:\Universidad\11vo semestre\APM\Gemelo digital\gemelo\Linea_2_Y_3\sistema_impactguard_h3120_s60_t30_261952384
! SUMMARY-   
! SUMMARY-  Summary of Unigraphics Part Entities
! SUMMARY-   
! SUMMARY-  Entities Processed             Count
! SUMMARY-  ------------------             -----
! SUMMARY-  Solid/Sheet .................:     1
! SUMMARY-                                 -----
! SUMMARY-  Total                              1
! STATUS-   Creating the UG part (Phase 3 of 3): 12-JUL-2026  12:04:24 PM
! INFO-     Filing Part ..: D:\Universidad\11vo semestre\APM\Gemelo digital\gemelo\Linea_2_Y_3\sistema_impactguard_h3120_s60_t30_251952383
! SUMMARY-   
! SUMMARY-  Summary of Unigraphics Part Entities
! SUMMARY-   
! SUMMARY-  Entities Processed             Count
! SUMMARY-  ------------------             -----
! SUMMARY-  Solid/Sheet .................:     1
! SUMMARY-                                 -----
! SUMMARY-  Total                              1
! STATUS-   Creating the UG part (Phase 3 of 3): 12-JUL-2026  12:04:24 PM
! INFO-     Filing Part ..: D:\Universidad\11vo semestre\APM\Gemelo digital\gemelo\Linea_2_Y_3\sistema_impactguard_h3120_s60_t30_151952382
! SUMMARY-   
! SUMMARY-  Summary of Unigraphics Part Entities
! SUMMARY-   
! SUMMARY-  Entities Processed             Count
! SUMMARY-  ------------------             -----
! SUMMARY-  Solid/Sheet .................:     1
! SUMMARY-                                 -----
! SUMMARY-  Total                              1
! STATUS-   Creating the UG part (Phase 3 of 3): 12-JUL-2026  12:04:24 PM
! INFO-     Filing Part ..: D:\Universidad\11vo semestre\APM\Gemelo digital\gemelo\Linea_2_Y_3\sistema_impactguard_h3120_s60_t30_141952381
! SUMMARY-   
! SUMMARY-  Summary of Unigraphics Part Entities
! SUMMARY-   
! SUMMARY-  Entities Processed             Count
! SUMMARY-  ------------------             -----
! SUMMARY-  Solid/Sheet .................:     1
! SUMMARY-                                 -----
! SUMMARY-  Total                              1
! STATUS-   Creating the UG part (Phase 3 of 3): 12-JUL-2026  12:04:25 PM
! INFO-     Filing Part ..: D:\Universidad\11vo semestre\APM\Gemelo digital\gemelo\Linea_2_Y_3\sistema_impactguard_h3120_s60_t30_131952380
! SUMMARY-   
! SUMMARY-  Summary of Unigraphics Part Entities
! SUMMARY-   
! SUMMARY-  Entities Processed             Count
! SUMMARY-  ------------------             -----
! SUMMARY-  Solid/Sheet .................:     1
! SUMMARY-                                 -----
! SUMMARY-  Total                              1
! STATUS-   Creating the UG part (Phase 3 of 3): 12-JUL-2026  12:04:25 PM
! INFO-     Filing Part ..: D:\Universidad\11vo semestre\APM\Gemelo digital\gemelo\Linea_2_Y_3\sistema_impactguard_h3120_s60_t30_121952379
! SUMMARY-   
! SUMMARY-  Summary of Unigraphics Part Entities
! SUMMARY-   
! SUMMARY-  Entities Processed             Count
! SUMMARY-  ------------------             -----
! SUMMARY-  Solid/Sheet .................:     1
! SUMMARY-                                 -----
! SUMMARY-  Total                              1
! STATUS-   Creating the UG part (Phase 3 of 3): 12-JUL-2026  12:04:25 PM
! INFO-     Filing Part ..: D:\Universidad\11vo semestre\APM\Gemelo digital\gemelo\Linea_2_Y_3\sistema_impactguard_h3120_s60_t30_111952378
! SUMMARY-   
! SUMMARY-  Summary of Unigraphics Part Entities
! SUMMARY-   
! SUMMARY-  Entities Processed             Count
! SUMMARY-  ------------------             -----
! SUMMARY-  Solid/Sheet .................:     1
! SUMMARY-                                 -----
! SUMMARY-  Total                              1
! STATUS-   Creating the UG part (Phase 3 of 3): 12-JUL-2026  12:04:25 PM
! INFO-     Filing Part ..: D:\Universidad\11vo semestre\APM\Gemelo digital\gemelo\Linea_2_Y_3\sistema_impactguard_h3120_s60_t30_101952377
! SUMMARY-   
! SUMMARY-  Summary of Unigraphics Part Entities
! SUMMARY-   
! SUMMARY-  Entities Processed             Count
! SUMMARY-  ------------------             -----
! SUMMARY-  Solid/Sheet .................:     1
! SUMMARY-                                 -----
! SUMMARY-  Total                              1
! STATUS-   Creating the UG part (Phase 3 of 3): 12-JUL-2026  12:04:25 PM
! INFO-     Filing Part ..: D:\Universidad\11vo semestre\APM\Gemelo digital\gemelo\Linea_2_Y_3\sistema_impactguard_h3120_s60_t30_091952376
! SUMMARY-   
! SUMMARY-  Summary of Unigraphics Part Entities
! SUMMARY-   
! SUMMARY-  Entities Processed             Count
! SUMMARY-  ------------------             -----
! SUMMARY-  Solid/Sheet .................:     1
! SUMMARY-                                 -----
! SUMMARY-  Total                              1
! STATUS-   Creating the UG part (Phase 3 of 3): 12-JUL-2026  12:04:25 PM
! INFO-     Filing Part ..: D:\Universidad\11vo semestre\APM\Gemelo digital\gemelo\Linea_2_Y_3\sistema_impactguard_h3120_s60_t30_081952375
! SUMMARY-   
! SUMMARY-  Summary of Unigraphics Part Entities
! SUMMARY-   
! SUMMARY-  Entities Processed             Count
! SUMMARY-  ------------------             -----
! SUMMARY-  Solid/Sheet .................:     1
! SUMMARY-                                 -----
! SUMMARY-  Total                              1
! STATUS-   Creating the UG part (Phase 3 of 3): 12-JUL-2026  12:04:25 PM
! INFO-     Filing Part ..: D:\Universidad\11vo semestre\APM\Gemelo digital\gemelo\Linea_2_Y_3\sistema_impactguard_h3120_s60_t30_071952374
! SUMMARY-   
! SUMMARY-  Summary of Unigraphics Part Entities
! SUMMARY-   
! SUMMARY-  Entities Processed             Count
! SUMMARY-  ------------------             -----
! SUMMARY-  Solid/Sheet .................:     1
! SUMMARY-                                 -----
! SUMMARY-  Total                              1
! STATUS-   Creating the UG part (Phase 3 of 3): 12-JUL-2026  12:04:25 PM
! INFO-     Filing Part ..: D:\Universidad\11vo semestre\APM\Gemelo digital\gemelo\Linea_2_Y_3\sistema_impactguard_h3120_s60_t30_031952373
! SUMMARY-   
! SUMMARY-  Summary of Unigraphics Part Entities
! SUMMARY-   
! SUMMARY-  Entities Processed             Count
! SUMMARY-  ------------------             -----
! SUMMARY-  Solid/Sheet .................:     1
! SUMMARY-                                 -----
! SUMMARY-  Total                              1
! STATUS-   Creating the UG part (Phase 3 of 3): 12-JUL-2026  12:04:26 PM
! INFO-     Filing Part ..: D:\Universidad\11vo semestre\APM\Gemelo digital\gemelo\Linea_2_Y_3\sistema_impactguard_h3120_s60_t30_021952372
! SUMMARY-   
! SUMMARY-  Summary of Unigraphics Part Entities
! SUMMARY-   
! SUMMARY-  Entities Processed             Count
! SUMMARY-  ------------------             -----
! SUMMARY-  Solid/Sheet .................:     1
! SUMMARY-                                 -----
! SUMMARY-  Total                              1
! STATUS-   Creating the UG part (Phase 3 of 3): 12-JUL-2026  12:04:26 PM
! INFO-     Filing Part ..: D:\Universidad\11vo semestre\APM\Gemelo digital\gemelo\Linea_2_Y_3\sistema_impactguard_h3120_s60_t30_011952371
! SUMMARY-   
! SUMMARY-  Summary of Unigraphics Part Entities
! SUMMARY-   
! SUMMARY-  Entities Processed             Count
! SUMMARY-  ------------------             -----
! SUMMARY-  Solid/Sheet .................:     1
! SUMMARY-                                 -----
! SUMMARY-  Total                              1
! STATUS-   Creating the UG part (Phase 3 of 3): 12-JUL-2026  12:04:26 PM
! INFO-     Filing Part ..: D:\Universidad\11vo semestre\APM\Gemelo digital\gemelo\Linea_2_Y_3\Roller Conveyor for Palet (Width 1200mm x 1500kg)1952369
! SUMMARY-   
! SUMMARY-  Summary of Unigraphics Part Entities
! SUMMARY-   
! SUMMARY-  Entities Processed             Count
! SUMMARY-  ------------------             -----
! SUMMARY-  Point .......................:    55
! SUMMARY-  Line ........................:    28
! SUMMARY-  Arc/Circle ..................:    49
! SUMMARY-  Solid/Sheet .................:  1172
! SUMMARY-                                 -----
! SUMMARY-  Total                           1304
! STATUS-   Creating the UG part (Phase 3 of 3): 12-JUL-2026  12:04:41 PM
! INFO-     Filing Part ..: D:\Universidad\11vo semestre\APM\Gemelo digital\gemelo\Linea_2_Y_3\Floor1952368
! SUMMARY-   
! SUMMARY-  Summary of Unigraphics Part Entities
! SUMMARY-   
! SUMMARY-  Entities Processed             Count
! SUMMARY-  ------------------             -----
! SUMMARY-  Solid/Sheet .................:     1
! SUMMARY-                                 -----
! SUMMARY-  Total                              1
! STATUS-   Creating the UG part (Phase 3 of 3): 12-JUL-2026  12:04:41 PM
! INFO-     Filing Part ..: D:\Universidad\11vo semestre\APM\Gemelo digital\gemelo\Linea_2_Y_3\PL21952367
! SUMMARY-   
! SUMMARY-  Summary of Unigraphics Part Entities
! SUMMARY-   
! SUMMARY-  Entities Processed             Count
! SUMMARY-  ------------------             -----
! SUMMARY-  Solid/Sheet .................:    13
! SUMMARY-                                 -----
! SUMMARY-  Total                             13
! STATUS-   Creating the UG part (Phase 3 of 3): 12-JUL-2026  12:04:41 PM
! INFO-     Filing Part ..: D:\Universidad\11vo semestre\APM\Gemelo digital\gemelo\Linea_2_Y_3\PL11952366
! SUMMARY-   
! SUMMARY-  Summary of Unigraphics Part Entities
! SUMMARY-   
! SUMMARY-  Entities Processed             Count
! SUMMARY-  ------------------             -----
! SUMMARY-  Solid/Sheet .................:    11
! SUMMARY-                                 -----
! SUMMARY-  Total                             11
! STATUS-   Creating the UG part (Phase 3 of 3): 12-JUL-2026  12:04:42 PM
! INFO-     Filing Part ..: D:\Universidad\11vo semestre\APM\Gemelo digital\gemelo\Linea_2_Y_3\Flange1952365
! SUMMARY-   
! SUMMARY-  Summary of Unigraphics Part Entities
! SUMMARY-   
! SUMMARY-  Entities Processed             Count
! SUMMARY-  ------------------             -----
! SUMMARY-  Solid/Sheet .................:    14
! SUMMARY-                                 -----
! SUMMARY-  Total                             14
! STATUS-   Creating the UG part (Phase 3 of 3): 12-JUL-2026  12:04:42 PM
! INFO-     Filing Part ..: D:\Universidad\11vo semestre\APM\Gemelo digital\gemelo\Linea_2_Y_3\MU_3001952363
! SUMMARY-   
! SUMMARY-  Summary of Unigraphics Part Entities
! SUMMARY-   
! SUMMARY-  Entities Processed             Count
! SUMMARY-  ------------------             -----
! SUMMARY-  Solid/Sheet .................:     1
! SUMMARY-                                 -----
! SUMMARY-  Total                              1
! STATUS-   Creating the UG part (Phase 3 of 3): 12-JUL-2026  12:04:43 PM
! INFO-     Filing Part ..: D:\Universidad\11vo semestre\APM\Gemelo digital\gemelo\Linea_2_Y_3\R039980006_28591952362
! SUMMARY-   
! SUMMARY-  Summary of Unigraphics Part Entities
! SUMMARY-   
! SUMMARY-  Entities Processed             Count
! SUMMARY-  ------------------             -----
! SUMMARY-  Solid/Sheet .................:     1
! SUMMARY-                                 -----
! SUMMARY-  Total                              1
! STATUS-   Creating the UG part (Phase 3 of 3): 12-JUL-2026  12:04:43 PM
! INFO-     Filing Part ..: D:\Universidad\11vo semestre\APM\Gemelo digital\gemelo\Linea_2_Y_3\REXROTH_LOGO_WAVE_3D_GR_11952360
! SUMMARY-   
! SUMMARY-  Summary of Unigraphics Part Entities
! SUMMARY-   
! SUMMARY-  Entities Processed             Count
! SUMMARY-  ------------------             -----
! SUMMARY-  Solid/Sheet .................:     7
! SUMMARY-                                 -----
! SUMMARY-  Total                              7
! STATUS-   Creating the UG part (Phase 3 of 3): 12-JUL-2026  12:04:43 PM
! INFO-     Filing Part ..: D:\Universidad\11vo semestre\APM\Gemelo digital\gemelo\Linea_2_Y_3\REXROTH_CKK280__ABD1952359
! SUMMARY-   
! SUMMARY-  Summary of Unigraphics Part Entities
! SUMMARY-   
! SUMMARY-  Entities Processed             Count
! SUMMARY-  ------------------             -----
! SUMMARY-  Solid/Sheet .................:     1
! SUMMARY-                                 -----
! SUMMARY-  Total                              1
! STATUS-   Creating the UG part (Phase 3 of 3): 12-JUL-2026  12:04:43 PM
! INFO-     Filing Part ..: D:\Universidad\11vo semestre\APM\Gemelo digital\gemelo\Linea_2_Y_3\R037270006_Z1952358
! SUMMARY-   
! SUMMARY-  Summary of Unigraphics Part Entities
! SUMMARY-   
! SUMMARY-  Entities Processed             Count
! SUMMARY-  ------------------             -----
! SUMMARY-  Solid/Sheet .................:     2
! SUMMARY-                                 -----
! SUMMARY-  Total                              2
! STATUS-   Creating the UG part (Phase 3 of 3): 12-JUL-2026  12:04:43 PM
! INFO-     Filing Part ..: D:\Universidad\11vo semestre\APM\Gemelo digital\gemelo\Linea_2_Y_3\R037270005_Z1952357
! SUMMARY-   
! SUMMARY-  Summary of Unigraphics Part Entities
! SUMMARY-   
! SUMMARY-  Entities Processed             Count
! SUMMARY-  ------------------             -----
! SUMMARY-  Solid/Sheet .................:     7
! SUMMARY-                                 -----
! SUMMARY-  Total                              7
! STATUS-   Creating the UG part (Phase 3 of 3): 12-JUL-2026  12:04:44 PM
! INFO-     Filing Part ..: D:\Universidad\11vo semestre\APM\Gemelo digital\gemelo\Linea_2_Y_3\REXROTH_CKK280__HK1952356
! SUMMARY-   
! SUMMARY-  Summary of Unigraphics Part Entities
! SUMMARY-   
! SUMMARY-  Entities Processed             Count
! SUMMARY-  ------------------             -----
! SUMMARY-  Solid/Sheet .................:     1
! SUMMARY-                                 -----
! SUMMARY-  Total                              1
! STATUS-   Creating the UG part (Phase 3 of 3): 12-JUL-2026  12:04:44 PM
! INFO-     Filing Part ..: D:\Universidad\11vo semestre\APM\Gemelo digital\gemelo\Linea_2_Y_3\REXROTH_CKK280__SPDL1952355
! SUMMARY-   
! SUMMARY-  Summary of Unigraphics Part Entities
! SUMMARY-   
! SUMMARY-  Entities Processed             Count
! SUMMARY-  ------------------             -----
! SUMMARY-  Solid/Sheet .................:     1
! SUMMARY-                                 -----
! SUMMARY-  Total                              1
! STATUS-   Creating the UG part (Phase 3 of 3): 12-JUL-2026  12:04:44 PM
! INFO-     Filing Part ..: D:\Universidad\11vo semestre\APM\Gemelo digital\gemelo\Linea_2_Y_3\R037570010_Z1952352
! SUMMARY-   
! SUMMARY-  Summary of Unigraphics Part Entities
! SUMMARY-   
! SUMMARY-  Entities Processed             Count
! SUMMARY-  ------------------             -----
! SUMMARY-  Solid/Sheet .................:     7
! SUMMARY-                                 -----
! SUMMARY-  Total                              7
! STATUS-   Creating the UG part (Phase 3 of 3): 12-JUL-2026  12:04:44 PM
! INFO-     Filing Part ..: D:\Universidad\11vo semestre\APM\Gemelo digital\gemelo\Linea_2_Y_3\R037371017_11952351
! SUMMARY-   
! SUMMARY-  Summary of Unigraphics Part Entities
! SUMMARY-   
! SUMMARY-  Entities Processed             Count
! SUMMARY-  ------------------             -----
! SUMMARY-  Solid/Sheet .................:    25
! SUMMARY-                                 -----
! SUMMARY-  Total                             25
! STATUS-   Creating the UG part (Phase 3 of 3): 12-JUL-2026  12:04:45 PM
! INFO-     Filing Part ..: D:\Universidad\11vo semestre\APM\Gemelo digital\gemelo\Linea_2_Y_3\R037371017_21952350
! SUMMARY-   
! SUMMARY-  Summary of Unigraphics Part Entities
! SUMMARY-   
! SUMMARY-  Entities Processed             Count
! SUMMARY-  ------------------             -----
! SUMMARY-  Solid/Sheet .................:    24
! SUMMARY-                                 -----
! SUMMARY-  Total                             24
! STATUS-   Creating the UG part (Phase 3 of 3): 12-JUL-2026  12:04:45 PM
! INFO-     Filing Part ..: D:\Universidad\11vo semestre\APM\Gemelo digital\gemelo\Linea_2_Y_3\R037570020_Z1952349
! SUMMARY-   
! SUMMARY-  Summary of Unigraphics Part Entities
! SUMMARY-   
! SUMMARY-  Entities Processed             Count
! SUMMARY-  ------------------             -----
! SUMMARY-  Solid/Sheet .................:     1
! SUMMARY-                                 -----
! SUMMARY-  Total                              1
! STATUS-   Creating the UG part (Phase 3 of 3): 12-JUL-2026  12:04:45 PM
! INFO-     Filing Part ..: D:\Universidad\11vo semestre\APM\Gemelo digital\gemelo\Linea_2_Y_3\R037370030_Z1952348
! SUMMARY-   
! SUMMARY-  Summary of Unigraphics Part Entities
! SUMMARY-   
! SUMMARY-  Entities Processed             Count
! SUMMARY-  ------------------             -----
! SUMMARY-  Solid/Sheet .................:    17
! SUMMARY-                                 -----
! SUMMARY-  Total                             17
! STATUS-   Creating the UG part (Phase 3 of 3): 12-JUL-2026  12:04:45 PM
! INFO-     Filing Part ..: D:\Universidad\11vo semestre\APM\Gemelo digital\gemelo\Linea_2_Y_3\Acople1952347
! SUMMARY-   
! SUMMARY-  Summary of Unigraphics Part Entities
! SUMMARY-   
! SUMMARY-  Entities Processed             Count
! SUMMARY-  ------------------             -----
! SUMMARY-  Solid/Sheet .................:     1
! SUMMARY-                                 -----
! SUMMARY-  Total                              1
! STATUS-   Creating the UG part (Phase 3 of 3): 12-JUL-2026  12:04:45 PM
! INFO-     Filing Part ..: D:\Universidad\11vo semestre\APM\Gemelo digital\gemelo\Linea_2_Y_3\ab1151-p04034900861952345
! SUMMARY-   
! SUMMARY-  Summary of Unigraphics Part Entities
! SUMMARY-   
! SUMMARY-  Entities Processed             Count
! SUMMARY-  ------------------             -----
! SUMMARY-  Solid/Sheet .................:    15
! SUMMARY-                                 -----
! SUMMARY-  Total                             15
! STATUS-   Creating the UG part (Phase 3 of 3): 12-JUL-2026  12:04:46 PM
! INFO-     Filing Part ..: D:\Universidad\11vo semestre\APM\Gemelo digital\gemelo\Linea_2_Y_3\MU_200_rev031952344
! SUMMARY-   
! SUMMARY-  Summary of Unigraphics Part Entities
! SUMMARY-   
! SUMMARY-  Entities Processed             Count
! SUMMARY-  ------------------             -----
! SUMMARY-  Solid/Sheet .................:     1
! SUMMARY-                                 -----
! SUMMARY-  Total                              1
! STATUS-   Creating the UG part (Phase 3 of 3): 12-JUL-2026  12:04:47 PM
! INFO-     Filing Part ..: D:\Universidad\11vo semestre\APM\Gemelo digital\gemelo\Linea_2_Y_3\Soporte1952343
! SUMMARY-   
! SUMMARY-  Summary of Unigraphics Part Entities
! SUMMARY-   
! SUMMARY-  Entities Processed             Count
! SUMMARY-  ------------------             -----
! SUMMARY-  Solid/Sheet .................:     1
! SUMMARY-                                 -----
! SUMMARY-  Total                              1
! STATUS-   Creating the UG part (Phase 3 of 3): 12-JUL-2026  12:04:47 PM
! INFO-     Filing Part ..: D:\Universidad\11vo semestre\APM\Gemelo digital\gemelo\Linea_2_Y_3\R039980006_51101952342
! SUMMARY-   
! SUMMARY-  Summary of Unigraphics Part Entities
! SUMMARY-   
! SUMMARY-  Entities Processed             Count
! SUMMARY-  ------------------             -----
! SUMMARY-  Solid/Sheet .................:     1
! SUMMARY-                                 -----
! SUMMARY-  Total                              1
! STATUS-   Creating the UG part (Phase 3 of 3): 12-JUL-2026  12:04:47 PM
! INFO-     Filing Part ..: D:\Universidad\11vo semestre\APM\Gemelo digital\gemelo\Linea_2_Y_3\REXROTH_LOGO_WAVE_3D_GR1952340
! SUMMARY-   
! SUMMARY-  Summary of Unigraphics Part Entities
! SUMMARY-   
! SUMMARY-  Entities Processed             Count
! SUMMARY-  ------------------             -----
! SUMMARY-  Solid/Sheet .................:     7
! SUMMARY-                                 -----
! SUMMARY-  Total                              7
! STATUS-   Creating the UG part (Phase 3 of 3): 12-JUL-2026  12:04:47 PM
! INFO-     Filing Part ..: D:\Universidad\11vo semestre\APM\Gemelo digital\gemelo\Linea_2_Y_3\REXROTH_LOGO_WAVE_3D_GL1952339
! SUMMARY-   
! SUMMARY-  Summary of Unigraphics Part Entities
! SUMMARY-   
! SUMMARY-  Entities Processed             Count
! SUMMARY-  ------------------             -----
! SUMMARY-  Solid/Sheet .................:     7
! SUMMARY-                                 -----
! SUMMARY-  Total                              7
! STATUS-   Creating the UG part (Phase 3 of 3): 12-JUL-2026  12:04:47 PM
! INFO-     Filing Part ..: D:\Universidad\11vo semestre\APM\Gemelo digital\gemelo\Linea_2_Y_3\R036470000_5110_RIEM1952338
! SUMMARY-   
! SUMMARY-  Summary of Unigraphics Part Entities
! SUMMARY-   
! SUMMARY-  Entities Processed             Count
! SUMMARY-  ------------------             -----
! SUMMARY-  Solid/Sheet .................:     2
! SUMMARY-                                 -----
! SUMMARY-  Total                              2
! STATUS-   Creating the UG part (Phase 3 of 3): 12-JUL-2026  12:04:47 PM
! INFO-     Filing Part ..: D:\Universidad\11vo semestre\APM\Gemelo digital\gemelo\Linea_2_Y_3\R037270020_Z1952337
! SUMMARY-   
! SUMMARY-  Summary of Unigraphics Part Entities
! SUMMARY-   
! SUMMARY-  Entities Processed             Count
! SUMMARY-  ------------------             -----
! SUMMARY-  Solid/Sheet .................:     1
! SUMMARY-                                 -----
! SUMMARY-  Total                              1
! STATUS-   Creating the UG part (Phase 3 of 3): 12-JUL-2026  12:04:48 PM
! INFO-     Filing Part ..: D:\Universidad\11vo semestre\APM\Gemelo digital\gemelo\Linea_2_Y_3\R037170000_Z_AF01952336
! SUMMARY-   
! SUMMARY-  Summary of Unigraphics Part Entities
! SUMMARY-   
! SUMMARY-  Entities Processed             Count
! SUMMARY-  ------------------             -----
! SUMMARY-  Solid/Sheet .................:     5
! SUMMARY-                                 -----
! SUMMARY-  Total                              5
! STATUS-   Creating the UG part (Phase 3 of 3): 12-JUL-2026  12:04:48 PM
! INFO-     Filing Part ..: D:\Universidad\11vo semestre\APM\Gemelo digital\gemelo\Linea_2_Y_3\R036470000_5110_HK1952335
! SUMMARY-   
! SUMMARY-  Summary of Unigraphics Part Entities
! SUMMARY-   
! SUMMARY-  Entities Processed             Count
! SUMMARY-  ------------------             -----
! SUMMARY-  Solid/Sheet .................:     1
! SUMMARY-                                 -----
! SUMMARY-  Total                              1
! STATUS-   Creating the UG part (Phase 3 of 3): 12-JUL-2026  12:04:48 PM
! INFO-     Filing Part ..: D:\Universidad\11vo semestre\APM\Gemelo digital\gemelo\Linea_2_Y_3\REXROTH_CKK280__KK_RE_ASM1952361
! SUMMARY-   
! SUMMARY-  Summary of Unigraphics Part Entities
! SUMMARY-   
! SUMMARY-  Entities Processed             Count
! SUMMARY-  ------------------             -----
! SUMMARY-  Component ...................:     1
! SUMMARY-                                 -----
! SUMMARY-  Total                              1
! STATUS-   Creating the UG part (Phase 3 of 3): 12-JUL-2026  12:04:48 PM
! INFO-     Filing Part ..: D:\Universidad\11vo semestre\APM\Gemelo digital\gemelo\Linea_2_Y_3\Rexroth_CKK280_S2200_AxisZ1952354
! SUMMARY-   
! SUMMARY-  Summary of Unigraphics Part Entities
! SUMMARY-   
! SUMMARY-  Entities Processed             Count
! SUMMARY-  ------------------             -----
! SUMMARY-  Component ...................:     7
! SUMMARY-                                 -----
! SUMMARY-  Total                              7
! STATUS-   Creating the UG part (Phase 3 of 3): 12-JUL-2026  12:04:48 PM
! INFO-     Filing Part ..: D:\Universidad\11vo semestre\APM\Gemelo digital\gemelo\Linea_2_Y_3\Link21952353
! SUMMARY-   
! SUMMARY-  Summary of Unigraphics Part Entities
! SUMMARY-   
! SUMMARY-  Entities Processed             Count
! SUMMARY-  ------------------             -----
! SUMMARY-  Component ...................:     2
! SUMMARY-                                 -----
! SUMMARY-  Total                              2
! STATUS-   Creating the UG part (Phase 3 of 3): 12-JUL-2026  12:04:49 PM
! INFO-     Filing Part ..: D:\Universidad\11vo semestre\APM\Gemelo digital\gemelo\Linea_2_Y_3\Link11952346
! SUMMARY-   
! SUMMARY-  Summary of Unigraphics Part Entities
! SUMMARY-   
! SUMMARY-  Entities Processed             Count
! SUMMARY-  ------------------             -----
! SUMMARY-  Component ...................:     6
! SUMMARY-                                 -----
! SUMMARY-  Total                              6
! STATUS-   Creating the UG part (Phase 3 of 3): 12-JUL-2026  12:04:49 PM
! INFO-     Filing Part ..: D:\Universidad\11vo semestre\APM\Gemelo digital\gemelo\Linea_2_Y_3\R036470000_5110_CKX_RE_ASM1952341
! SUMMARY-   
! SUMMARY-  Summary of Unigraphics Part Entities
! SUMMARY-   
! SUMMARY-  Entities Processed             Count
! SUMMARY-  ------------------             -----
! SUMMARY-  Component ...................:     1
! SUMMARY-                                 -----
! SUMMARY-  Total                              1
! STATUS-   Creating the UG part (Phase 3 of 3): 12-JUL-2026  12:04:49 PM
! INFO-     Filing Part ..: D:\Universidad\11vo semestre\APM\Gemelo digital\gemelo\Linea_2_Y_3\Rexroth_CKR280_S4600_AxisX1952334
! SUMMARY-   
! SUMMARY-  Summary of Unigraphics Part Entities
! SUMMARY-   
! SUMMARY-  Entities Processed             Count
! SUMMARY-  ------------------             -----
! SUMMARY-  Component ...................:     7
! SUMMARY-                                 -----
! SUMMARY-  Total                              7
! STATUS-   Creating the UG part (Phase 3 of 3): 12-JUL-2026  12:04:49 PM
! INFO-     Filing Part ..: D:\Universidad\11vo semestre\APM\Gemelo digital\gemelo\Linea_2_Y_3\Link01952333
! SUMMARY-   
! SUMMARY-  Summary of Unigraphics Part Entities
! SUMMARY-   
! SUMMARY-  Entities Processed             Count
! SUMMARY-  ------------------             -----
! SUMMARY-  Component ...................:     5
! SUMMARY-                                 -----
! SUMMARY-  Total                              5
! STATUS-   Creating the UG part (Phase 3 of 3): 12-JUL-2026  12:04:49 PM
! INFO-     Filing Part ..: D:\Universidad\11vo semestre\APM\Gemelo digital\gemelo\Linea_2_Y_3\RGantry1952332
! SUMMARY-   
! SUMMARY-  Summary of Unigraphics Part Entities
! SUMMARY-   
! SUMMARY-  Entities Processed             Count
! SUMMARY-  ------------------             -----
! SUMMARY-  Component ...................:     3
! SUMMARY-                                 -----
! SUMMARY-  Total                              3
! STATUS-   Creating the UG part (Phase 3 of 3): 12-JUL-2026  12:04:49 PM
! INFO-     Filing Part ..: D:\Universidad\11vo semestre\APM\Gemelo digital\gemelo\Linea_2_Y_3\Gripper1952364
! SUMMARY-   
! SUMMARY-  Summary of Unigraphics Part Entities
! SUMMARY-   
! SUMMARY-  Entities Processed             Count
! SUMMARY-  ------------------             -----
! SUMMARY-  Component ...................:     5
! SUMMARY-                                 -----
! SUMMARY-  Total                              5
! STATUS-   Creating the UG part (Phase 3 of 3): 12-JUL-2026  12:04:49 PM
! INFO-     Filing Part ..: D:\Universidad\11vo semestre\APM\Gemelo digital\gemelo\Linea_2_Y_3\Fancemid1952424
! SUMMARY-   
! SUMMARY-  Summary of Unigraphics Part Entities
! SUMMARY-   
! SUMMARY-  Entities Processed             Count
! SUMMARY-  ------------------             -----
! SUMMARY-  Component ...................:    14
! SUMMARY-                                 -----
! SUMMARY-  Total                             14
! STATUS-   Creating the UG part (Phase 3 of 3): 12-JUL-2026  12:04:49 PM
! INFO-     Filing Part ..: D:\Universidad\11vo semestre\APM\Gemelo digital\gemelo\Linea_2_Y_3\PL1952439
! SUMMARY-   
! SUMMARY-  Summary of Unigraphics Part Entities
! SUMMARY-   
! SUMMARY-  Entities Processed             Count
! SUMMARY-  ------------------             -----
! SUMMARY-  Component ...................:    13
! SUMMARY-                                 -----
! SUMMARY-  Total                             13
! STATUS-   Creating the UG part (Phase 3 of 3): 12-JUL-2026  12:04:50 PM
! INFO-     Filing Part ..: D:\Universidad\11vo semestre\APM\Gemelo digital\gemelo\Linea_2_Y_3\sistema_impactguard_h3120_s60_t301952370
! SUMMARY-   
! SUMMARY-  Summary of Unigraphics Part Entities
! SUMMARY-   
! SUMMARY-  Entities Processed             Count
! SUMMARY-  ------------------             -----
! SUMMARY-  Component ...................:    55
! SUMMARY-                                 -----
! SUMMARY-  Total                             55
! STATUS-   Creating the UG part (Phase 3 of 3): 12-JUL-2026  12:04:50 PM
! INFO-     Filing Part ..: D:\Universidad\11vo semestre\APM\Gemelo digital\gemelo\Linea_2_Y_3\u403000000000001-3120-60-301952453
! SUMMARY-   
! SUMMARY-  Summary of Unigraphics Part Entities
! SUMMARY-   
! SUMMARY-  Entities Processed             Count
! SUMMARY-  ------------------             -----
! SUMMARY-  Component ...................:   122
! SUMMARY-                                 -----
! SUMMARY-  Total                            122
! STATUS-   Creating the UG part (Phase 3 of 3): 12-JUL-2026  12:04:51 PM
! INFO-     Filing Part ..: D:\Universidad\11vo semestre\APM\Gemelo digital\gemelo\Linea_2_Y_3\u6010070148000211952576
! SUMMARY-   
! SUMMARY-  Summary of Unigraphics Part Entities
! SUMMARY-   
! SUMMARY-  Entities Processed             Count
! SUMMARY-  ------------------             -----
! SUMMARY-  Component ...................:     7
! SUMMARY-                                 -----
! SUMMARY-  Total                              7
! STATUS-   Creating the UG part (Phase 3 of 3): 12-JUL-2026  12:04:51 PM
! INFO-     Filing Part ..: D:\Universidad\11vo semestre\APM\Gemelo digital\gemelo\Linea_2_Y_3\u6010100148000211952584
! SUMMARY-   
! SUMMARY-  Summary of Unigraphics Part Entities
! SUMMARY-   
! SUMMARY-  Entities Processed             Count
! SUMMARY-  ------------------             -----
! SUMMARY-  Component ...................:     6
! SUMMARY-                                 -----
! SUMMARY-  Total                              6
! STATUS-   Creating the UG part (Phase 3 of 3): 12-JUL-2026  12:04:51 PM
! INFO-     Filing Part ..: D:\Universidad\11vo semestre\APM\Gemelo digital\gemelo\Linea_2_Y_3\u6010080148000211952591
! SUMMARY-   
! SUMMARY-  Summary of Unigraphics Part Entities
! SUMMARY-   
! SUMMARY-  Entities Processed             Count
! SUMMARY-  ------------------             -----
! SUMMARY-  Component ...................:     6
! SUMMARY-                                 -----
! SUMMARY-  Total                              6
! STATUS-   Creating the UG part (Phase 3 of 3): 12-JUL-2026  12:04:51 PM
! INFO-     Filing Part ..: D:\Universidad\11vo semestre\APM\Gemelo digital\gemelo\Linea_2_Y_3\u6010030296000211952598
! SUMMARY-   
! SUMMARY-  Summary of Unigraphics Part Entities
! SUMMARY-   
! SUMMARY-  Entities Processed             Count
! SUMMARY-  ------------------             -----
! SUMMARY-  Component ...................:    38
! SUMMARY-                                 -----
! SUMMARY-  Total                             38
! STATUS-   Creating the UG part (Phase 3 of 3): 12-JUL-2026  12:04:52 PM
! INFO-     Filing Part ..: D:\Universidad\11vo semestre\APM\Gemelo digital\gemelo\Linea_2_Y_3\u6010020296000211952637
! SUMMARY-   
! SUMMARY-  Summary of Unigraphics Part Entities
! SUMMARY-   
! SUMMARY-  Entities Processed             Count
! SUMMARY-  ------------------             -----
! SUMMARY-  Component ...................:    38
! SUMMARY-                                 -----
! SUMMARY-  Total                             38
! STATUS-   Creating the UG part (Phase 3 of 3): 12-JUL-2026  12:04:52 PM
! INFO-     Filing Part ..: D:\Universidad\11vo semestre\APM\Gemelo digital\gemelo\Linea_2_Y_3\CL11952676
! SUMMARY-   
! SUMMARY-  Summary of Unigraphics Part Entities
! SUMMARY-   
! SUMMARY-  Entities Processed             Count
! SUMMARY-  ------------------             -----
! SUMMARY-  Component ...................:    33
! SUMMARY-                                 -----
! SUMMARY-  Total                             33
! STATUS-   Creating the UG part (Phase 3 of 3): 12-JUL-2026  12:04:52 PM
! INFO-     Filing Part ..: D:\Universidad\11vo semestre\APM\Gemelo digital\gemelo\Linea_2_Y_3\CL21952710
! SUMMARY-   
! SUMMARY-  Summary of Unigraphics Part Entities
! SUMMARY-   
! SUMMARY-  Entities Processed             Count
! SUMMARY-  ------------------             -----
! SUMMARY-  Component ...................:    33
! SUMMARY-                                 -----
! SUMMARY-  Total                             33
! STATUS-   Creating the UG part (Phase 3 of 3): 12-JUL-2026  12:04:52 PM
! INFO-     Filing Part ..: D:\Universidad\11vo semestre\APM\Gemelo digital\gemelo\Linea_2_Y_3\Canasta x30 llena1952746
! SUMMARY-   
! SUMMARY-  Summary of Unigraphics Part Entities
! SUMMARY-   
! SUMMARY-  Entities Processed             Count
! SUMMARY-  ------------------             -----
! SUMMARY-  Component ...................:    31
! SUMMARY-                                 -----
! SUMMARY-  Total                             31
! STATUS-   Creating the UG part (Phase 3 of 3): 12-JUL-2026  12:04:53 PM
! INFO-     Filing Part ..: D:\Universidad\11vo semestre\APM\Gemelo digital\gemelo\Linea_2_Y_3\Capa Pallet1952745
! SUMMARY-   
! SUMMARY-  Summary of Unigraphics Part Entities
! SUMMARY-   
! SUMMARY-  Entities Processed             Count
! SUMMARY-  ------------------             -----
! SUMMARY-  Component ...................:     9
! SUMMARY-                                 -----
! SUMMARY-  Total                              9
! STATUS-   Creating the UG part (Phase 3 of 3): 12-JUL-2026  12:04:55 PM
! INFO-     Filing Part ..: D:\Universidad\11vo semestre\APM\Gemelo digital\gemelo\Linea_2_Y_3\Pallet1C1952744
! SUMMARY-   
! SUMMARY-  Summary of Unigraphics Part Entities
! SUMMARY-   
! SUMMARY-  Entities Processed             Count
! SUMMARY-  ------------------             -----
! SUMMARY-  Component ...................:     2
! SUMMARY-                                 -----
! SUMMARY-  Total                              2
! STATUS-   Creating the UG part (Phase 3 of 3): 12-JUL-2026  12:04:57 PM
! INFO-     Filing Part ..: D:\Universidad\11vo semestre\APM\Gemelo digital\gemelo\Linea_2_Y_3\Pack_x61952752
! SUMMARY-   
! SUMMARY-  Summary of Unigraphics Part Entities
! SUMMARY-   
! SUMMARY-  Entities Processed             Count
! SUMMARY-  ------------------             -----
! SUMMARY-  Component ...................:     6
! SUMMARY-                                 -----
! SUMMARY-  Total                              6
! STATUS-   Creating the UG part (Phase 3 of 3): 12-JUL-2026  12:04:57 PM
! INFO-     Filing Part ..: D:\Universidad\11vo semestre\APM\Gemelo digital\gemelo\Linea_2_Y_3\Capa Pallet_11952751
! SUMMARY-   
! SUMMARY-  Summary of Unigraphics Part Entities
! SUMMARY-   
! SUMMARY-  Entities Processed             Count
! SUMMARY-  ------------------             -----
! SUMMARY-  Component ...................:    28
! SUMMARY-                                 -----
! SUMMARY-  Total                             28
! STATUS-   Creating the UG part (Phase 3 of 3): 12-JUL-2026  12:04:59 PM
! INFO-     Filing Part ..: D:\Universidad\11vo semestre\APM\Gemelo digital\gemelo\Linea_2_Y_3\Pallet1C_11952749
! SUMMARY-   
! SUMMARY-  Summary of Unigraphics Part Entities
! SUMMARY-   
! SUMMARY-  Entities Processed             Count
! SUMMARY-  ------------------             -----
! SUMMARY-  Component ...................:     2
! SUMMARY-                                 -----
! SUMMARY-  Total                              2
! STATUS-   Creating the UG part (Phase 3 of 3): 12-JUL-2026  12:05:01 PM
! INFO-     Filing Part ..: D:\Universidad\11vo semestre\APM\Gemelo digital\gemelo\Linea_2_Y_3\3544941952755
! SUMMARY-   
! SUMMARY-  Summary of Unigraphics Part Entities
! SUMMARY-   
! SUMMARY-  Entities Processed             Count
! SUMMARY-  ------------------             -----
! SUMMARY-  Component ...................:     2
! SUMMARY-                                 -----
! SUMMARY-  Total                              2
! STATUS-   Creating the UG part (Phase 3 of 3): 12-JUL-2026  12:05:02 PM
! INFO-     Filing Part ..: D:\Universidad\11vo semestre\APM\Gemelo digital\gemelo\Linea_2_Y_3\Control-Module_IRC5_rev01952758
! SUMMARY-   
! SUMMARY-  Summary of Unigraphics Part Entities
! SUMMARY-   
! SUMMARY-  Entities Processed             Count
! SUMMARY-  ------------------             -----
! SUMMARY-  Component ...................:     1
! SUMMARY-                                 -----
! SUMMARY-  Total                              1
! STATUS-   Creating the UG part (Phase 3 of 3): 12-JUL-2026  12:05:02 PM
! INFO-     Filing Part ..: D:\Universidad\11vo semestre\APM\Gemelo digital\gemelo\Linea_2_Y_3\nsys3dc55201952760
! SUMMARY-   
! SUMMARY-  Summary of Unigraphics Part Entities
! SUMMARY-   
! SUMMARY-  Entities Processed             Count
! SUMMARY-  ------------------             -----
! SUMMARY-  Component ...................:    14
! SUMMARY-                                 -----
! SUMMARY-  Total                             14
! STATUS-   Creating the UG part (Phase 3 of 3): 12-JUL-2026  12:05:02 PM
! INFO-     Filing Part ..: D:\Universidad\11vo semestre\APM\Gemelo digital\gemelo\Linea_2_Y_3\Celda_1_2_stp.prt
! SUMMARY-   
! SUMMARY-  Summary of Unigraphics Part Entities
! SUMMARY-   
! SUMMARY-  Entities Processed             Count
! SUMMARY-  ------------------             -----
! SUMMARY-  Component ...................:    47
! SUMMARY-                                 -----
! SUMMARY-  Total                             47
! INFO-      
! INFO-     Total number of solids input for this translation       :      1660
! INFO-      
! INFO-     Number of solids created without body validation faults :      1660
! INFO-      
! INFO-     Number of solids created with body validation fault(s)  :         0
! INFO-      
! INFO-     Number of solids ending up as sheet bodies              :         0
! INFO-      
! INFO-     End of Translation: 12-JUL-2026  12:05:14 PM
! INFO-      
